2026-09-22 09:51:02 INFO  [background-preinit] Version - HV000001: Hibernate Validator 9.1.0.Final
2026-09-22 09:51:02 INFO  [restartedMain] IndusPathFinderApplication - Starting IndusPathFinderApplication using Java 21.0.11 with PID 26628 (E:\Indus_Path_Finder(Git)\Induspathfinder\Development\BackEnd\IndusPathFinder\target\classes started by Bharath in E:\Indus_Path_Finder(Git)\Induspathfinder\Development\BackEnd\IndusPathFinder)
2026-09-22 09:51:02 INFO  [restartedMain] IndusPathFinderApplication - No active profile set, falling back to 1 default profile: "default"
2026-09-22 09:51:02 INFO  [restartedMain] DevToolsPropertyDefaultsPostProcessor - Devtools property defaults active! Set 'spring.devtools.add-properties' to 'false' to disable
2026-09-22 09:51:02 INFO  [restartedMain] DevToolsPropertyDefaultsPostProcessor - For additional web related logging consider setting the 'logging.level.web' property to 'DEBUG'
2026-09-22 09:51:04 INFO  [restartedMain] RepositoryConfigurationDelegate - Bootstrapping Spring Data JPA repositories in DEFAULT mode.
2026-09-22 09:51:04 INFO  [restartedMain] RepositoryConfigurationDelegate - Finished Spring Data repository scanning in 130 ms. Found 8 JPA repository interfaces.
2026-09-22 09:51:06 INFO  [restartedMain] TomcatWebServer - Tomcat initialized with port 8081 (http)
2026-09-22 09:51:06 INFO  [restartedMain] Http11NioProtocol - Initializing ProtocolHandler ["http-nio-0.0.0.0-8081"]
2026-09-22 09:51:06 INFO  [restartedMain] StandardService - Starting service [Tomcat]
2026-09-22 09:51:06 INFO  [restartedMain] StandardEngine - Starting Servlet engine: [Apache Tomcat/11.0.22]
2026-09-22 09:51:06 INFO  [restartedMain] WebApplicationContextInitializer - Root WebApplicationContext: initialization completed in 3237 ms
2026-09-22 09:51:06 INFO  [restartedMain] jpa - HHH008540: Processing PersistenceUnitInfo [name: default]
2026-09-22 09:51:06 INFO  [restartedMain] core - HHH000001: Hibernate ORM core version 7.4.1.Final
2026-09-22 09:51:07 INFO  [restartedMain] SpringPersistenceUnitInfo - No LoadTimeWeaver setup: ignoring JPA class transformer
2026-09-22 09:51:07 INFO  [restartedMain] HikariDataSource - HikariPool-1 - Starting...
2026-09-22 09:51:07 INFO  [restartedMain] HikariPool - HikariPool-1 - Added connection com.mysql.cj.jdbc.ConnectionImpl@6a2d0857
2026-09-22 09:51:07 INFO  [restartedMain] HikariDataSource - HikariPool-1 - Start completed.
2026-09-22 09:51:08 WARN  [restartedMain] deprecation - HHH90000025: MySQLDialect does not need to be specified explicitly using 'hibernate.dialect' (remove the property setting and it will be selected by default)
2026-09-22 09:51:08 INFO  [restartedMain] pooling - HHH10001005: Database info:
	Database JDBC URL [jdbc:mysql://localhost:3306/indus_path_finder]
	Database driver: MySQL Connector/J
	Database dialect: MySQLDialect
	Database version: 8.0.45
	Default catalog/schema: indus_path_finder/undefined
	Autocommit mode: undefined/unknown
	Isolation level: REPEATABLE_READ [default REPEATABLE_READ]
	JDBC fetch size: none
	Pool: DataSourceConnectionProvider
	Minimum pool size: undefined/unknown
	Maximum pool size: undefined/unknown
2026-09-22 09:51:09 INFO  [restartedMain] core - HHH000489: No JTA platform available (set 'hibernate.transaction.jta.platform' to enable JTA platform integration)
2026-09-22 09:51:10 INFO  [restartedMain] LocalContainerEntityManagerFactoryBean - Initialized JPA EntityManagerFactory for persistence unit 'default'
2026-09-22 09:51:10 INFO  [restartedMain] QueryEnhancerFactories - Hibernate is in classpath; If applicable, HQL parser will be used.
2026-09-22 09:51:12 INFO  [restartedMain] InitializeUserDetailsBeanManagerConfigurer$InitializeUserDetailsManagerConfigurer - Global AuthenticationManager configured with UserDetailsService bean with name userDetailsServiceImpl
2026-09-22 09:51:14 INFO  [restartedMain] Http11NioProtocol - Starting ProtocolHandler ["http-nio-0.0.0.0-8081"]
2026-09-22 09:51:14 INFO  [restartedMain] TomcatWebServer - Tomcat started on port 8081 (http) with context path '/'
2026-09-22 09:51:14 INFO  [restartedMain] IndusPathFinderApplication - Started IndusPathFinderApplication in 11.679 seconds (process running for 13.487)
2026-09-22 09:57:17 INFO  [http-nio-0.0.0.0-8081-exec-1] [/] - Initializing Spring DispatcherServlet 'dispatcherServlet'
2026-09-22 09:57:17 INFO  [http-nio-0.0.0.0-8081-exec-1] DispatcherServlet - Initializing Servlet 'dispatcherServlet'
2026-09-22 09:57:17 INFO  [http-nio-0.0.0.0-8081-exec-1] DispatcherServlet - Completed initialization in 22 ms
2026-09-22 09:57:20 INFO  [http-nio-0.0.0.0-8081-exec-2] AuditLogServiceImpl - Audit log stored. auditId=651, userId=1, username=Ranju Bhai
2026-09-22 09:57:20 INFO  [http-nio-0.0.0.0-8081-exec-2] AuditAspect - Audited successful method. class=AuthServiceImpl, method=login, action=LOGIN, screen=AUTHENTICATION, screenId=1, userId=1, username=Ranju Bhai
2026-09-22 09:57:21 INFO  [http-nio-0.0.0.0-8081-exec-6] DashboardServiceImpl - Project Manager dashboard fetched. userId=1, totalProjects=5, totalActivities=28, totalDependencies=20
2026-09-22 09:57:21 INFO  [http-nio-0.0.0.0-8081-exec-5] NotificationServiceImpl - Notifications fetched for userId=1. page=0, size=10, totalElements=0
2026-09-22 09:57:25 WARN  [http-nio-0.0.0.0-8081-exec-8] SpringDataJackson3Configuration$PageModule$WarningLoggingModifier - Serializing PageImpl instances as-is is not supported, meaning that there is no guarantee about the stability of the resulting JSON structure!
	For a stable JSON structure, please use Spring Data's PagedModel (globally via @EnableSpringDataWebSupport(pageSerializationMode = VIA_DTO))
	or Spring HATEOAS and Spring Data's PagedResourcesAssembler as documented in https://docs.spring.io/spring-data/commons/reference/repositories/core-extensions.html#core.web.pageables.

2026-09-22 09:58:21 INFO  [http-nio-0.0.0.0-8081-exec-10] NotificationServiceImpl - Notifications fetched for userId=1. page=0, size=10, totalElements=0
2026-09-22 09:59:21 INFO  [http-nio-0.0.0.0-8081-exec-3] NotificationServiceImpl - Notifications fetched for userId=1. page=0, size=10, totalElements=0
2026-09-22 10:00:21 INFO  [http-nio-0.0.0.0-8081-exec-6] NotificationServiceImpl - Notifications fetched for userId=1. page=0, size=10, totalElements=0
2026-09-22 10:38:14 INFO  [File Watcher] LocalDevToolsAutoConfiguration$RestartingClassPathChangeChangedEventListener - Restarting due to 2 class path changes (2 additions, 0 deletions, 0 modifications)
2026-09-22 10:38:14 INFO  [Thread-1] GracefulShutdown - Commencing graceful shutdown. Waiting for active requests to complete
2026-09-22 10:38:14 INFO  [tomcat-shutdown] Http11NioProtocol - Pausing ProtocolHandler ["http-nio-0.0.0.0-8081"]
2026-09-22 10:38:14 INFO  [tomcat-shutdown] GracefulShutdown - Graceful shutdown complete
2026-09-22 10:38:14 INFO  [Thread-1] Http11NioProtocol - Stopping ProtocolHandler ["http-nio-0.0.0.0-8081"]
2026-09-22 10:38:14 INFO  [Thread-1] LocalContainerEntityManagerFactoryBean - Closing JPA EntityManagerFactory for persistence unit 'default'
2026-09-22 10:38:14 INFO  [Thread-1] HikariDataSource - HikariPool-1 - Shutdown initiated...
2026-09-22 10:38:14 INFO  [Thread-1] HikariDataSource - HikariPool-1 - Shutdown completed.
2026-09-22 10:38:14 INFO  [restartedMain] IndusPathFinderApplication - Starting IndusPathFinderApplication using Java 21.0.11 with PID 26628 (E:\Indus_Path_Finder(Git)\Induspathfinder\Development\BackEnd\IndusPathFinder\target\classes started by Bharath in E:\Indus_Path_Finder(Git)\Induspathfinder\Development\BackEnd\IndusPathFinder)
2026-09-22 10:38:14 INFO  [restartedMain] IndusPathFinderApplication - No active profile set, falling back to 1 default profile: "default"
2026-09-22 10:38:15 INFO  [restartedMain] RepositoryConfigurationDelegate - Bootstrapping Spring Data JPA repositories in DEFAULT mode.
2026-09-22 10:38:15 INFO  [restartedMain] RepositoryConfigurationDelegate - Finished Spring Data repository scanning in 64 ms. Found 8 JPA repository interfaces.
2026-09-22 10:38:15 INFO  [restartedMain] TomcatWebServer - Tomcat initialized with port 8081 (http)
2026-09-22 10:38:15 INFO  [restartedMain] Http11NioProtocol - Initializing ProtocolHandler ["http-nio-0.0.0.0-8081"]
2026-09-22 10:38:15 INFO  [restartedMain] StandardService - Starting service [Tomcat]
2026-09-22 10:38:15 INFO  [restartedMain] StandardEngine - Starting Servlet engine: [Apache Tomcat/11.0.22]
2026-09-22 10:38:15 INFO  [restartedMain] WebApplicationContextInitializer - Root WebApplicationContext: initialization completed in 1124 ms
2026-09-22 10:38:15 INFO  [restartedMain] jpa - HHH008540: Processing PersistenceUnitInfo [name: default]
2026-09-22 10:38:15 INFO  [restartedMain] SpringPersistenceUnitInfo - No LoadTimeWeaver setup: ignoring JPA class transformer
2026-09-22 10:38:15 INFO  [restartedMain] HikariDataSource - HikariPool-2 - Starting...
2026-09-22 10:38:15 INFO  [restartedMain] HikariPool - HikariPool-2 - Added connection com.mysql.cj.jdbc.ConnectionImpl@3bf81736
2026-09-22 10:38:15 INFO  [restartedMain] HikariDataSource - HikariPool-2 - Start completed.
2026-09-22 10:38:15 WARN  [restartedMain] deprecation - HHH90000025: MySQLDialect does not need to be specified explicitly using 'hibernate.dialect' (remove the property setting and it will be selected by default)
2026-09-22 10:38:15 INFO  [restartedMain] pooling - HHH10001005: Database info:
	Database JDBC URL [jdbc:mysql://localhost:3306/indus_path_finder]
	Database driver: MySQL Connector/J
	Database dialect: MySQLDialect
	Database version: 8.0.45
	Default catalog/schema: indus_path_finder/undefined
	Autocommit mode: undefined/unknown
	Isolation level: REPEATABLE_READ [default REPEATABLE_READ]
	JDBC fetch size: none
	Pool: DataSourceConnectionProvider
	Minimum pool size: undefined/unknown
	Maximum pool size: undefined/unknown
2026-09-22 10:38:16 INFO  [restartedMain] core - HHH000489: No JTA platform available (set 'hibernate.transaction.jta.platform' to enable JTA platform integration)
2026-09-22 10:38:16 INFO  [restartedMain] LocalContainerEntityManagerFactoryBean - Initialized JPA EntityManagerFactory for persistence unit 'default'
2026-09-22 10:38:17 INFO  [restartedMain] InitializeUserDetailsBeanManagerConfigurer$InitializeUserDetailsManagerConfigurer - Global AuthenticationManager configured with UserDetailsService bean with name userDetailsServiceImpl
2026-09-22 10:38:18 INFO  [restartedMain] Http11NioProtocol - Starting ProtocolHandler ["http-nio-0.0.0.0-8081"]
2026-09-22 10:38:18 INFO  [restartedMain] TomcatWebServer - Tomcat started on port 8081 (http) with context path '/'
2026-09-22 10:38:18 INFO  [restartedMain] IndusPathFinderApplication - Started IndusPathFinderApplication in 3.782 seconds (process running for 2837.571)
2026-09-22 10:38:18 INFO  [restartedMain] ConditionEvaluationDeltaLoggingListener - Condition evaluation unchanged
2026-09-22 10:38:23 INFO  [http-nio-0.0.0.0-8081-exec-1] [/] - Initializing Spring DispatcherServlet 'dispatcherServlet'
2026-09-22 10:38:23 INFO  [http-nio-0.0.0.0-8081-exec-1] DispatcherServlet - Initializing Servlet 'dispatcherServlet'
2026-09-22 10:38:23 INFO  [http-nio-0.0.0.0-8081-exec-1] DispatcherServlet - Completed initialization in 2 ms
2026-09-22 10:38:23 INFO  [http-nio-0.0.0.0-8081-exec-2] NotificationServiceImpl - Notifications fetched for userId=1. page=0, size=10, totalElements=0
2026-09-22 10:39:32 INFO  [File Watcher] LocalDevToolsAutoConfiguration$RestartingClassPathChangeChangedEventListener - Restarting due to 299 class path changes (0 additions, 299 deletions, 0 modifications)
2026-09-22 10:39:32 INFO  [Thread-5] GracefulShutdown - Commencing graceful shutdown. Waiting for active requests to complete
2026-09-22 10:39:32 INFO  [tomcat-shutdown] Http11NioProtocol - Pausing ProtocolHandler ["http-nio-0.0.0.0-8081"]
2026-09-22 10:39:32 INFO  [tomcat-shutdown] GracefulShutdown - Graceful shutdown complete
2026-09-22 10:39:32 INFO  [Thread-5] Http11NioProtocol - Stopping ProtocolHandler ["http-nio-0.0.0.0-8081"]
2026-09-22 10:39:32 INFO  [Thread-5] LocalContainerEntityManagerFactoryBean - Closing JPA EntityManagerFactory for persistence unit 'default'
2026-09-22 10:39:32 INFO  [Thread-5] HikariDataSource - HikariPool-2 - Shutdown initiated...
2026-09-22 10:39:32 INFO  [Thread-5] HikariDataSource - HikariPool-2 - Shutdown completed.
2026-09-22 10:39:35 INFO  [restartedMain] IndusPathFinderApplication - Starting IndusPathFinderApplication using Java 21.0.11 with PID 26628 (E:\Indus_Path_Finder(Git)\Induspathfinder\Development\BackEnd\IndusPathFinder\target\classes started by Bharath in E:\Indus_Path_Finder(Git)\Induspathfinder\Development\BackEnd\IndusPathFinder)
2026-09-22 10:39:35 INFO  [restartedMain] IndusPathFinderApplication - No active profile set, falling back to 1 default profile: "default"
2026-09-22 10:39:36 INFO  [restartedMain] RepositoryConfigurationDelegate - Bootstrapping Spring Data JPA repositories in DEFAULT mode.
2026-09-22 10:39:36 INFO  [restartedMain] RepositoryConfigurationDelegate - Finished Spring Data repository scanning in 45 ms. Found 8 JPA repository interfaces.
2026-09-22 10:39:36 INFO  [restartedMain] TomcatWebServer - Tomcat initialized with port 8081 (http)
2026-09-22 10:39:36 INFO  [restartedMain] Http11NioProtocol - Initializing ProtocolHandler ["http-nio-0.0.0.0-8081"]
2026-09-22 10:39:36 INFO  [restartedMain] StandardService - Starting service [Tomcat]
2026-09-22 10:39:36 INFO  [restartedMain] StandardEngine - Starting Servlet engine: [Apache Tomcat/11.0.22]
2026-09-22 10:39:36 INFO  [restartedMain] WebApplicationContextInitializer - Root WebApplicationContext: initialization completed in 475 ms
2026-09-22 10:39:36 INFO  [restartedMain] jpa - HHH008540: Processing PersistenceUnitInfo [name: default]
2026-09-22 10:39:36 INFO  [restartedMain] SpringPersistenceUnitInfo - No LoadTimeWeaver setup: ignoring JPA class transformer
2026-09-22 10:39:36 INFO  [restartedMain] HikariDataSource - HikariPool-3 - Starting...
2026-09-22 10:39:36 INFO  [restartedMain] HikariPool - HikariPool-3 - Added connection com.mysql.cj.jdbc.ConnectionImpl@175801fd
2026-09-22 10:39:36 INFO  [restartedMain] HikariDataSource - HikariPool-3 - Start completed.
2026-09-22 10:39:36 WARN  [restartedMain] deprecation - HHH90000025: MySQLDialect does not need to be specified explicitly using 'hibernate.dialect' (remove the property setting and it will be selected by default)
2026-09-22 10:39:36 INFO  [restartedMain] pooling - HHH10001005: Database info:
	Database JDBC URL [jdbc:mysql://localhost:3306/indus_path_finder]
	Database driver: MySQL Connector/J
	Database dialect: MySQLDialect
	Database version: 8.0.45
	Default catalog/schema: indus_path_finder/undefined
	Autocommit mode: undefined/unknown
	Isolation level: REPEATABLE_READ [default REPEATABLE_READ]
	JDBC fetch size: none
	Pool: DataSourceConnectionProvider
	Minimum pool size: undefined/unknown
	Maximum pool size: undefined/unknown
2026-09-22 10:39:36 INFO  [restartedMain] core - HHH000489: No JTA platform available (set 'hibernate.transaction.jta.platform' to enable JTA platform integration)
2026-09-22 10:39:36 INFO  [restartedMain] LocalContainerEntityManagerFactoryBean - Initialized JPA EntityManagerFactory for persistence unit 'default'
2026-09-22 10:39:37 INFO  [restartedMain] InitializeUserDetailsBeanManagerConfigurer$InitializeUserDetailsManagerConfigurer - Global AuthenticationManager configured with UserDetailsService bean with name userDetailsServiceImpl
2026-09-22 10:39:37 INFO  [restartedMain] Http11NioProtocol - Starting ProtocolHandler ["http-nio-0.0.0.0-8081"]
2026-09-22 10:39:37 INFO  [restartedMain] TomcatWebServer - Tomcat started on port 8081 (http) with context path '/'
2026-09-22 10:39:37 INFO  [restartedMain] IndusPathFinderApplication - Started IndusPathFinderApplication in 2.167 seconds (process running for 2917.328)
2026-09-22 10:39:37 INFO  [restartedMain] ConditionEvaluationDeltaLoggingListener - Condition evaluation unchanged
2026-09-22 10:40:00 INFO  [http-nio-0.0.0.0-8081-exec-1] [/] - Initializing Spring DispatcherServlet 'dispatcherServlet'
2026-09-22 10:40:00 INFO  [http-nio-0.0.0.0-8081-exec-1] DispatcherServlet - Initializing Servlet 'dispatcherServlet'
2026-09-22 10:40:00 INFO  [http-nio-0.0.0.0-8081-exec-1] DispatcherServlet - Completed initialization in 3 ms
2026-09-22 10:40:57 INFO  [File Watcher] LocalDevToolsAutoConfiguration$RestartingClassPathChangeChangedEventListener - Restarting due to 2 class path changes (0 additions, 0 deletions, 2 modifications)
2026-09-22 10:40:57 INFO  [Thread-9] GracefulShutdown - Commencing graceful shutdown. Waiting for active requests to complete
2026-09-22 10:40:57 INFO  [tomcat-shutdown] Http11NioProtocol - Pausing ProtocolHandler ["http-nio-0.0.0.0-8081"]
2026-09-22 10:40:57 INFO  [tomcat-shutdown] GracefulShutdown - Graceful shutdown complete
2026-09-22 10:40:57 INFO  [Thread-9] Http11NioProtocol - Stopping ProtocolHandler ["http-nio-0.0.0.0-8081"]
2026-09-22 10:40:57 INFO  [Thread-9] LocalContainerEntityManagerFactoryBean - Closing JPA EntityManagerFactory for persistence unit 'default'
2026-09-22 10:40:57 INFO  [Thread-9] HikariDataSource - HikariPool-3 - Shutdown initiated...
2026-09-22 10:40:57 INFO  [Thread-9] HikariDataSource - HikariPool-3 - Shutdown completed.
2026-09-22 10:40:57 INFO  [restartedMain] IndusPathFinderApplication - Starting IndusPathFinderApplication using Java 21.0.11 with PID 26628 (E:\Indus_Path_Finder(Git)\Induspathfinder\Development\BackEnd\IndusPathFinder\target\classes started by Bharath in E:\Indus_Path_Finder(Git)\Induspathfinder\Development\BackEnd\IndusPathFinder)
2026-09-22 10:40:57 INFO  [restartedMain] IndusPathFinderApplication - No active profile set, falling back to 1 default profile: "default"
2026-09-22 10:40:58 INFO  [restartedMain] RepositoryConfigurationDelegate - Bootstrapping Spring Data JPA repositories in DEFAULT mode.
2026-09-22 10:40:58 INFO  [restartedMain] RepositoryConfigurationDelegate - Finished Spring Data repository scanning in 36 ms. Found 8 JPA repository interfaces.
2026-09-22 10:40:58 INFO  [restartedMain] TomcatWebServer - Tomcat initialized with port 8081 (http)
2026-09-22 10:40:58 INFO  [restartedMain] Http11NioProtocol - Initializing ProtocolHandler ["http-nio-0.0.0.0-8081"]
2026-09-22 10:40:58 INFO  [restartedMain] StandardService - Starting service [Tomcat]
2026-09-22 10:40:58 INFO  [restartedMain] StandardEngine - Starting Servlet engine: [Apache Tomcat/11.0.22]
2026-09-22 10:40:58 INFO  [restartedMain] WebApplicationContextInitializer - Root WebApplicationContext: initialization completed in 739 ms
2026-09-22 10:40:58 INFO  [restartedMain] jpa - HHH008540: Processing PersistenceUnitInfo [name: default]
2026-09-22 10:40:59 INFO  [restartedMain] SpringPersistenceUnitInfo - No LoadTimeWeaver setup: ignoring JPA class transformer
2026-09-22 10:40:59 INFO  [restartedMain] HikariDataSource - HikariPool-4 - Starting...
2026-09-22 10:40:59 INFO  [restartedMain] HikariPool - HikariPool-4 - Added connection com.mysql.cj.jdbc.ConnectionImpl@7948ea94
2026-09-22 10:40:59 INFO  [restartedMain] HikariDataSource - HikariPool-4 - Start completed.
2026-09-22 10:40:59 WARN  [restartedMain] deprecation - HHH90000025: MySQLDialect does not need to be specified explicitly using 'hibernate.dialect' (remove the property setting and it will be selected by default)
2026-09-22 10:40:59 INFO  [restartedMain] pooling - HHH10001005: Database info:
	Database JDBC URL [jdbc:mysql://localhost:3306/indus_path_finder]
	Database driver: MySQL Connector/J
	Database dialect: MySQLDialect
	Database version: 8.0.45
	Default catalog/schema: indus_path_finder/undefined
	Autocommit mode: undefined/unknown
	Isolation level: REPEATABLE_READ [default REPEATABLE_READ]
	JDBC fetch size: none
	Pool: DataSourceConnectionProvider
	Minimum pool size: undefined/unknown
	Maximum pool size: undefined/unknown
2026-09-22 10:40:59 INFO  [restartedMain] core - HHH000489: No JTA platform available (set 'hibernate.transaction.jta.platform' to enable JTA platform integration)
2026-09-22 10:41:00 INFO  [restartedMain] LocalContainerEntityManagerFactoryBean - Initialized JPA EntityManagerFactory for persistence unit 'default'
2026-09-22 10:41:01 INFO  [restartedMain] InitializeUserDetailsBeanManagerConfigurer$InitializeUserDetailsManagerConfigurer - Global AuthenticationManager configured with UserDetailsService bean with name userDetailsServiceImpl
2026-09-22 10:41:02 INFO  [restartedMain] Http11NioProtocol - Starting ProtocolHandler ["http-nio-0.0.0.0-8081"]
2026-09-22 10:41:02 INFO  [restartedMain] TomcatWebServer - Tomcat started on port 8081 (http) with context path '/'
2026-09-22 10:41:02 INFO  [restartedMain] IndusPathFinderApplication - Started IndusPathFinderApplication in 4.277 seconds (process running for 3001.582)
2026-09-22 10:41:02 INFO  [restartedMain] ConditionEvaluationDeltaLoggingListener - Condition evaluation unchanged
2026-09-22 10:41:18 INFO  [File Watcher] LocalDevToolsAutoConfiguration$RestartingClassPathChangeChangedEventListener - Restarting due to 1 class path change (0 additions, 0 deletions, 1 modification)
2026-09-22 10:41:18 INFO  [Thread-16] GracefulShutdown - Commencing graceful shutdown. Waiting for active requests to complete
2026-09-22 10:41:18 INFO  [tomcat-shutdown] Http11NioProtocol - Pausing ProtocolHandler ["http-nio-0.0.0.0-8081"]
2026-09-22 10:41:18 INFO  [tomcat-shutdown] GracefulShutdown - Graceful shutdown complete
2026-09-22 10:41:18 INFO  [Thread-16] Http11NioProtocol - Stopping ProtocolHandler ["http-nio-0.0.0.0-8081"]
2026-09-22 10:41:18 INFO  [Thread-16] LocalContainerEntityManagerFactoryBean - Closing JPA EntityManagerFactory for persistence unit 'default'
2026-09-22 10:41:18 INFO  [Thread-16] HikariDataSource - HikariPool-4 - Shutdown initiated...
2026-09-22 10:41:18 INFO  [Thread-16] HikariDataSource - HikariPool-4 - Shutdown completed.
2026-09-22 10:41:18 INFO  [restartedMain] IndusPathFinderApplication - Starting IndusPathFinderApplication using Java 21.0.11 with PID 26628 (E:\Indus_Path_Finder(Git)\Induspathfinder\Development\BackEnd\IndusPathFinder\target\classes started by Bharath in E:\Indus_Path_Finder(Git)\Induspathfinder\Development\BackEnd\IndusPathFinder)
2026-09-22 10:41:18 INFO  [restartedMain] IndusPathFinderApplication - No active profile set, falling back to 1 default profile: "default"
2026-09-22 10:41:18 INFO  [restartedMain] RepositoryConfigurationDelegate - Bootstrapping Spring Data JPA repositories in DEFAULT mode.
2026-09-22 10:41:18 INFO  [restartedMain] RepositoryConfigurationDelegate - Finished Spring Data repository scanning in 34 ms. Found 8 JPA repository interfaces.
2026-09-22 10:41:18 INFO  [restartedMain] TomcatWebServer - Tomcat initialized with port 8081 (http)
2026-09-22 10:41:18 INFO  [restartedMain] Http11NioProtocol - Initializing ProtocolHandler ["http-nio-0.0.0.0-8081"]
2026-09-22 10:41:18 INFO  [restartedMain] StandardService - Starting service [Tomcat]
2026-09-22 10:41:18 INFO  [restartedMain] StandardEngine - Starting Servlet engine: [Apache Tomcat/11.0.22]
2026-09-22 10:41:18 INFO  [restartedMain] WebApplicationContextInitializer - Root WebApplicationContext: initialization completed in 378 ms
2026-09-22 10:41:18 INFO  [restartedMain] jpa - HHH008540: Processing PersistenceUnitInfo [name: default]
2026-09-22 10:41:18 INFO  [restartedMain] SpringPersistenceUnitInfo - No LoadTimeWeaver setup: ignoring JPA class transformer
2026-09-22 10:41:18 INFO  [restartedMain] HikariDataSource - HikariPool-5 - Starting...
2026-09-22 10:41:18 INFO  [restartedMain] HikariPool - HikariPool-5 - Added connection com.mysql.cj.jdbc.ConnectionImpl@c7661e3
2026-09-22 10:41:18 INFO  [restartedMain] HikariDataSource - HikariPool-5 - Start completed.
2026-09-22 10:41:18 WARN  [restartedMain] deprecation - HHH90000025: MySQLDialect does not need to be specified explicitly using 'hibernate.dialect' (remove the property setting and it will be selected by default)
2026-09-22 10:41:18 INFO  [restartedMain] pooling - HHH10001005: Database info:
	Database JDBC URL [jdbc:mysql://localhost:3306/indus_path_finder]
	Database driver: MySQL Connector/J
	Database dialect: MySQLDialect
	Database version: 8.0.45
	Default catalog/schema: indus_path_finder/undefined
	Autocommit mode: undefined/unknown
	Isolation level: REPEATABLE_READ [default REPEATABLE_READ]
	JDBC fetch size: none
	Pool: DataSourceConnectionProvider
	Minimum pool size: undefined/unknown
	Maximum pool size: undefined/unknown
2026-09-22 10:41:19 INFO  [restartedMain] core - HHH000489: No JTA platform available (set 'hibernate.transaction.jta.platform' to enable JTA platform integration)
2026-09-22 10:41:19 INFO  [restartedMain] LocalContainerEntityManagerFactoryBean - Initialized JPA EntityManagerFactory for persistence unit 'default'
2026-09-22 10:41:19 INFO  [restartedMain] InitializeUserDetailsBeanManagerConfigurer$InitializeUserDetailsManagerConfigurer - Global AuthenticationManager configured with UserDetailsService bean with name userDetailsServiceImpl
2026-09-22 10:41:19 INFO  [restartedMain] Http11NioProtocol - Starting ProtocolHandler ["http-nio-0.0.0.0-8081"]
2026-09-22 10:41:19 INFO  [restartedMain] TomcatWebServer - Tomcat started on port 8081 (http) with context path '/'
2026-09-22 10:41:19 INFO  [restartedMain] IndusPathFinderApplication - Started IndusPathFinderApplication in 1.579 seconds (process running for 3019.305)
2026-09-22 10:41:19 INFO  [restartedMain] ConditionEvaluationDeltaLoggingListener - Condition evaluation unchanged
2026-09-22 10:42:46 INFO  [http-nio-0.0.0.0-8081-exec-1] [/] - Initializing Spring DispatcherServlet 'dispatcherServlet'
2026-09-22 10:42:46 INFO  [http-nio-0.0.0.0-8081-exec-1] DispatcherServlet - Initializing Servlet 'dispatcherServlet'
2026-09-22 10:42:46 INFO  [http-nio-0.0.0.0-8081-exec-1] DispatcherServlet - Completed initialization in 4 ms
2026-09-22 10:42:56 WARN  [http-nio-0.0.0.0-8081-exec-5] ExceptionHandlerExceptionResolver - Resolved [com.induspathfinder.app.exception.ValidationException: Invalid OTP.]
2026-09-22 10:42:59 WARN  [http-nio-0.0.0.0-8081-exec-6] ExceptionHandlerExceptionResolver - Resolved [com.induspathfinder.app.exception.ValidationException: Invalid OTP.]
2026-09-22 10:43:07 WARN  [http-nio-0.0.0.0-8081-exec-7] ExceptionHandlerExceptionResolver - Resolved [com.induspathfinder.app.exception.ValidationException: Invalid OTP.]
2026-09-22 10:43:25 WARN  [http-nio-0.0.0.0-8081-exec-10] ExceptionHandlerExceptionResolver - Resolved [com.induspathfinder.app.exception.ValidationException: Invalid OTP.]
2026-09-22 10:43:35 WARN  [http-nio-0.0.0.0-8081-exec-1] ExceptionHandlerExceptionResolver - Resolved [com.induspathfinder.app.exception.ValidationException: Invalid OTP.]
2026-09-22 10:46:00 WARN  [http-nio-0.0.0.0-8081-exec-9] AuditAspect - Unable to evaluate audit numeric expression. expression=#result.userId, error=EL1007E: Property or field 'userId' cannot be found on null
2026-09-22 10:46:00 WARN  [http-nio-0.0.0.0-8081-exec-9] AuditAspect - Unable to evaluate audit numeric expression. expression=#result.userId, error=EL1007E: Property or field 'userId' cannot be found on null
2026-09-22 10:46:00 WARN  [http-nio-0.0.0.0-8081-exec-9] AuditAspect - Unable to evaluate audit text expression. expression=#result.userName, error=EL1007E: Property or field 'userName' cannot be found on null
2026-09-22 10:46:00 INFO  [http-nio-0.0.0.0-8081-exec-9] AuditLogServiceImpl - Audit log stored. auditId=652, userId=null, username=SYSTEM
2026-09-22 10:46:00 ERROR [http-nio-0.0.0.0-8081-exec-9] AuditAspect - Audited method failed. class=AuthServiceImpl, method=login, action=LOGIN, screen=AUTHENTICATION, screenId=null, userId=null, username=SYSTEM, error=Invalid Username or Password
com.induspathfinder.app.exception.ValidationException: Invalid Username or Password
	at com.induspathfinder.app.serviceimpl.AuthServiceImpl.login(AuthServiceImpl.java:248)
	at java.base/jdk.internal.reflect.DirectMethodHandleAccessor.invoke(DirectMethodHandleAccessor.java:103)
	at java.base/java.lang.reflect.Method.invoke(Method.java:580)
	at org.springframework.aop.support.AopUtils.invokeJoinpointUsingReflection(AopUtils.java:359)
	at org.springframework.aop.framework.ReflectiveMethodInvocation.invokeJoinpoint(ReflectiveMethodInvocation.java:190)
	at org.springframework.aop.framework.ReflectiveMethodInvocation.proceed(ReflectiveMethodInvocation.java:158)
	at org.springframework.aop.aspectj.MethodInvocationProceedingJoinPoint.proceed(MethodInvocationProceedingJoinPoint.java:82)
	at com.induspathfinder.app.aop.AuditAspect.auditMethod(AuditAspect.java:67)
	at java.base/jdk.internal.reflect.DirectMethodHandleAccessor.invoke(DirectMethodHandleAccessor.java:103)
	at java.base/java.lang.reflect.Method.invoke(Method.java:580)
	at org.springframework.aop.aspectj.AbstractAspectJAdvice.invokeAdviceMethodWithGivenArgs(AbstractAspectJAdvice.java:648)
	at org.springframework.aop.aspectj.AbstractAspectJAdvice.invokeAdviceMethod(AbstractAspectJAdvice.java:630)
	at org.springframework.aop.aspectj.AspectJAroundAdvice.invoke(AspectJAroundAdvice.java:70)
	at org.springframework.aop.framework.ReflectiveMethodInvocation.proceed(ReflectiveMethodInvocation.java:168)
	at org.springframework.transaction.interceptor.TransactionInterceptor$1.proceedWithInvocation(TransactionInterceptor.java:133)
	at org.springframework.transaction.interceptor.TransactionAspectSupport.invokeWithinTransaction(TransactionAspectSupport.java:371)
	at org.springframework.transaction.interceptor.TransactionInterceptor.invoke(TransactionInterceptor.java:130)
	at org.springframework.aop.framework.ReflectiveMethodInvocation.proceed(ReflectiveMethodInvocation.java:179)
	at org.springframework.aop.interceptor.ExposeInvocationInterceptor.invoke(ExposeInvocationInterceptor.java:96)
	at org.springframework.aop.framework.ReflectiveMethodInvocation.proceed(ReflectiveMethodInvocation.java:179)
	at org.springframework.aop.framework.CglibAopProxy$DynamicAdvisedInterceptor.intercept(CglibAopProxy.java:719)
	at com.induspathfinder.app.serviceimpl.AuthServiceImpl$$SpringCGLIB$$0.login(<generated>)
	at com.induspathfinder.app.controller.AuthController.login(AuthController.java:43)
	at java.base/jdk.internal.reflect.DirectMethodHandleAccessor.invoke(DirectMethodHandleAccessor.java:103)
	at java.base/java.lang.reflect.Method.invoke(Method.java:580)
	at org.springframework.aop.support.AopUtils.invokeJoinpointUsingReflection(AopUtils.java:359)
	at org.springframework.aop.framework.ReflectiveMethodInvocation.invokeJoinpoint(ReflectiveMethodInvocation.java:190)
	at org.springframework.aop.framework.ReflectiveMethodInvocation.proceed(ReflectiveMethodInvocation.java:158)
	at org.springframework.validation.beanvalidation.MethodValidationInterceptor.invoke(MethodValidationInterceptor.java:172)
	at org.springframework.aop.framework.ReflectiveMethodInvocation.proceed(ReflectiveMethodInvocation.java:179)
	at org.springframework.aop.framework.CglibAopProxy$DynamicAdvisedInterceptor.intercept(CglibAopProxy.java:719)
	at com.induspathfinder.app.controller.AuthController$$SpringCGLIB$$0.login(<generated>)
	at java.base/jdk.internal.reflect.DirectMethodHandleAccessor.invoke(DirectMethodHandleAccessor.java:103)
	at java.base/java.lang.reflect.Method.invoke(Method.java:580)
	at org.springframework.web.method.support.InvocableHandlerMethod.doInvoke(InvocableHandlerMethod.java:252)
	at org.springframework.web.method.support.InvocableHandlerMethod.invokeForRequest(InvocableHandlerMethod.java:184)
	at org.springframework.web.servlet.mvc.method.annotation.ServletInvocableHandlerMethod.invokeAndHandle(ServletInvocableHandlerMethod.java:117)
	at org.springframework.web.servlet.mvc.method.annotation.RequestMappingHandlerAdapter.invokeHandlerMethod(RequestMappingHandlerAdapter.java:934)
	at org.springframework.web.servlet.mvc.method.annotation.RequestMappingHandlerAdapter.handleInternal(RequestMappingHandlerAdapter.java:853)
	at org.springframework.web.servlet.mvc.method.AbstractHandlerMethodAdapter.handle(AbstractHandlerMethodAdapter.java:86)
	at org.springframework.web.servlet.DispatcherServlet.doDispatch(DispatcherServlet.java:963)
	at org.springframework.web.servlet.DispatcherServlet.doService(DispatcherServlet.java:866)
	at org.springframework.web.servlet.FrameworkServlet.processRequest(FrameworkServlet.java:1000)
	at org.springframework.web.servlet.FrameworkServlet.doPost(FrameworkServlet.java:903)
	at jakarta.servlet.http.HttpServlet.service(HttpServlet.java:649)
	at org.springframework.web.servlet.FrameworkServlet.service(FrameworkServlet.java:874)
	at jakarta.servlet.http.HttpServlet.service(HttpServlet.java:710)
	at org.apache.catalina.core.ApplicationFilterChain.doFilter(ApplicationFilterChain.java:128)
	at org.apache.tomcat.websocket.server.WsFilter.doFilter(WsFilter.java:53)
	at org.apache.catalina.core.ApplicationFilterChain.doFilter(ApplicationFilterChain.java:107)
	at org.springframework.web.filter.OncePerRequestFilter.doFilter(OncePerRequestFilter.java:110)
	at org.apache.catalina.core.ApplicationFilterChain.doFilter(ApplicationFilterChain.java:107)
	at org.springframework.web.filter.CompositeFilter$VirtualFilterChain.doFilter(CompositeFilter.java:108)
	at org.springframework.security.web.FilterChainProxy.lambda$doFilterInternal$2(FilterChainProxy.java:235)
	at org.springframework.security.web.FilterChainProxy$VirtualFilterChain.doFilter(FilterChainProxy.java:376)
	at org.springframework.security.web.access.intercept.AuthorizationFilter.doFilter(AuthorizationFilter.java:101)
	at org.springframework.security.web.FilterChainProxy$VirtualFilterChain.doFilter(FilterChainProxy.java:385)
	at org.springframework.security.web.access.ExceptionTranslationFilter.doFilter(ExceptionTranslationFilter.java:126)
	at org.springframework.security.web.access.ExceptionTranslationFilter.doFilter(ExceptionTranslationFilter.java:120)
	at org.springframework.security.web.FilterChainProxy$VirtualFilterChain.doFilter(FilterChainProxy.java:385)
	at org.springframework.security.web.session.SessionManagementFilter.doFilter(SessionManagementFilter.java:132)
	at org.springframework.security.web.session.SessionManagementFilter.doFilter(SessionManagementFilter.java:86)
	at org.springframework.security.web.FilterChainProxy$VirtualFilterChain.doFilter(FilterChainProxy.java:385)
	at org.springframework.security.web.authentication.AnonymousAuthenticationFilter.doFilter(AnonymousAuthenticationFilter.java:100)
	at org.springframework.security.web.FilterChainProxy$VirtualFilterChain.doFilter(FilterChainProxy.java:385)
	at org.springframework.security.web.servletapi.SecurityContextHolderAwareRequestFilter.doFilter(SecurityContextHolderAwareRequestFilter.java:181)
	at org.springframework.security.web.FilterChainProxy$VirtualFilterChain.doFilter(FilterChainProxy.java:385)
	at org.springframework.security.web.savedrequest.RequestCacheAwareFilter.doFilter(RequestCacheAwareFilter.java:63)
	at org.springframework.security.web.FilterChainProxy$VirtualFilterChain.doFilter(FilterChainProxy.java:385)
	at com.induspathfinder.app.security.JwtAuthenticationFilter.doFilterInternal(JwtAuthenticationFilter.java:77)
	at org.springframework.web.filter.OncePerRequestFilter.doFilter(OncePerRequestFilter.java:116)
	at org.springframework.security.web.FilterChainProxy$VirtualFilterChain.doFilter(FilterChainProxy.java:385)
	at org.springframework.security.web.authentication.logout.LogoutFilter.doFilter(LogoutFilter.java:110)
	at org.springframework.security.web.authentication.logout.LogoutFilter.doFilter(LogoutFilter.java:96)
	at org.springframework.security.web.FilterChainProxy$VirtualFilterChain.doFilter(FilterChainProxy.java:385)
	at org.springframework.web.filter.CorsFilter.doFilterInternal(CorsFilter.java:91)
	at org.springframework.web.filter.OncePerRequestFilter.doFilter(OncePerRequestFilter.java:116)
	at org.springframework.security.web.FilterChainProxy$VirtualFilterChain.doFilter(FilterChainProxy.java:385)
	at org.springframework.security.web.header.HeaderWriterFilter.doHeadersAfter(HeaderWriterFilter.java:90)
	at org.springframework.security.web.header.HeaderWriterFilter.doFilterInternal(HeaderWriterFilter.java:75)
	at org.springframework.web.filter.OncePerRequestFilter.doFilter(OncePerRequestFilter.java:116)
	at org.springframework.security.web.FilterChainProxy$VirtualFilterChain.doFilter(FilterChainProxy.java:385)
	at org.springframework.security.web.context.SecurityContextHolderFilter.doFilter(SecurityContextHolderFilter.java:82)
	at org.springframework.security.web.context.SecurityContextHolderFilter.doFilter(SecurityContextHolderFilter.java:69)
	at org.springframework.security.web.FilterChainProxy$VirtualFilterChain.doFilter(FilterChainProxy.java:385)
	at org.springframework.security.web.context.request.async.WebAsyncManagerIntegrationFilter.doFilterInternal(WebAsyncManagerIntegrationFilter.java:62)
	at org.springframework.web.filter.OncePerRequestFilter.doFilter(OncePerRequestFilter.java:116)
	at org.springframework.security.web.FilterChainProxy$VirtualFilterChain.doFilter(FilterChainProxy.java:385)
	at org.springframework.security.web.session.DisableEncodeUrlFilter.doFilterInternal(DisableEncodeUrlFilter.java:42)
	at org.springframework.web.filter.OncePerRequestFilter.doFilter(OncePerRequestFilter.java:116)
	at org.springframework.security.web.FilterChainProxy$VirtualFilterChain.doFilter(FilterChainProxy.java:385)
	at org.springframework.security.web.FilterChainProxy.doFilterInternal(FilterChainProxy.java:237)
	at org.springframework.security.web.FilterChainProxy.doFilter(FilterChainProxy.java:195)
	at org.springframework.web.filter.CompositeFilter$VirtualFilterChain.doFilter(CompositeFilter.java:113)
	at org.springframework.web.filter.ServletRequestPathFilter.doFilter(ServletRequestPathFilter.java:52)
	at org.springframework.web.filter.CompositeFilter$VirtualFilterChain.doFilter(CompositeFilter.java:113)
	at org.springframework.web.filter.CompositeFilter.doFilter(CompositeFilter.java:74)
	at org.springframework.security.config.annotation.web.configuration.WebSecurityConfiguration$CompositeFilterChainProxy.doFilter(WebSecurityConfiguration.java:317)
	at org.springframework.web.filter.DelegatingFilterProxy.invokeDelegate(DelegatingFilterProxy.java:355)
	at org.springframework.web.filter.DelegatingFilterProxy.doFilter(DelegatingFilterProxy.java:272)
	at org.apache.catalina.core.ApplicationFilterChain.doFilter(ApplicationFilterChain.java:107)
	at org.springframework.web.filter.RequestContextFilter.doFilterInternal(RequestContextFilter.java:100)
	at org.springframework.web.filter.OncePerRequestFilter.doFilter(OncePerRequestFilter.java:116)
	at org.apache.catalina.core.ApplicationFilterChain.doFilter(ApplicationFilterChain.java:107)
	at org.springframework.web.filter.FormContentFilter.doFilterInternal(FormContentFilter.java:93)
	at org.springframework.web.filter.OncePerRequestFilter.doFilter(OncePerRequestFilter.java:116)
	at org.apache.catalina.core.ApplicationFilterChain.doFilter(ApplicationFilterChain.java:107)
	at org.springframework.web.filter.CharacterEncodingFilter.doFilterInternal(CharacterEncodingFilter.java:199)
	at org.springframework.web.filter.OncePerRequestFilter.doFilter(OncePerRequestFilter.java:116)
	at org.apache.catalina.core.ApplicationFilterChain.doFilter(ApplicationFilterChain.java:107)
	at org.apache.catalina.core.StandardWrapperValve.invoke(StandardWrapperValve.java:165)
	at org.apache.catalina.core.StandardContextValve.invoke(StandardContextValve.java:77)
	at org.apache.catalina.authenticator.AuthenticatorBase.invoke(AuthenticatorBase.java:492)
	at org.apache.catalina.core.StandardHostValve.invoke(StandardHostValve.java:113)
	at org.apache.catalina.valves.ErrorReportValve.invoke(ErrorReportValve.java:83)
	at org.apache.catalina.core.StandardEngineValve.invoke(StandardEngineValve.java:72)
	at org.apache.catalina.connector.CoyoteAdapter.service(CoyoteAdapter.java:341)
	at org.apache.coyote.http11.Http11Processor.service(Http11Processor.java:397)
	at org.apache.coyote.AbstractProcessorLight.process(AbstractProcessorLight.java:63)
	at org.apache.coyote.AbstractProtocol$ConnectionHandler.process(AbstractProtocol.java:1272)
	at org.apache.tomcat.util.net.NioEndpoint$SocketProcessor.doRun(NioEndpoint.java:1801)
	at org.apache.tomcat.util.net.SocketProcessorBase.run(SocketProcessorBase.java:52)
	at org.apache.tomcat.util.threads.ThreadPoolExecutor.runWorker(ThreadPoolExecutor.java:946)
	at org.apache.tomcat.util.threads.ThreadPoolExecutor$Worker.run(ThreadPoolExecutor.java:480)
	at org.apache.tomcat.util.threads.TaskThread$WrappingRunnable.run(TaskThread.java:57)
	at java.base/java.lang.Thread.run(Thread.java:1583)
2026-09-22 10:46:00 WARN  [http-nio-0.0.0.0-8081-exec-9] ExceptionHandlerExceptionResolver - Resolved [com.induspathfinder.app.exception.ValidationException: Invalid Username or Password]
2026-09-22 10:46:05 INFO  [http-nio-0.0.0.0-8081-exec-10] AuditLogServiceImpl - Audit log stored. auditId=653, userId=1, username=Ranju Bhai
2026-09-22 10:46:05 INFO  [http-nio-0.0.0.0-8081-exec-10] AuditAspect - Audited successful method. class=AuthServiceImpl, method=login, action=LOGIN, screen=AUTHENTICATION, screenId=1, userId=1, username=Ranju Bhai
2026-09-22 10:46:05 INFO  [http-nio-0.0.0.0-8081-exec-3] DashboardServiceImpl - Project Manager dashboard fetched. userId=1, totalProjects=5, totalActivities=28, totalDependencies=20
2026-09-22 10:46:05 INFO  [http-nio-0.0.0.0-8081-exec-2] NotificationServiceImpl - Notifications fetched for userId=1. page=0, size=10, totalElements=0
2026-09-22 10:46:07 WARN  [http-nio-0.0.0.0-8081-exec-6] SpringDataJackson3Configuration$PageModule$WarningLoggingModifier - Serializing PageImpl instances as-is is not supported, meaning that there is no guarantee about the stability of the resulting JSON structure!
	For a stable JSON structure, please use Spring Data's PagedModel (globally via @EnableSpringDataWebSupport(pageSerializationMode = VIA_DTO))
	or Spring HATEOAS and Spring Data's PagedResourcesAssembler as documented in https://docs.spring.io/spring-data/commons/reference/repositories/core-extensions.html#core.web.pageables.

2026-09-22 10:46:56 INFO  [http-nio-0.0.0.0-8081-exec-6] NotificationServiceImpl - Notifications fetched for userId=1. page=0, size=10, totalElements=0
2026-09-22 10:52:03 INFO  [http-nio-0.0.0.0-8081-exec-9] NotificationServiceImpl - Notifications fetched for userId=1. page=0, size=10, totalElements=0
2026-09-22 10:52:49 INFO  [http-nio-0.0.0.0-8081-exec-3] NotificationServiceImpl - Notifications fetched for userId=1. page=0, size=10, totalElements=0
2026-09-22 10:53:08 INFO  [http-nio-0.0.0.0-8081-exec-5] NotificationServiceImpl - Notifications fetched for userId=1. page=0, size=10, totalElements=128
2026-09-22 10:53:49 INFO  [http-nio-0.0.0.0-8081-exec-8] NotificationServiceImpl - Notifications fetched for userId=1. page=0, size=10, totalElements=0
2026-09-22 10:54:05 INFO  [http-nio-0.0.0.0-8081-exec-3] DashboardServiceImpl - Project Manager dashboard fetched. userId=1, totalProjects=5, totalActivities=28, totalDependencies=20
2026-09-22 11:02:07 INFO  [http-nio-0.0.0.0-8081-exec-7] DashboardServiceImpl - Project Manager dashboard fetched. userId=1, totalProjects=5, totalActivities=28, totalDependencies=20
2026-09-22 11:02:07 INFO  [http-nio-0.0.0.0-8081-exec-8] NotificationServiceImpl - Notifications fetched for userId=1. page=0, size=10, totalElements=0
2026-09-22 11:04:13 INFO  [http-nio-0.0.0.0-8081-exec-10] NotificationServiceImpl - Notifications fetched for userId=1. page=0, size=10, totalElements=0
2026-09-22 11:04:39 INFO  [http-nio-0.0.0.0-8081-exec-1] NotificationServiceImpl - Notifications fetched for userId=1. page=0, size=10, totalElements=0
2026-09-22 11:05:39 INFO  [http-nio-0.0.0.0-8081-exec-5] NotificationServiceImpl - Notifications fetched for userId=1. page=0, size=10, totalElements=0
2026-09-22 11:06:09 INFO  [http-nio-0.0.0.0-8081-exec-10] AuditLogServiceImpl - Audit log stored. auditId=654, userId=1, username=Ranju Bhai
2026-09-22 11:06:09 INFO  [http-nio-0.0.0.0-8081-exec-10] AuditAspect - Audited successful method. class=ProjectServiceImpl, method=deleteProject, action=DELETE_PROJECT, screen=PROJECTS, screenId=9, userId=1, username=Ranju Bhai
2026-09-22 11:06:10 WARN  [http-nio-0.0.0.0-8081-exec-10] error - HHH000247: ErrorCode: 1451, SQLState: 23000
2026-09-22 11:06:10 WARN  [http-nio-0.0.0.0-8081-exec-10] error - Cannot delete or update a parent row: a foreign key constraint fails (`indus_path_finder`.`activity`, CONSTRAINT `FKnhet5ajl85sdn6l77obdgh47s` FOREIGN KEY (`project_id`) REFERENCES `project` (`project_id`))
2026-09-22 11:06:10 WARN  [http-nio-0.0.0.0-8081-exec-10] ExceptionHandlerExceptionResolver - Resolved [org.springframework.dao.DataIntegrityViolationException: could not execute statement [Cannot delete or update a parent row: a foreign key constraint fails (`indus_path_finder`.`activity`, CONSTRAINT `FKnhet5ajl85sdn6l77obdgh47s` FOREIGN KEY (`project_id`) REFERENCES `project` (`project_id`))] [delete from project where project_id=?]; SQL [delete from project where project_id=?]; constraint [FKnhet5ajl85sdn6l77obdgh47s]]
2026-09-22 11:06:17 INFO  [http-nio-0.0.0.0-8081-exec-1] AuditLogServiceImpl - Audit log stored. auditId=655, userId=1, username=Ranju Bhai
2026-09-22 11:06:17 INFO  [http-nio-0.0.0.0-8081-exec-1] AuditAspect - Audited successful method. class=ProjectServiceImpl, method=deleteProject, action=DELETE_PROJECT, screen=PROJECTS, screenId=9, userId=1, username=Ranju Bhai
2026-09-22 11:06:17 WARN  [http-nio-0.0.0.0-8081-exec-1] error - HHH000247: ErrorCode: 1451, SQLState: 23000
2026-09-22 11:06:17 WARN  [http-nio-0.0.0.0-8081-exec-1] error - Cannot delete or update a parent row: a foreign key constraint fails (`indus_path_finder`.`activity`, CONSTRAINT `FKnhet5ajl85sdn6l77obdgh47s` FOREIGN KEY (`project_id`) REFERENCES `project` (`project_id`))
2026-09-22 11:06:17 WARN  [http-nio-0.0.0.0-8081-exec-1] ExceptionHandlerExceptionResolver - Resolved [org.springframework.dao.DataIntegrityViolationException: could not execute statement [Cannot delete or update a parent row: a foreign key constraint fails (`indus_path_finder`.`activity`, CONSTRAINT `FKnhet5ajl85sdn6l77obdgh47s` FOREIGN KEY (`project_id`) REFERENCES `project` (`project_id`))] [delete from project where project_id=?]; SQL [delete from project where project_id=?]; constraint [FKnhet5ajl85sdn6l77obdgh47s]]
2026-09-22 11:06:39 INFO  [http-nio-0.0.0.0-8081-exec-2] NotificationServiceImpl - Notifications fetched for userId=1. page=0, size=10, totalElements=0
2026-09-22 11:06:52 INFO  [http-nio-0.0.0.0-8081-exec-5] AuditLogServiceImpl - Audit log stored. auditId=656, userId=1, username=Ranju Bhai
2026-09-22 11:06:52 INFO  [http-nio-0.0.0.0-8081-exec-5] AuditAspect - Audited successful method. class=ProjectServiceImpl, method=deleteProject, action=DELETE_PROJECT, screen=PROJECTS, screenId=9, userId=1, username=Ranju Bhai
2026-09-22 11:06:52 WARN  [http-nio-0.0.0.0-8081-exec-5] error - HHH000247: ErrorCode: 1451, SQLState: 23000
2026-09-22 11:06:52 WARN  [http-nio-0.0.0.0-8081-exec-5] error - Cannot delete or update a parent row: a foreign key constraint fails (`indus_path_finder`.`activity`, CONSTRAINT `FKnhet5ajl85sdn6l77obdgh47s` FOREIGN KEY (`project_id`) REFERENCES `project` (`project_id`))
2026-09-22 11:06:52 WARN  [http-nio-0.0.0.0-8081-exec-5] ExceptionHandlerExceptionResolver - Resolved [org.springframework.dao.DataIntegrityViolationException: could not execute statement [Cannot delete or update a parent row: a foreign key constraint fails (`indus_path_finder`.`activity`, CONSTRAINT `FKnhet5ajl85sdn6l77obdgh47s` FOREIGN KEY (`project_id`) REFERENCES `project` (`project_id`))] [delete from project where project_id=?]; SQL [delete from project where project_id=?]; constraint [FKnhet5ajl85sdn6l77obdgh47s]]
2026-09-22 11:07:17 INFO  [http-nio-0.0.0.0-8081-exec-1] AuditLogServiceImpl - Audit log stored. auditId=657, userId=1, username=Ranju Bhai
2026-09-22 11:07:17 INFO  [http-nio-0.0.0.0-8081-exec-1] AuditAspect - Audited successful method. class=ActivityServiceImpl, method=deleteActivity, action=DELETE_ACTIVITY, screen=ACTIVITIES, screenId=null, userId=1, username=Ranju Bhai
2026-09-22 11:07:17 WARN  [http-nio-0.0.0.0-8081-exec-1] error - HHH000247: ErrorCode: 1451, SQLState: 23000
2026-09-22 11:07:17 WARN  [http-nio-0.0.0.0-8081-exec-1] error - Cannot delete or update a parent row: a foreign key constraint fails (`indus_path_finder`.`dependency`, CONSTRAINT `FKa03e6jp4jgxmwikhusgfkb3we` FOREIGN KEY (`predecessor_activity_id`) REFERENCES `activity` (`act_id`))
2026-09-22 11:07:17 WARN  [http-nio-0.0.0.0-8081-exec-1] ExceptionHandlerExceptionResolver - Resolved [org.springframework.dao.DataIntegrityViolationException: could not execute statement [Cannot delete or update a parent row: a foreign key constraint fails (`indus_path_finder`.`dependency`, CONSTRAINT `FKa03e6jp4jgxmwikhusgfkb3we` FOREIGN KEY (`predecessor_activity_id`) REFERENCES `activity` (`act_id`))] [delete from activity where act_id=?]; SQL [delete from activity where act_id=?]; constraint [FKa03e6jp4jgxmwikhusgfkb3we]]
2026-09-22 11:07:27 INFO  [http-nio-0.0.0.0-8081-exec-5] AuditLogServiceImpl - Audit log stored. auditId=658, userId=1, username=Ranju Bhai
2026-09-22 11:07:27 INFO  [http-nio-0.0.0.0-8081-exec-5] AuditAspect - Audited successful method. class=DependencyServiceImpl, method=deleteDependency, action=DELETE_DEPENDENCY, screen=DEPENDENCIES, screenId=null, userId=1, username=Ranju Bhai
2026-09-22 11:07:30 INFO  [http-nio-0.0.0.0-8081-exec-8] AuditLogServiceImpl - Audit log stored. auditId=659, userId=1, username=Ranju Bhai
2026-09-22 11:07:30 INFO  [http-nio-0.0.0.0-8081-exec-8] AuditAspect - Audited successful method. class=DependencyServiceImpl, method=deleteDependency, action=DELETE_DEPENDENCY, screen=DEPENDENCIES, screenId=null, userId=1, username=Ranju Bhai
2026-09-22 11:07:36 INFO  [http-nio-0.0.0.0-8081-exec-2] AuditLogServiceImpl - Audit log stored. auditId=660, userId=1, username=Ranju Bhai
2026-09-22 11:07:36 INFO  [http-nio-0.0.0.0-8081-exec-2] AuditAspect - Audited successful method. class=ActivityServiceImpl, method=deleteActivity, action=DELETE_ACTIVITY, screen=ACTIVITIES, screenId=null, userId=1, username=Ranju Bhai
2026-09-22 11:07:38 INFO  [http-nio-0.0.0.0-8081-exec-5] AuditLogServiceImpl - Audit log stored. auditId=661, userId=1, username=Ranju Bhai
2026-09-22 11:07:38 INFO  [http-nio-0.0.0.0-8081-exec-5] AuditAspect - Audited successful method. class=ActivityServiceImpl, method=deleteActivity, action=DELETE_ACTIVITY, screen=ACTIVITIES, screenId=null, userId=1, username=Ranju Bhai
2026-09-22 11:07:39 INFO  [http-nio-0.0.0.0-8081-exec-10] NotificationServiceImpl - Notifications fetched for userId=1. page=0, size=10, totalElements=0
2026-09-22 11:07:40 INFO  [http-nio-0.0.0.0-8081-exec-4] AuditLogServiceImpl - Audit log stored. auditId=662, userId=1, username=Ranju Bhai
2026-09-22 11:07:40 INFO  [http-nio-0.0.0.0-8081-exec-4] AuditAspect - Audited successful method. class=ActivityServiceImpl, method=deleteActivity, action=DELETE_ACTIVITY, screen=ACTIVITIES, screenId=null, userId=1, username=Ranju Bhai
2026-09-22 11:08:24 INFO  [http-nio-0.0.0.0-8081-exec-2] NotificationServiceImpl - Notifications fetched for userId=1. page=0, size=10, totalElements=0
2026-09-22 11:08:34 INFO  [http-nio-0.0.0.0-8081-exec-8] AuditLogServiceImpl - Audit log stored. auditId=663, userId=1, username=Ranju Bhai
2026-09-22 11:08:34 INFO  [http-nio-0.0.0.0-8081-exec-8] AuditAspect - Audited successful method. class=ProjectServiceImpl, method=deleteProject, action=DELETE_PROJECT, screen=PROJECTS, screenId=9, userId=1, username=Ranju Bhai
2026-09-22 11:09:10 INFO  [http-nio-0.0.0.0-8081-exec-4] NotificationServiceImpl - Notifications fetched for userId=1. page=0, size=10, totalElements=0
2026-09-22 11:09:21 INFO  [http-nio-0.0.0.0-8081-exec-3] AuditLogServiceImpl - Audit log stored. auditId=664, userId=1, username=Ranju Bhai
2026-09-22 11:09:21 INFO  [http-nio-0.0.0.0-8081-exec-3] AuditAspect - Audited successful method. class=ProjectServiceImpl, method=deleteProject, action=DELETE_PROJECT, screen=PROJECTS, screenId=2, userId=1, username=Ranju Bhai
2026-09-22 11:09:21 WARN  [http-nio-0.0.0.0-8081-exec-3] error - HHH000247: ErrorCode: 1451, SQLState: 23000
2026-09-22 11:09:21 WARN  [http-nio-0.0.0.0-8081-exec-3] error - Cannot delete or update a parent row: a foreign key constraint fails (`indus_path_finder`.`activity`, CONSTRAINT `FKnhet5ajl85sdn6l77obdgh47s` FOREIGN KEY (`project_id`) REFERENCES `project` (`project_id`))
2026-09-22 11:09:21 WARN  [http-nio-0.0.0.0-8081-exec-3] ExceptionHandlerExceptionResolver - Resolved [org.springframework.dao.DataIntegrityViolationException: could not execute statement [Cannot delete or update a parent row: a foreign key constraint fails (`indus_path_finder`.`activity`, CONSTRAINT `FKnhet5ajl85sdn6l77obdgh47s` FOREIGN KEY (`project_id`) REFERENCES `project` (`project_id`))] [delete from project where project_id=?]; SQL [delete from project where project_id=?]; constraint [FKnhet5ajl85sdn6l77obdgh47s]]
2026-09-22 11:09:29 INFO  [http-nio-0.0.0.0-8081-exec-6] AuditLogServiceImpl - Audit log stored. auditId=665, userId=1, username=Ranju Bhai
2026-09-22 11:09:29 INFO  [http-nio-0.0.0.0-8081-exec-6] AuditAspect - Audited successful method. class=ProjectServiceImpl, method=deleteProject, action=DELETE_PROJECT, screen=PROJECTS, screenId=2, userId=1, username=Ranju Bhai
2026-09-22 11:09:29 WARN  [http-nio-0.0.0.0-8081-exec-6] error - HHH000247: ErrorCode: 1451, SQLState: 23000
2026-09-22 11:09:29 WARN  [http-nio-0.0.0.0-8081-exec-6] error - Cannot delete or update a parent row: a foreign key constraint fails (`indus_path_finder`.`activity`, CONSTRAINT `FKnhet5ajl85sdn6l77obdgh47s` FOREIGN KEY (`project_id`) REFERENCES `project` (`project_id`))
2026-09-22 11:09:29 WARN  [http-nio-0.0.0.0-8081-exec-6] ExceptionHandlerExceptionResolver - Resolved [org.springframework.dao.DataIntegrityViolationException: could not execute statement [Cannot delete or update a parent row: a foreign key constraint fails (`indus_path_finder`.`activity`, CONSTRAINT `FKnhet5ajl85sdn6l77obdgh47s` FOREIGN KEY (`project_id`) REFERENCES `project` (`project_id`))] [delete from project where project_id=?]; SQL [delete from project where project_id=?]; constraint [FKnhet5ajl85sdn6l77obdgh47s]]
2026-09-22 11:10:10 INFO  [http-nio-0.0.0.0-8081-exec-7] NotificationServiceImpl - Notifications fetched for userId=1. page=0, size=10, totalElements=0
2026-09-22 11:19:21 INFO  [File Watcher] LocalDevToolsAutoConfiguration$RestartingClassPathChangeChangedEventListener - Restarting due to 1 class path change (0 additions, 0 deletions, 1 modification)
2026-09-22 11:19:21 INFO  [Thread-20] GracefulShutdown - Commencing graceful shutdown. Waiting for active requests to complete
2026-09-22 11:19:22 INFO  [tomcat-shutdown] Http11NioProtocol - Pausing ProtocolHandler ["http-nio-0.0.0.0-8081"]
2026-09-22 11:19:22 INFO  [tomcat-shutdown] GracefulShutdown - Graceful shutdown complete
2026-09-22 11:19:22 INFO  [Thread-20] Http11NioProtocol - Stopping ProtocolHandler ["http-nio-0.0.0.0-8081"]
2026-09-22 11:19:22 INFO  [Thread-20] LocalContainerEntityManagerFactoryBean - Closing JPA EntityManagerFactory for persistence unit 'default'
2026-09-22 11:19:22 INFO  [Thread-20] HikariDataSource - HikariPool-5 - Shutdown initiated...
2026-09-22 11:19:22 INFO  [Thread-20] HikariDataSource - HikariPool-5 - Shutdown completed.
2026-09-22 11:19:23 INFO  [restartedMain] IndusPathFinderApplication - Starting IndusPathFinderApplication using Java 21.0.11 with PID 26628 (E:\Indus_Path_Finder(Git)\Induspathfinder\Development\BackEnd\IndusPathFinder\target\classes started by Bharath in E:\Indus_Path_Finder(Git)\Induspathfinder\Development\BackEnd\IndusPathFinder)
2026-09-22 11:19:23 INFO  [restartedMain] IndusPathFinderApplication - No active profile set, falling back to 1 default profile: "default"
2026-09-22 11:19:23 INFO  [restartedMain] RepositoryConfigurationDelegate - Bootstrapping Spring Data JPA repositories in DEFAULT mode.
2026-09-22 11:19:23 INFO  [restartedMain] RepositoryConfigurationDelegate - Finished Spring Data repository scanning in 58 ms. Found 8 JPA repository interfaces.
2026-09-22 11:19:24 INFO  [restartedMain] TomcatWebServer - Tomcat initialized with port 8081 (http)
2026-09-22 11:19:24 INFO  [restartedMain] Http11NioProtocol - Initializing ProtocolHandler ["http-nio-0.0.0.0-8081"]
2026-09-22 11:19:24 INFO  [restartedMain] StandardService - Starting service [Tomcat]
2026-09-22 11:19:24 INFO  [restartedMain] StandardEngine - Starting Servlet engine: [Apache Tomcat/11.0.22]
2026-09-22 11:19:24 INFO  [restartedMain] WebApplicationContextInitializer - Root WebApplicationContext: initialization completed in 1052 ms
2026-09-22 11:19:24 INFO  [restartedMain] jpa - HHH008540: Processing PersistenceUnitInfo [name: default]
2026-09-22 11:19:24 INFO  [restartedMain] SpringPersistenceUnitInfo - No LoadTimeWeaver setup: ignoring JPA class transformer
2026-09-22 11:19:24 INFO  [restartedMain] HikariDataSource - HikariPool-6 - Starting...
2026-09-22 11:19:24 INFO  [restartedMain] HikariPool - HikariPool-6 - Added connection com.mysql.cj.jdbc.ConnectionImpl@ea98381
2026-09-22 11:19:24 INFO  [restartedMain] HikariDataSource - HikariPool-6 - Start completed.
2026-09-22 11:19:24 WARN  [restartedMain] deprecation - HHH90000025: MySQLDialect does not need to be specified explicitly using 'hibernate.dialect' (remove the property setting and it will be selected by default)
2026-09-22 11:19:24 INFO  [restartedMain] pooling - HHH10001005: Database info:
	Database JDBC URL [jdbc:mysql://localhost:3306/indus_path_finder]
	Database driver: MySQL Connector/J
	Database dialect: MySQLDialect
	Database version: 8.0.45
	Default catalog/schema: indus_path_finder/undefined
	Autocommit mode: undefined/unknown
	Isolation level: REPEATABLE_READ [default REPEATABLE_READ]
	JDBC fetch size: none
	Pool: DataSourceConnectionProvider
	Minimum pool size: undefined/unknown
	Maximum pool size: undefined/unknown
2026-09-22 11:19:24 INFO  [restartedMain] core - HHH000489: No JTA platform available (set 'hibernate.transaction.jta.platform' to enable JTA platform integration)
2026-09-22 11:19:25 INFO  [restartedMain] LocalContainerEntityManagerFactoryBean - Initialized JPA EntityManagerFactory for persistence unit 'default'
2026-09-22 11:19:25 INFO  [restartedMain] InitializeUserDetailsBeanManagerConfigurer$InitializeUserDetailsManagerConfigurer - Global AuthenticationManager configured with UserDetailsService bean with name userDetailsServiceImpl
2026-09-22 11:19:26 INFO  [restartedMain] Http11NioProtocol - Starting ProtocolHandler ["http-nio-0.0.0.0-8081"]
2026-09-22 11:19:26 INFO  [restartedMain] TomcatWebServer - Tomcat started on port 8081 (http) with context path '/'
2026-09-22 11:19:26 INFO  [restartedMain] IndusPathFinderApplication - Started IndusPathFinderApplication in 3.405 seconds (process running for 5305.605)
2026-09-22 11:19:26 INFO  [restartedMain] ConditionEvaluationDeltaLoggingListener - Condition evaluation unchanged
2026-09-22 11:20:02 INFO  [File Watcher] LocalDevToolsAutoConfiguration$RestartingClassPathChangeChangedEventListener - Restarting due to 2 class path changes (0 additions, 0 deletions, 2 modifications)
2026-09-22 11:20:02 INFO  [Thread-24] GracefulShutdown - Commencing graceful shutdown. Waiting for active requests to complete
2026-09-22 11:20:02 INFO  [tomcat-shutdown] Http11NioProtocol - Pausing ProtocolHandler ["http-nio-0.0.0.0-8081"]
2026-09-22 11:20:02 INFO  [tomcat-shutdown] GracefulShutdown - Graceful shutdown complete
2026-09-22 11:20:02 INFO  [Thread-24] Http11NioProtocol - Stopping ProtocolHandler ["http-nio-0.0.0.0-8081"]
2026-09-22 11:20:02 INFO  [Thread-24] LocalContainerEntityManagerFactoryBean - Closing JPA EntityManagerFactory for persistence unit 'default'
2026-09-22 11:20:02 INFO  [Thread-24] HikariDataSource - HikariPool-6 - Shutdown initiated...
2026-09-22 11:20:02 INFO  [Thread-24] HikariDataSource - HikariPool-6 - Shutdown completed.
2026-09-22 11:20:02 INFO  [restartedMain] IndusPathFinderApplication - Starting IndusPathFinderApplication using Java 21.0.11 with PID 26628 (E:\Indus_Path_Finder(Git)\Induspathfinder\Development\BackEnd\IndusPathFinder\target\classes started by Bharath in E:\Indus_Path_Finder(Git)\Induspathfinder\Development\BackEnd\IndusPathFinder)
2026-09-22 11:20:02 INFO  [restartedMain] IndusPathFinderApplication - No active profile set, falling back to 1 default profile: "default"
2026-09-22 11:20:03 INFO  [restartedMain] RepositoryConfigurationDelegate - Bootstrapping Spring Data JPA repositories in DEFAULT mode.
2026-09-22 11:20:03 INFO  [restartedMain] RepositoryConfigurationDelegate - Finished Spring Data repository scanning in 47 ms. Found 8 JPA repository interfaces.
2026-09-22 11:20:03 INFO  [restartedMain] TomcatWebServer - Tomcat initialized with port 8081 (http)
2026-09-22 11:20:03 INFO  [restartedMain] Http11NioProtocol - Initializing ProtocolHandler ["http-nio-0.0.0.0-8081"]
2026-09-22 11:20:03 INFO  [restartedMain] StandardService - Starting service [Tomcat]
2026-09-22 11:20:03 INFO  [restartedMain] StandardEngine - Starting Servlet engine: [Apache Tomcat/11.0.22]
2026-09-22 11:20:03 INFO  [restartedMain] WebApplicationContextInitializer - Root WebApplicationContext: initialization completed in 574 ms
2026-09-22 11:20:03 INFO  [restartedMain] jpa - HHH008540: Processing PersistenceUnitInfo [name: default]
2026-09-22 11:20:03 INFO  [restartedMain] SpringPersistenceUnitInfo - No LoadTimeWeaver setup: ignoring JPA class transformer
2026-09-22 11:20:03 INFO  [restartedMain] HikariDataSource - HikariPool-7 - Starting...
2026-09-22 11:20:03 INFO  [restartedMain] HikariPool - HikariPool-7 - Added connection com.mysql.cj.jdbc.ConnectionImpl@557bfb83
2026-09-22 11:20:03 INFO  [restartedMain] HikariDataSource - HikariPool-7 - Start completed.
2026-09-22 11:20:03 WARN  [restartedMain] deprecation - HHH90000025: MySQLDialect does not need to be specified explicitly using 'hibernate.dialect' (remove the property setting and it will be selected by default)
2026-09-22 11:20:03 INFO  [restartedMain] pooling - HHH10001005: Database info:
	Database JDBC URL [jdbc:mysql://localhost:3306/indus_path_finder]
	Database driver: MySQL Connector/J
	Database dialect: MySQLDialect
	Database version: 8.0.45
	Default catalog/schema: indus_path_finder/undefined
	Autocommit mode: undefined/unknown
	Isolation level: REPEATABLE_READ [default REPEATABLE_READ]
	JDBC fetch size: none
	Pool: DataSourceConnectionProvider
	Minimum pool size: undefined/unknown
	Maximum pool size: undefined/unknown
2026-09-22 11:20:03 INFO  [restartedMain] core - HHH000489: No JTA platform available (set 'hibernate.transaction.jta.platform' to enable JTA platform integration)
2026-09-22 11:20:03 INFO  [restartedMain] LocalContainerEntityManagerFactoryBean - Initialized JPA EntityManagerFactory for persistence unit 'default'
2026-09-22 11:20:04 INFO  [restartedMain] InitializeUserDetailsBeanManagerConfigurer$InitializeUserDetailsManagerConfigurer - Global AuthenticationManager configured with UserDetailsService bean with name userDetailsServiceImpl
2026-09-22 11:20:04 INFO  [restartedMain] Http11NioProtocol - Starting ProtocolHandler ["http-nio-0.0.0.0-8081"]
2026-09-22 11:20:04 INFO  [restartedMain] TomcatWebServer - Tomcat started on port 8081 (http) with context path '/'
2026-09-22 11:20:04 INFO  [restartedMain] IndusPathFinderApplication - Started IndusPathFinderApplication in 1.994 seconds (process running for 5344.102)
2026-09-22 11:20:04 INFO  [restartedMain] ConditionEvaluationDeltaLoggingListener - Condition evaluation unchanged
2026-09-22 11:20:12 INFO  [http-nio-0.0.0.0-8081-exec-1] [/] - Initializing Spring DispatcherServlet 'dispatcherServlet'
2026-09-22 11:20:12 INFO  [http-nio-0.0.0.0-8081-exec-1] DispatcherServlet - Initializing Servlet 'dispatcherServlet'
2026-09-22 11:20:12 INFO  [http-nio-0.0.0.0-8081-exec-1] DispatcherServlet - Completed initialization in 3 ms
2026-09-22 11:20:12 INFO  [http-nio-0.0.0.0-8081-exec-2] NotificationServiceImpl - Notifications fetched for userId=1. page=0, size=10, totalElements=0
2026-09-22 11:20:22 INFO  [http-nio-0.0.0.0-8081-exec-4] AuditLogServiceImpl - Audit log stored. auditId=666, userId=1, username=Ranju Bhai
2026-09-22 11:20:22 ERROR [http-nio-0.0.0.0-8081-exec-4] AuditAspect - Audited method failed. class=ProjectServiceImpl, method=deleteProject, action=DELETE_PROJECT, screen=PROJECTS, screenId=4, userId=1, username=Ranju Bhai, error=Project cannot be deleted because it contains activities. Please delete all activities first.
com.induspathfinder.app.exception.BadRequestException: Project cannot be deleted because it contains activities. Please delete all activities first.
	at com.induspathfinder.app.serviceimpl.ProjectServiceImpl.deleteProject(ProjectServiceImpl.java:384)
	at java.base/jdk.internal.reflect.DirectMethodHandleAccessor.invoke(DirectMethodHandleAccessor.java:103)
	at java.base/java.lang.reflect.Method.invoke(Method.java:580)
	at org.springframework.aop.support.AopUtils.invokeJoinpointUsingReflection(AopUtils.java:359)
	at org.springframework.aop.framework.ReflectiveMethodInvocation.invokeJoinpoint(ReflectiveMethodInvocation.java:190)
	at org.springframework.aop.framework.ReflectiveMethodInvocation.proceed(ReflectiveMethodInvocation.java:158)
	at org.springframework.aop.aspectj.MethodInvocationProceedingJoinPoint.proceed(MethodInvocationProceedingJoinPoint.java:82)
	at com.induspathfinder.app.aop.AuditAspect.auditMethod(AuditAspect.java:67)
	at java.base/jdk.internal.reflect.DirectMethodHandleAccessor.invoke(DirectMethodHandleAccessor.java:103)
	at java.base/java.lang.reflect.Method.invoke(Method.java:580)
	at org.springframework.aop.aspectj.AbstractAspectJAdvice.invokeAdviceMethodWithGivenArgs(AbstractAspectJAdvice.java:648)
	at org.springframework.aop.aspectj.AbstractAspectJAdvice.invokeAdviceMethod(AbstractAspectJAdvice.java:630)
	at org.springframework.aop.aspectj.AspectJAroundAdvice.invoke(AspectJAroundAdvice.java:70)
	at org.springframework.aop.framework.ReflectiveMethodInvocation.proceed(ReflectiveMethodInvocation.java:168)
	at org.springframework.transaction.interceptor.TransactionInterceptor$1.proceedWithInvocation(TransactionInterceptor.java:133)
	at org.springframework.transaction.interceptor.TransactionAspectSupport.invokeWithinTransaction(TransactionAspectSupport.java:371)
	at org.springframework.transaction.interceptor.TransactionInterceptor.invoke(TransactionInterceptor.java:130)
	at org.springframework.aop.framework.ReflectiveMethodInvocation.proceed(ReflectiveMethodInvocation.java:179)
	at org.springframework.aop.interceptor.ExposeInvocationInterceptor.invoke(ExposeInvocationInterceptor.java:96)
	at org.springframework.aop.framework.ReflectiveMethodInvocation.proceed(ReflectiveMethodInvocation.java:179)
	at org.springframework.aop.framework.CglibAopProxy$DynamicAdvisedInterceptor.intercept(CglibAopProxy.java:719)
	at com.induspathfinder.app.serviceimpl.ProjectServiceImpl$$SpringCGLIB$$0.deleteProject(<generated>)
	at com.induspathfinder.app.controller.ProjectController.deleteProject(ProjectController.java:80)
	at java.base/jdk.internal.reflect.DirectMethodHandleAccessor.invoke(DirectMethodHandleAccessor.java:103)
	at java.base/java.lang.reflect.Method.invoke(Method.java:580)
	at org.springframework.web.method.support.InvocableHandlerMethod.doInvoke(InvocableHandlerMethod.java:252)
	at org.springframework.web.method.support.InvocableHandlerMethod.invokeForRequest(InvocableHandlerMethod.java:184)
	at org.springframework.web.servlet.mvc.method.annotation.ServletInvocableHandlerMethod.invokeAndHandle(ServletInvocableHandlerMethod.java:117)
	at org.springframework.web.servlet.mvc.method.annotation.RequestMappingHandlerAdapter.invokeHandlerMethod(RequestMappingHandlerAdapter.java:934)
	at org.springframework.web.servlet.mvc.method.annotation.RequestMappingHandlerAdapter.handleInternal(RequestMappingHandlerAdapter.java:853)
	at org.springframework.web.servlet.mvc.method.AbstractHandlerMethodAdapter.handle(AbstractHandlerMethodAdapter.java:86)
	at org.springframework.web.servlet.DispatcherServlet.doDispatch(DispatcherServlet.java:963)
	at org.springframework.web.servlet.DispatcherServlet.doService(DispatcherServlet.java:866)
	at org.springframework.web.servlet.FrameworkServlet.processRequest(FrameworkServlet.java:1000)
	at org.springframework.web.servlet.FrameworkServlet.doDelete(FrameworkServlet.java:925)
	at jakarta.servlet.http.HttpServlet.service(HttpServlet.java:651)
	at org.springframework.web.servlet.FrameworkServlet.service(FrameworkServlet.java:874)
	at jakarta.servlet.http.HttpServlet.service(HttpServlet.java:710)
	at org.apache.catalina.core.ApplicationFilterChain.doFilter(ApplicationFilterChain.java:128)
	at org.apache.tomcat.websocket.server.WsFilter.doFilter(WsFilter.java:53)
	at org.apache.catalina.core.ApplicationFilterChain.doFilter(ApplicationFilterChain.java:107)
	at org.springframework.web.filter.OncePerRequestFilter.doFilter(OncePerRequestFilter.java:110)
	at org.apache.catalina.core.ApplicationFilterChain.doFilter(ApplicationFilterChain.java:107)
	at org.springframework.web.filter.CompositeFilter$VirtualFilterChain.doFilter(CompositeFilter.java:108)
	at org.springframework.security.web.FilterChainProxy.lambda$doFilterInternal$2(FilterChainProxy.java:235)
	at org.springframework.security.web.FilterChainProxy$VirtualFilterChain.doFilter(FilterChainProxy.java:376)
	at org.springframework.security.web.access.intercept.AuthorizationFilter.doFilter(AuthorizationFilter.java:101)
	at org.springframework.security.web.FilterChainProxy$VirtualFilterChain.doFilter(FilterChainProxy.java:385)
	at org.springframework.security.web.access.ExceptionTranslationFilter.doFilter(ExceptionTranslationFilter.java:126)
	at org.springframework.security.web.access.ExceptionTranslationFilter.doFilter(ExceptionTranslationFilter.java:120)
	at org.springframework.security.web.FilterChainProxy$VirtualFilterChain.doFilter(FilterChainProxy.java:385)
	at org.springframework.security.web.session.SessionManagementFilter.doFilter(SessionManagementFilter.java:132)
	at org.springframework.security.web.session.SessionManagementFilter.doFilter(SessionManagementFilter.java:86)
	at org.springframework.security.web.FilterChainProxy$VirtualFilterChain.doFilter(FilterChainProxy.java:385)
	at org.springframework.security.web.authentication.AnonymousAuthenticationFilter.doFilter(AnonymousAuthenticationFilter.java:100)
	at org.springframework.security.web.FilterChainProxy$VirtualFilterChain.doFilter(FilterChainProxy.java:385)
	at org.springframework.security.web.servletapi.SecurityContextHolderAwareRequestFilter.doFilter(SecurityContextHolderAwareRequestFilter.java:181)
	at org.springframework.security.web.FilterChainProxy$VirtualFilterChain.doFilter(FilterChainProxy.java:385)
	at org.springframework.security.web.savedrequest.RequestCacheAwareFilter.doFilter(RequestCacheAwareFilter.java:63)
	at org.springframework.security.web.FilterChainProxy$VirtualFilterChain.doFilter(FilterChainProxy.java:385)
	at com.induspathfinder.app.security.JwtAuthenticationFilter.doFilterInternal(JwtAuthenticationFilter.java:77)
	at org.springframework.web.filter.OncePerRequestFilter.doFilter(OncePerRequestFilter.java:116)
	at org.springframework.security.web.FilterChainProxy$VirtualFilterChain.doFilter(FilterChainProxy.java:385)
	at org.springframework.security.web.authentication.logout.LogoutFilter.doFilter(LogoutFilter.java:110)
	at org.springframework.security.web.authentication.logout.LogoutFilter.doFilter(LogoutFilter.java:96)
	at org.springframework.security.web.FilterChainProxy$VirtualFilterChain.doFilter(FilterChainProxy.java:385)
	at org.springframework.web.filter.CorsFilter.doFilterInternal(CorsFilter.java:91)
	at org.springframework.web.filter.OncePerRequestFilter.doFilter(OncePerRequestFilter.java:116)
	at org.springframework.security.web.FilterChainProxy$VirtualFilterChain.doFilter(FilterChainProxy.java:385)
	at org.springframework.security.web.header.HeaderWriterFilter.doHeadersAfter(HeaderWriterFilter.java:90)
	at org.springframework.security.web.header.HeaderWriterFilter.doFilterInternal(HeaderWriterFilter.java:75)
	at org.springframework.web.filter.OncePerRequestFilter.doFilter(OncePerRequestFilter.java:116)
	at org.springframework.security.web.FilterChainProxy$VirtualFilterChain.doFilter(FilterChainProxy.java:385)
	at org.springframework.security.web.context.SecurityContextHolderFilter.doFilter(SecurityContextHolderFilter.java:82)
	at org.springframework.security.web.context.SecurityContextHolderFilter.doFilter(SecurityContextHolderFilter.java:69)
	at org.springframework.security.web.FilterChainProxy$VirtualFilterChain.doFilter(FilterChainProxy.java:385)
	at org.springframework.security.web.context.request.async.WebAsyncManagerIntegrationFilter.doFilterInternal(WebAsyncManagerIntegrationFilter.java:62)
	at org.springframework.web.filter.OncePerRequestFilter.doFilter(OncePerRequestFilter.java:116)
	at org.springframework.security.web.FilterChainProxy$VirtualFilterChain.doFilter(FilterChainProxy.java:385)
	at org.springframework.security.web.session.DisableEncodeUrlFilter.doFilterInternal(DisableEncodeUrlFilter.java:42)
	at org.springframework.web.filter.OncePerRequestFilter.doFilter(OncePerRequestFilter.java:116)
	at org.springframework.security.web.FilterChainProxy$VirtualFilterChain.doFilter(FilterChainProxy.java:385)
	at org.springframework.security.web.FilterChainProxy.doFilterInternal(FilterChainProxy.java:237)
	at org.springframework.security.web.FilterChainProxy.doFilter(FilterChainProxy.java:195)
	at org.springframework.web.filter.CompositeFilter$VirtualFilterChain.doFilter(CompositeFilter.java:113)
	at org.springframework.web.filter.ServletRequestPathFilter.doFilter(ServletRequestPathFilter.java:52)
	at org.springframework.web.filter.CompositeFilter$VirtualFilterChain.doFilter(CompositeFilter.java:113)
	at org.springframework.web.filter.CompositeFilter.doFilter(CompositeFilter.java:74)
	at org.springframework.security.config.annotation.web.configuration.WebSecurityConfiguration$CompositeFilterChainProxy.doFilter(WebSecurityConfiguration.java:317)
	at org.springframework.web.filter.DelegatingFilterProxy.invokeDelegate(DelegatingFilterProxy.java:355)
	at org.springframework.web.filter.DelegatingFilterProxy.doFilter(DelegatingFilterProxy.java:272)
	at org.apache.catalina.core.ApplicationFilterChain.doFilter(ApplicationFilterChain.java:107)
	at org.springframework.web.filter.RequestContextFilter.doFilterInternal(RequestContextFilter.java:100)
	at org.springframework.web.filter.OncePerRequestFilter.doFilter(OncePerRequestFilter.java:116)
	at org.apache.catalina.core.ApplicationFilterChain.doFilter(ApplicationFilterChain.java:107)
	at org.springframework.web.filter.FormContentFilter.doFilterInternal(FormContentFilter.java:93)
	at org.springframework.web.filter.OncePerRequestFilter.doFilter(OncePerRequestFilter.java:116)
	at org.apache.catalina.core.ApplicationFilterChain.doFilter(ApplicationFilterChain.java:107)
	at org.springframework.web.filter.CharacterEncodingFilter.doFilterInternal(CharacterEncodingFilter.java:199)
	at org.springframework.web.filter.OncePerRequestFilter.doFilter(OncePerRequestFilter.java:116)
	at org.apache.catalina.core.ApplicationFilterChain.doFilter(ApplicationFilterChain.java:107)
	at org.apache.catalina.core.StandardWrapperValve.invoke(StandardWrapperValve.java:165)
	at org.apache.catalina.core.StandardContextValve.invoke(StandardContextValve.java:77)
	at org.apache.catalina.authenticator.AuthenticatorBase.invoke(AuthenticatorBase.java:492)
	at org.apache.catalina.core.StandardHostValve.invoke(StandardHostValve.java:113)
	at org.apache.catalina.valves.ErrorReportValve.invoke(ErrorReportValve.java:83)
	at org.apache.catalina.core.StandardEngineValve.invoke(StandardEngineValve.java:72)
	at org.apache.catalina.connector.CoyoteAdapter.service(CoyoteAdapter.java:341)
	at org.apache.coyote.http11.Http11Processor.service(Http11Processor.java:397)
	at org.apache.coyote.AbstractProcessorLight.process(AbstractProcessorLight.java:63)
	at org.apache.coyote.AbstractProtocol$ConnectionHandler.process(AbstractProtocol.java:1272)
	at org.apache.tomcat.util.net.NioEndpoint$SocketProcessor.doRun(NioEndpoint.java:1801)
	at org.apache.tomcat.util.net.SocketProcessorBase.run(SocketProcessorBase.java:52)
	at org.apache.tomcat.util.threads.ThreadPoolExecutor.runWorker(ThreadPoolExecutor.java:946)
	at org.apache.tomcat.util.threads.ThreadPoolExecutor$Worker.run(ThreadPoolExecutor.java:480)
	at org.apache.tomcat.util.threads.TaskThread$WrappingRunnable.run(TaskThread.java:57)
	at java.base/java.lang.Thread.run(Thread.java:1583)
2026-09-22 11:20:22 WARN  [http-nio-0.0.0.0-8081-exec-4] ExceptionHandlerExceptionResolver - Resolved [com.induspathfinder.app.exception.BadRequestException: Project cannot be deleted because it contains activities. Please delete all activities first.]
2026-09-22 11:20:27 INFO  [http-nio-0.0.0.0-8081-exec-5] AuditLogServiceImpl - Audit log stored. auditId=667, userId=1, username=Ranju Bhai
2026-09-22 11:20:27 ERROR [http-nio-0.0.0.0-8081-exec-5] AuditAspect - Audited method failed. class=ProjectServiceImpl, method=deleteProject, action=DELETE_PROJECT, screen=PROJECTS, screenId=4, userId=1, username=Ranju Bhai, error=Project cannot be deleted because it contains activities. Please delete all activities first.
com.induspathfinder.app.exception.BadRequestException: Project cannot be deleted because it contains activities. Please delete all activities first.
	at com.induspathfinder.app.serviceimpl.ProjectServiceImpl.deleteProject(ProjectServiceImpl.java:384)
	at java.base/jdk.internal.reflect.DirectMethodHandleAccessor.invoke(DirectMethodHandleAccessor.java:103)
	at java.base/java.lang.reflect.Method.invoke(Method.java:580)
	at org.springframework.aop.support.AopUtils.invokeJoinpointUsingReflection(AopUtils.java:359)
	at org.springframework.aop.framework.ReflectiveMethodInvocation.invokeJoinpoint(ReflectiveMethodInvocation.java:190)
	at org.springframework.aop.framework.ReflectiveMethodInvocation.proceed(ReflectiveMethodInvocation.java:158)
	at org.springframework.aop.aspectj.MethodInvocationProceedingJoinPoint.proceed(MethodInvocationProceedingJoinPoint.java:82)
	at com.induspathfinder.app.aop.AuditAspect.auditMethod(AuditAspect.java:67)
	at java.base/jdk.internal.reflect.DirectMethodHandleAccessor.invoke(DirectMethodHandleAccessor.java:103)
	at java.base/java.lang.reflect.Method.invoke(Method.java:580)
	at org.springframework.aop.aspectj.AbstractAspectJAdvice.invokeAdviceMethodWithGivenArgs(AbstractAspectJAdvice.java:648)
	at org.springframework.aop.aspectj.AbstractAspectJAdvice.invokeAdviceMethod(AbstractAspectJAdvice.java:630)
	at org.springframework.aop.aspectj.AspectJAroundAdvice.invoke(AspectJAroundAdvice.java:70)
	at org.springframework.aop.framework.ReflectiveMethodInvocation.proceed(ReflectiveMethodInvocation.java:168)
	at org.springframework.transaction.interceptor.TransactionInterceptor$1.proceedWithInvocation(TransactionInterceptor.java:133)
	at org.springframework.transaction.interceptor.TransactionAspectSupport.invokeWithinTransaction(TransactionAspectSupport.java:371)
	at org.springframework.transaction.interceptor.TransactionInterceptor.invoke(TransactionInterceptor.java:130)
	at org.springframework.aop.framework.ReflectiveMethodInvocation.proceed(ReflectiveMethodInvocation.java:179)
	at org.springframework.aop.interceptor.ExposeInvocationInterceptor.invoke(ExposeInvocationInterceptor.java:96)
	at org.springframework.aop.framework.ReflectiveMethodInvocation.proceed(ReflectiveMethodInvocation.java:179)
	at org.springframework.aop.framework.CglibAopProxy$DynamicAdvisedInterceptor.intercept(CglibAopProxy.java:719)
	at com.induspathfinder.app.serviceimpl.ProjectServiceImpl$$SpringCGLIB$$0.deleteProject(<generated>)
	at com.induspathfinder.app.controller.ProjectController.deleteProject(ProjectController.java:80)
	at java.base/jdk.internal.reflect.DirectMethodHandleAccessor.invoke(DirectMethodHandleAccessor.java:103)
	at java.base/java.lang.reflect.Method.invoke(Method.java:580)
	at org.springframework.web.method.support.InvocableHandlerMethod.doInvoke(InvocableHandlerMethod.java:252)
	at org.springframework.web.method.support.InvocableHandlerMethod.invokeForRequest(InvocableHandlerMethod.java:184)
	at org.springframework.web.servlet.mvc.method.annotation.ServletInvocableHandlerMethod.invokeAndHandle(ServletInvocableHandlerMethod.java:117)
	at org.springframework.web.servlet.mvc.method.annotation.RequestMappingHandlerAdapter.invokeHandlerMethod(RequestMappingHandlerAdapter.java:934)
	at org.springframework.web.servlet.mvc.method.annotation.RequestMappingHandlerAdapter.handleInternal(RequestMappingHandlerAdapter.java:853)
	at org.springframework.web.servlet.mvc.method.AbstractHandlerMethodAdapter.handle(AbstractHandlerMethodAdapter.java:86)
	at org.springframework.web.servlet.DispatcherServlet.doDispatch(DispatcherServlet.java:963)
	at org.springframework.web.servlet.DispatcherServlet.doService(DispatcherServlet.java:866)
	at org.springframework.web.servlet.FrameworkServlet.processRequest(FrameworkServlet.java:1000)
	at org.springframework.web.servlet.FrameworkServlet.doDelete(FrameworkServlet.java:925)
	at jakarta.servlet.http.HttpServlet.service(HttpServlet.java:651)
	at org.springframework.web.servlet.FrameworkServlet.service(FrameworkServlet.java:874)
	at jakarta.servlet.http.HttpServlet.service(HttpServlet.java:710)
	at org.apache.catalina.core.ApplicationFilterChain.doFilter(ApplicationFilterChain.java:128)
	at org.apache.tomcat.websocket.server.WsFilter.doFilter(WsFilter.java:53)
	at org.apache.catalina.core.ApplicationFilterChain.doFilter(ApplicationFilterChain.java:107)
	at org.springframework.web.filter.OncePerRequestFilter.doFilter(OncePerRequestFilter.java:110)
	at org.apache.catalina.core.ApplicationFilterChain.doFilter(ApplicationFilterChain.java:107)
	at org.springframework.web.filter.CompositeFilter$VirtualFilterChain.doFilter(CompositeFilter.java:108)
	at org.springframework.security.web.FilterChainProxy.lambda$doFilterInternal$2(FilterChainProxy.java:235)
	at org.springframework.security.web.FilterChainProxy$VirtualFilterChain.doFilter(FilterChainProxy.java:376)
	at org.springframework.security.web.access.intercept.AuthorizationFilter.doFilter(AuthorizationFilter.java:101)
	at org.springframework.security.web.FilterChainProxy$VirtualFilterChain.doFilter(FilterChainProxy.java:385)
	at org.springframework.security.web.access.ExceptionTranslationFilter.doFilter(ExceptionTranslationFilter.java:126)
	at org.springframework.security.web.access.ExceptionTranslationFilter.doFilter(ExceptionTranslationFilter.java:120)
	at org.springframework.security.web.FilterChainProxy$VirtualFilterChain.doFilter(FilterChainProxy.java:385)
	at org.springframework.security.web.session.SessionManagementFilter.doFilter(SessionManagementFilter.java:132)
	at org.springframework.security.web.session.SessionManagementFilter.doFilter(SessionManagementFilter.java:86)
	at org.springframework.security.web.FilterChainProxy$VirtualFilterChain.doFilter(FilterChainProxy.java:385)
	at org.springframework.security.web.authentication.AnonymousAuthenticationFilter.doFilter(AnonymousAuthenticationFilter.java:100)
	at org.springframework.security.web.FilterChainProxy$VirtualFilterChain.doFilter(FilterChainProxy.java:385)
	at org.springframework.security.web.servletapi.SecurityContextHolderAwareRequestFilter.doFilter(SecurityContextHolderAwareRequestFilter.java:181)
	at org.springframework.security.web.FilterChainProxy$VirtualFilterChain.doFilter(FilterChainProxy.java:385)
	at org.springframework.security.web.savedrequest.RequestCacheAwareFilter.doFilter(RequestCacheAwareFilter.java:63)
	at org.springframework.security.web.FilterChainProxy$VirtualFilterChain.doFilter(FilterChainProxy.java:385)
	at com.induspathfinder.app.security.JwtAuthenticationFilter.doFilterInternal(JwtAuthenticationFilter.java:77)
	at org.springframework.web.filter.OncePerRequestFilter.doFilter(OncePerRequestFilter.java:116)
	at org.springframework.security.web.FilterChainProxy$VirtualFilterChain.doFilter(FilterChainProxy.java:385)
	at org.springframework.security.web.authentication.logout.LogoutFilter.doFilter(LogoutFilter.java:110)
	at org.springframework.security.web.authentication.logout.LogoutFilter.doFilter(LogoutFilter.java:96)
	at org.springframework.security.web.FilterChainProxy$VirtualFilterChain.doFilter(FilterChainProxy.java:385)
	at org.springframework.web.filter.CorsFilter.doFilterInternal(CorsFilter.java:91)
	at org.springframework.web.filter.OncePerRequestFilter.doFilter(OncePerRequestFilter.java:116)
	at org.springframework.security.web.FilterChainProxy$VirtualFilterChain.doFilter(FilterChainProxy.java:385)
	at org.springframework.security.web.header.HeaderWriterFilter.doHeadersAfter(HeaderWriterFilter.java:90)
	at org.springframework.security.web.header.HeaderWriterFilter.doFilterInternal(HeaderWriterFilter.java:75)
	at org.springframework.web.filter.OncePerRequestFilter.doFilter(OncePerRequestFilter.java:116)
	at org.springframework.security.web.FilterChainProxy$VirtualFilterChain.doFilter(FilterChainProxy.java:385)
	at org.springframework.security.web.context.SecurityContextHolderFilter.doFilter(SecurityContextHolderFilter.java:82)
	at org.springframework.security.web.context.SecurityContextHolderFilter.doFilter(SecurityContextHolderFilter.java:69)
	at org.springframework.security.web.FilterChainProxy$VirtualFilterChain.doFilter(FilterChainProxy.java:385)
	at org.springframework.security.web.context.request.async.WebAsyncManagerIntegrationFilter.doFilterInternal(WebAsyncManagerIntegrationFilter.java:62)
	at org.springframework.web.filter.OncePerRequestFilter.doFilter(OncePerRequestFilter.java:116)
	at org.springframework.security.web.FilterChainProxy$VirtualFilterChain.doFilter(FilterChainProxy.java:385)
	at org.springframework.security.web.session.DisableEncodeUrlFilter.doFilterInternal(DisableEncodeUrlFilter.java:42)
	at org.springframework.web.filter.OncePerRequestFilter.doFilter(OncePerRequestFilter.java:116)
	at org.springframework.security.web.FilterChainProxy$VirtualFilterChain.doFilter(FilterChainProxy.java:385)
	at org.springframework.security.web.FilterChainProxy.doFilterInternal(FilterChainProxy.java:237)
	at org.springframework.security.web.FilterChainProxy.doFilter(FilterChainProxy.java:195)
	at org.springframework.web.filter.CompositeFilter$VirtualFilterChain.doFilter(CompositeFilter.java:113)
	at org.springframework.web.filter.ServletRequestPathFilter.doFilter(ServletRequestPathFilter.java:52)
	at org.springframework.web.filter.CompositeFilter$VirtualFilterChain.doFilter(CompositeFilter.java:113)
	at org.springframework.web.filter.CompositeFilter.doFilter(CompositeFilter.java:74)
	at org.springframework.security.config.annotation.web.configuration.WebSecurityConfiguration$CompositeFilterChainProxy.doFilter(WebSecurityConfiguration.java:317)
	at org.springframework.web.filter.DelegatingFilterProxy.invokeDelegate(DelegatingFilterProxy.java:355)
	at org.springframework.web.filter.DelegatingFilterProxy.doFilter(DelegatingFilterProxy.java:272)
	at org.apache.catalina.core.ApplicationFilterChain.doFilter(ApplicationFilterChain.java:107)
	at org.springframework.web.filter.RequestContextFilter.doFilterInternal(RequestContextFilter.java:100)
	at org.springframework.web.filter.OncePerRequestFilter.doFilter(OncePerRequestFilter.java:116)
	at org.apache.catalina.core.ApplicationFilterChain.doFilter(ApplicationFilterChain.java:107)
	at org.springframework.web.filter.FormContentFilter.doFilterInternal(FormContentFilter.java:93)
	at org.springframework.web.filter.OncePerRequestFilter.doFilter(OncePerRequestFilter.java:116)
	at org.apache.catalina.core.ApplicationFilterChain.doFilter(ApplicationFilterChain.java:107)
	at org.springframework.web.filter.CharacterEncodingFilter.doFilterInternal(CharacterEncodingFilter.java:199)
	at org.springframework.web.filter.OncePerRequestFilter.doFilter(OncePerRequestFilter.java:116)
	at org.apache.catalina.core.ApplicationFilterChain.doFilter(ApplicationFilterChain.java:107)
	at org.apache.catalina.core.StandardWrapperValve.invoke(StandardWrapperValve.java:165)
	at org.apache.catalina.core.StandardContextValve.invoke(StandardContextValve.java:77)
	at org.apache.catalina.authenticator.AuthenticatorBase.invoke(AuthenticatorBase.java:492)
	at org.apache.catalina.core.StandardHostValve.invoke(StandardHostValve.java:113)
	at org.apache.catalina.valves.ErrorReportValve.invoke(ErrorReportValve.java:83)
	at org.apache.catalina.core.StandardEngineValve.invoke(StandardEngineValve.java:72)
	at org.apache.catalina.connector.CoyoteAdapter.service(CoyoteAdapter.java:341)
	at org.apache.coyote.http11.Http11Processor.service(Http11Processor.java:397)
	at org.apache.coyote.AbstractProcessorLight.process(AbstractProcessorLight.java:63)
	at org.apache.coyote.AbstractProtocol$ConnectionHandler.process(AbstractProtocol.java:1272)
	at org.apache.tomcat.util.net.NioEndpoint$SocketProcessor.doRun(NioEndpoint.java:1801)
	at org.apache.tomcat.util.net.SocketProcessorBase.run(SocketProcessorBase.java:52)
	at org.apache.tomcat.util.threads.ThreadPoolExecutor.runWorker(ThreadPoolExecutor.java:946)
	at org.apache.tomcat.util.threads.ThreadPoolExecutor$Worker.run(ThreadPoolExecutor.java:480)
	at org.apache.tomcat.util.threads.TaskThread$WrappingRunnable.run(TaskThread.java:57)
	at java.base/java.lang.Thread.run(Thread.java:1583)
2026-09-22 11:20:27 WARN  [http-nio-0.0.0.0-8081-exec-5] ExceptionHandlerExceptionResolver - Resolved [com.induspathfinder.app.exception.BadRequestException: Project cannot be deleted because it contains activities. Please delete all activities first.]
2026-09-22 11:20:40 WARN  [http-nio-0.0.0.0-8081-exec-9] SpringDataJackson3Configuration$PageModule$WarningLoggingModifier - Serializing PageImpl instances as-is is not supported, meaning that there is no guarantee about the stability of the resulting JSON structure!
	For a stable JSON structure, please use Spring Data's PagedModel (globally via @EnableSpringDataWebSupport(pageSerializationMode = VIA_DTO))
	or Spring HATEOAS and Spring Data's PagedResourcesAssembler as documented in https://docs.spring.io/spring-data/commons/reference/repositories/core-extensions.html#core.web.pageables.

2026-09-22 11:21:07 INFO  [http-nio-0.0.0.0-8081-exec-1] AuditLogServiceImpl - Audit log stored. auditId=668, userId=1, username=Ranju Bhai
2026-09-22 11:21:07 INFO  [http-nio-0.0.0.0-8081-exec-1] AuditAspect - Audited successful method. class=ActivityServiceImpl, method=deleteActivity, action=DELETE_ACTIVITY, screen=ACTIVITIES, screenId=null, userId=1, username=Ranju Bhai
2026-09-22 11:21:07 WARN  [http-nio-0.0.0.0-8081-exec-1] error - HHH000247: ErrorCode: 1451, SQLState: 23000
2026-09-22 11:21:07 WARN  [http-nio-0.0.0.0-8081-exec-1] error - Cannot delete or update a parent row: a foreign key constraint fails (`indus_path_finder`.`dependency`, CONSTRAINT `FKa03e6jp4jgxmwikhusgfkb3we` FOREIGN KEY (`predecessor_activity_id`) REFERENCES `activity` (`act_id`))
2026-09-22 11:21:07 WARN  [http-nio-0.0.0.0-8081-exec-1] ExceptionHandlerExceptionResolver - Resolved [org.springframework.dao.DataIntegrityViolationException: could not execute statement [Cannot delete or update a parent row: a foreign key constraint fails (`indus_path_finder`.`dependency`, CONSTRAINT `FKa03e6jp4jgxmwikhusgfkb3we` FOREIGN KEY (`predecessor_activity_id`) REFERENCES `activity` (`act_id`))] [delete from activity where act_id=?]; SQL [delete from activity where act_id=?]; constraint [FKa03e6jp4jgxmwikhusgfkb3we]]
2026-09-22 11:21:12 INFO  [http-nio-0.0.0.0-8081-exec-3] NotificationServiceImpl - Notifications fetched for userId=1. page=0, size=10, totalElements=0
2026-09-22 11:28:36 INFO  [File Watcher] LocalDevToolsAutoConfiguration$RestartingClassPathChangeChangedEventListener - Restarting due to 1 class path change (0 additions, 0 deletions, 1 modification)
2026-09-22 11:28:36 INFO  [Thread-28] GracefulShutdown - Commencing graceful shutdown. Waiting for active requests to complete
2026-09-22 11:28:36 INFO  [tomcat-shutdown] Http11NioProtocol - Pausing ProtocolHandler ["http-nio-0.0.0.0-8081"]
2026-09-22 11:28:36 INFO  [tomcat-shutdown] GracefulShutdown - Graceful shutdown complete
2026-09-22 11:28:36 INFO  [Thread-28] Http11NioProtocol - Stopping ProtocolHandler ["http-nio-0.0.0.0-8081"]
2026-09-22 11:28:36 INFO  [Thread-28] LocalContainerEntityManagerFactoryBean - Closing JPA EntityManagerFactory for persistence unit 'default'
2026-09-22 11:28:36 INFO  [Thread-28] HikariDataSource - HikariPool-7 - Shutdown initiated...
2026-09-22 11:28:36 INFO  [Thread-28] HikariDataSource - HikariPool-7 - Shutdown completed.
2026-09-22 11:28:36 INFO  [restartedMain] IndusPathFinderApplication - Starting IndusPathFinderApplication using Java 21.0.11 with PID 26628 (E:\Indus_Path_Finder(Git)\Induspathfinder\Development\BackEnd\IndusPathFinder\target\classes started by Bharath in E:\Indus_Path_Finder(Git)\Induspathfinder\Development\BackEnd\IndusPathFinder)
2026-09-22 11:28:36 INFO  [restartedMain] IndusPathFinderApplication - No active profile set, falling back to 1 default profile: "default"
2026-09-22 11:28:37 INFO  [restartedMain] RepositoryConfigurationDelegate - Bootstrapping Spring Data JPA repositories in DEFAULT mode.
2026-09-22 11:28:37 INFO  [restartedMain] RepositoryConfigurationDelegate - Finished Spring Data repository scanning in 57 ms. Found 8 JPA repository interfaces.
2026-09-22 11:28:37 INFO  [restartedMain] TomcatWebServer - Tomcat initialized with port 8081 (http)
2026-09-22 11:28:37 INFO  [restartedMain] Http11NioProtocol - Initializing ProtocolHandler ["http-nio-0.0.0.0-8081"]
2026-09-22 11:28:37 INFO  [restartedMain] StandardService - Starting service [Tomcat]
2026-09-22 11:28:37 INFO  [restartedMain] StandardEngine - Starting Servlet engine: [Apache Tomcat/11.0.22]
2026-09-22 11:28:37 INFO  [restartedMain] WebApplicationContextInitializer - Root WebApplicationContext: initialization completed in 862 ms
2026-09-22 11:28:37 INFO  [restartedMain] jpa - HHH008540: Processing PersistenceUnitInfo [name: default]
2026-09-22 11:28:37 INFO  [restartedMain] SpringPersistenceUnitInfo - No LoadTimeWeaver setup: ignoring JPA class transformer
2026-09-22 11:28:37 INFO  [restartedMain] HikariDataSource - HikariPool-8 - Starting...
2026-09-22 11:28:37 INFO  [restartedMain] HikariPool - HikariPool-8 - Added connection com.mysql.cj.jdbc.ConnectionImpl@588a1278
2026-09-22 11:28:37 INFO  [restartedMain] HikariDataSource - HikariPool-8 - Start completed.
2026-09-22 11:28:37 WARN  [restartedMain] deprecation - HHH90000025: MySQLDialect does not need to be specified explicitly using 'hibernate.dialect' (remove the property setting and it will be selected by default)
2026-09-22 11:28:37 INFO  [restartedMain] pooling - HHH10001005: Database info:
	Database JDBC URL [jdbc:mysql://localhost:3306/indus_path_finder]
	Database driver: MySQL Connector/J
	Database dialect: MySQLDialect
	Database version: 8.0.45
	Default catalog/schema: indus_path_finder/undefined
	Autocommit mode: undefined/unknown
	Isolation level: REPEATABLE_READ [default REPEATABLE_READ]
	JDBC fetch size: none
	Pool: DataSourceConnectionProvider
	Minimum pool size: undefined/unknown
	Maximum pool size: undefined/unknown
2026-09-22 11:28:38 INFO  [restartedMain] core - HHH000489: No JTA platform available (set 'hibernate.transaction.jta.platform' to enable JTA platform integration)
2026-09-22 11:28:38 INFO  [restartedMain] LocalContainerEntityManagerFactoryBean - Initialized JPA EntityManagerFactory for persistence unit 'default'
2026-09-22 11:28:39 WARN  [restartedMain] AnnotationConfigServletWebServerApplicationContext - Exception encountered during context initialization - cancelling refresh attempt: org.springframework.beans.factory.UnsatisfiedDependencyException: Error creating bean with name 'CPMController' defined in file [E:\Indus_Path_Finder(Git)\Induspathfinder\Development\BackEnd\IndusPathFinder\target\classes\com\induspathfinder\app\controller\CPMController.class]: Unsatisfied dependency expressed through constructor parameter 0: Error creating bean with name 'CPMServiceImpl' defined in file [E:\Indus_Path_Finder(Git)\Induspathfinder\Development\BackEnd\IndusPathFinder\target\classes\com\induspathfinder\app\serviceimpl\CPMServiceImpl.class]: Unsatisfied dependency expressed through constructor parameter 1: Error creating bean with name 'dependencyRepository' defined in com.induspathfinder.app.repository.DependencyRepository defined in @EnableJpaRepositories declared on DataJpaRepositoriesRegistrar.EnableJpaRepositoriesConfiguration: No property 'activity' found for type 'Dependency'
2026-09-22 11:28:39 INFO  [restartedMain] LocalContainerEntityManagerFactoryBean - Closing JPA EntityManagerFactory for persistence unit 'default'
2026-09-22 11:28:39 INFO  [restartedMain] HikariDataSource - HikariPool-8 - Shutdown initiated...
2026-09-22 11:28:39 INFO  [restartedMain] HikariDataSource - HikariPool-8 - Shutdown completed.
2026-09-22 11:28:39 INFO  [restartedMain] StandardService - Stopping service [Tomcat]
2026-09-22 11:28:39 INFO  [restartedMain] ConditionEvaluationReportLogger - 

Error starting ApplicationContext. To display the condition evaluation report re-run your application with 'debug' enabled.
2026-09-22 11:28:39 ERROR [restartedMain] SpringApplication - Application run failed
org.springframework.beans.factory.UnsatisfiedDependencyException: Error creating bean with name 'CPMController' defined in file [E:\Indus_Path_Finder(Git)\Induspathfinder\Development\BackEnd\IndusPathFinder\target\classes\com\induspathfinder\app\controller\CPMController.class]: Unsatisfied dependency expressed through constructor parameter 0: Error creating bean with name 'CPMServiceImpl' defined in file [E:\Indus_Path_Finder(Git)\Induspathfinder\Development\BackEnd\IndusPathFinder\target\classes\com\induspathfinder\app\serviceimpl\CPMServiceImpl.class]: Unsatisfied dependency expressed through constructor parameter 1: Error creating bean with name 'dependencyRepository' defined in com.induspathfinder.app.repository.DependencyRepository defined in @EnableJpaRepositories declared on DataJpaRepositoriesRegistrar.EnableJpaRepositoriesConfiguration: No property 'activity' found for type 'Dependency'
	at org.springframework.beans.factory.support.ConstructorResolver.createArgumentArray(ConstructorResolver.java:804)
	at org.springframework.beans.factory.support.ConstructorResolver.autowireConstructor(ConstructorResolver.java:240)
	at org.springframework.beans.factory.support.AbstractAutowireCapableBeanFactory.autowireConstructor(AbstractAutowireCapableBeanFactory.java:1380)
	at org.springframework.beans.factory.support.AbstractAutowireCapableBeanFactory.createBeanInstance(AbstractAutowireCapableBeanFactory.java:1219)
	at org.springframework.beans.factory.support.AbstractAutowireCapableBeanFactory.doCreateBean(AbstractAutowireCapableBeanFactory.java:565)
	at org.springframework.beans.factory.support.AbstractAutowireCapableBeanFactory.createBean(AbstractAutowireCapableBeanFactory.java:525)
	at org.springframework.beans.factory.support.AbstractBeanFactory.lambda$doGetBean$0(AbstractBeanFactory.java:333)
	at org.springframework.beans.factory.support.DefaultSingletonBeanRegistry.getSingleton(DefaultSingletonBeanRegistry.java:371)
	at org.springframework.beans.factory.support.AbstractBeanFactory.doGetBean(AbstractBeanFactory.java:331)
	at org.springframework.beans.factory.support.AbstractBeanFactory.getBean(AbstractBeanFactory.java:196)
	at org.springframework.beans.factory.support.DefaultListableBeanFactory.instantiateSingleton(DefaultListableBeanFactory.java:1225)
	at org.springframework.beans.factory.support.DefaultListableBeanFactory.preInstantiateSingleton(DefaultListableBeanFactory.java:1191)
	at org.springframework.beans.factory.support.DefaultListableBeanFactory.preInstantiateSingletons(DefaultListableBeanFactory.java:1121)
	at org.springframework.context.support.AbstractApplicationContext.finishBeanFactoryInitialization(AbstractApplicationContext.java:994)
	at org.springframework.context.support.AbstractApplicationContext.refresh(AbstractApplicationContext.java:621)
	at org.springframework.boot.web.server.servlet.context.ServletWebServerApplicationContext.refresh(ServletWebServerApplicationContext.java:143)
	at org.springframework.boot.SpringApplication.refresh(SpringApplication.java:756)
	at org.springframework.boot.SpringApplication.refreshContext(SpringApplication.java:445)
	at org.springframework.boot.SpringApplication.run(SpringApplication.java:321)
	at org.springframework.boot.SpringApplication.run(SpringApplication.java:1365)
	at org.springframework.boot.SpringApplication.run(SpringApplication.java:1354)
	at com.induspathfinder.app.IndusPathFinderApplication.main(IndusPathFinderApplication.java:26)
	at java.base/jdk.internal.reflect.DirectMethodHandleAccessor.invoke(DirectMethodHandleAccessor.java:103)
	at java.base/java.lang.reflect.Method.invoke(Method.java:580)
	at org.springframework.boot.devtools.restart.RestartLauncher.run(RestartLauncher.java:52)
Caused by: org.springframework.beans.factory.UnsatisfiedDependencyException: Error creating bean with name 'CPMServiceImpl' defined in file [E:\Indus_Path_Finder(Git)\Induspathfinder\Development\BackEnd\IndusPathFinder\target\classes\com\induspathfinder\app\serviceimpl\CPMServiceImpl.class]: Unsatisfied dependency expressed through constructor parameter 1: Error creating bean with name 'dependencyRepository' defined in com.induspathfinder.app.repository.DependencyRepository defined in @EnableJpaRepositories declared on DataJpaRepositoriesRegistrar.EnableJpaRepositoriesConfiguration: No property 'activity' found for type 'Dependency'
	at org.springframework.beans.factory.support.ConstructorResolver.createArgumentArray(ConstructorResolver.java:804)
	at org.springframework.beans.factory.support.ConstructorResolver.autowireConstructor(ConstructorResolver.java:240)
	at org.springframework.beans.factory.support.AbstractAutowireCapableBeanFactory.autowireConstructor(AbstractAutowireCapableBeanFactory.java:1380)
	at org.springframework.beans.factory.support.AbstractAutowireCapableBeanFactory.createBeanInstance(AbstractAutowireCapableBeanFactory.java:1219)
	at org.springframework.beans.factory.support.AbstractAutowireCapableBeanFactory.doCreateBean(AbstractAutowireCapableBeanFactory.java:565)
	at org.springframework.beans.factory.support.AbstractAutowireCapableBeanFactory.createBean(AbstractAutowireCapableBeanFactory.java:525)
	at org.springframework.beans.factory.support.AbstractBeanFactory.lambda$doGetBean$0(AbstractBeanFactory.java:333)
	at org.springframework.beans.factory.support.DefaultSingletonBeanRegistry.getSingleton(DefaultSingletonBeanRegistry.java:371)
	at org.springframework.beans.factory.support.AbstractBeanFactory.doGetBean(AbstractBeanFactory.java:331)
	at org.springframework.beans.factory.support.AbstractBeanFactory.getBean(AbstractBeanFactory.java:201)
	at org.springframework.beans.factory.config.DependencyDescriptor.resolveCandidate(DependencyDescriptor.java:229)
	at org.springframework.beans.factory.support.DefaultListableBeanFactory.doResolveDependency(DefaultListableBeanFactory.java:1769)
	at org.springframework.beans.factory.support.DefaultListableBeanFactory.resolveDependency(DefaultListableBeanFactory.java:1658)
	at org.springframework.beans.factory.support.ConstructorResolver.resolveAutowiredArgument(ConstructorResolver.java:912)
	at org.springframework.beans.factory.support.ConstructorResolver.createArgumentArray(ConstructorResolver.java:791)
	... 24 more
Caused by: org.springframework.beans.factory.BeanCreationException: Error creating bean with name 'dependencyRepository' defined in com.induspathfinder.app.repository.DependencyRepository defined in @EnableJpaRepositories declared on DataJpaRepositoriesRegistrar.EnableJpaRepositoriesConfiguration: No property 'activity' found for type 'Dependency'
	at org.springframework.beans.factory.support.AbstractAutowireCapableBeanFactory.initializeBean(AbstractAutowireCapableBeanFactory.java:1815)
	at org.springframework.beans.factory.support.AbstractAutowireCapableBeanFactory.doCreateBean(AbstractAutowireCapableBeanFactory.java:603)
	at org.springframework.beans.factory.support.AbstractAutowireCapableBeanFactory.createBean(AbstractAutowireCapableBeanFactory.java:525)
	at org.springframework.beans.factory.support.AbstractBeanFactory.lambda$doGetBean$0(AbstractBeanFactory.java:333)
	at org.springframework.beans.factory.support.DefaultSingletonBeanRegistry.getSingleton(DefaultSingletonBeanRegistry.java:371)
	at org.springframework.beans.factory.support.AbstractBeanFactory.doGetBean(AbstractBeanFactory.java:331)
	at org.springframework.beans.factory.support.AbstractBeanFactory.getBean(AbstractBeanFactory.java:201)
	at org.springframework.beans.factory.support.DefaultListableBeanFactory.resolveBean(DefaultListableBeanFactory.java:1232)
	at org.springframework.beans.factory.support.DefaultListableBeanFactory.doResolveDependency(DefaultListableBeanFactory.java:1711)
	at org.springframework.beans.factory.support.DefaultListableBeanFactory.resolveDependency(DefaultListableBeanFactory.java:1658)
	at org.springframework.beans.factory.support.ConstructorResolver.resolveAutowiredArgument(ConstructorResolver.java:912)
	at org.springframework.beans.factory.support.ConstructorResolver.createArgumentArray(ConstructorResolver.java:791)
	... 38 more
Caused by: org.springframework.data.repository.query.QueryCreationException: Cannot create query for method [DependencyRepository.existsByActivity_ActId(java.lang.Long)]; No property 'activity' found for type 'Dependency'
	at org.springframework.data.repository.query.QueryCreationException.create(QueryCreationException.java:109)
	at org.springframework.data.jpa.repository.query.PartTreeJpaQuery.<init>(PartTreeJpaQuery.java:114)
	at org.springframework.data.jpa.repository.query.JpaQueryLookupStrategy$CreateQueryLookupStrategy.resolveQuery(JpaQueryLookupStrategy.java:118)
	at org.springframework.data.jpa.repository.query.JpaQueryLookupStrategy$CreateIfNotFoundQueryLookupStrategy.resolveQuery(JpaQueryLookupStrategy.java:291)
	at org.springframework.data.jpa.repository.query.JpaQueryLookupStrategy$AbstractQueryLookupStrategy.resolveQuery(JpaQueryLookupStrategy.java:93)
	at org.springframework.data.repository.core.support.QueryExecutorMethodInterceptor.lookupQuery(QueryExecutorMethodInterceptor.java:114)
	at org.springframework.data.repository.core.support.QueryExecutorMethodInterceptor.mapMethodsToQuery(QueryExecutorMethodInterceptor.java:102)
	at org.springframework.data.repository.core.support.QueryExecutorMethodInterceptor.<init>(QueryExecutorMethodInterceptor.java:90)
	at org.springframework.data.repository.core.support.RepositoryFactorySupport.getRepository(RepositoryFactorySupport.java:413)
	at org.springframework.data.repository.core.support.RepositoryFactoryBeanSupport.lambda$afterPropertiesSet$1(RepositoryFactoryBeanSupport.java:361)
	at org.springframework.data.util.Lazy.getNullable(Lazy.java:136)
	at org.springframework.data.util.Lazy.get(Lazy.java:114)
	at org.springframework.data.repository.core.support.RepositoryFactoryBeanSupport.afterPropertiesSet(RepositoryFactoryBeanSupport.java:370)
	at org.springframework.data.jpa.repository.support.JpaRepositoryFactoryBean.afterPropertiesSet(JpaRepositoryFactoryBean.java:212)
	at org.springframework.beans.factory.support.AbstractAutowireCapableBeanFactory.invokeInitMethods(AbstractAutowireCapableBeanFactory.java:1862)
	at org.springframework.beans.factory.support.AbstractAutowireCapableBeanFactory.initializeBean(AbstractAutowireCapableBeanFactory.java:1811)
	... 49 more
Caused by: org.springframework.data.core.PropertyReferenceException: No property 'activity' found for type 'Dependency'
	at org.springframework.data.core.SimplePropertyPath.<init>(SimplePropertyPath.java:94)
	at org.springframework.data.core.SimplePropertyPath.create(SimplePropertyPath.java:322)
	at org.springframework.data.core.SimplePropertyPath.create(SimplePropertyPath.java:297)
	at org.springframework.data.core.SimplePropertyPath.lambda$from$0(SimplePropertyPath.java:250)
	at org.springframework.util.ConcurrentReferenceHashMap$6.execute(ConcurrentReferenceHashMap.java:387)
	at org.springframework.util.ConcurrentReferenceHashMap$Segment.doTask(ConcurrentReferenceHashMap.java:688)
	at org.springframework.util.ConcurrentReferenceHashMap.doTask(ConcurrentReferenceHashMap.java:572)
	at org.springframework.util.ConcurrentReferenceHashMap.computeIfAbsent(ConcurrentReferenceHashMap.java:381)
	at org.springframework.data.core.SimplePropertyPath.from(SimplePropertyPath.java:228)
	at org.springframework.data.core.PropertyPath.from(PropertyPath.java:264)
	at org.springframework.data.core.PropertyPath.from(PropertyPath.java:247)
	at org.springframework.data.repository.query.parser.Part.<init>(Part.java:81)
	at org.springframework.data.repository.query.parser.PartTree$OrPart.lambda$new$0(PartTree.java:260)
	at java.base/java.util.stream.ReferencePipeline$3$1.accept(ReferencePipeline.java:197)
	at java.base/java.util.stream.ReferencePipeline$2$1.accept(ReferencePipeline.java:179)
	at java.base/java.util.Spliterators$ArraySpliterator.forEachRemaining(Spliterators.java:1024)
	at java.base/java.util.stream.AbstractPipeline.copyInto(AbstractPipeline.java:509)
	at java.base/java.util.stream.AbstractPipeline.wrapAndCopyInto(AbstractPipeline.java:499)
	at java.base/java.util.stream.ReduceOps$ReduceOp.evaluateSequential(ReduceOps.java:921)
	at java.base/java.util.stream.AbstractPipeline.evaluate(AbstractPipeline.java:234)
	at java.base/java.util.stream.ReferencePipeline.collect(ReferencePipeline.java:682)
	at org.springframework.data.repository.query.parser.PartTree$OrPart.<init>(PartTree.java:261)
	at org.springframework.data.repository.query.parser.PartTree$Predicate.lambda$new$0(PartTree.java:390)
	at java.base/java.util.stream.ReferencePipeline$3$1.accept(ReferencePipeline.java:197)
	at java.base/java.util.stream.ReferencePipeline$2$1.accept(ReferencePipeline.java:179)
	at java.base/java.util.Spliterators$ArraySpliterator.forEachRemaining(Spliterators.java:1024)
	at java.base/java.util.stream.AbstractPipeline.copyInto(AbstractPipeline.java:509)
	at java.base/java.util.stream.AbstractPipeline.wrapAndCopyInto(AbstractPipeline.java:499)
	at java.base/java.util.stream.ReduceOps$ReduceOp.evaluateSequential(ReduceOps.java:921)
	at java.base/java.util.stream.AbstractPipeline.evaluate(AbstractPipeline.java:234)
	at java.base/java.util.stream.ReferencePipeline.collect(ReferencePipeline.java:682)
	at org.springframework.data.repository.query.parser.PartTree$Predicate.<init>(PartTree.java:391)
	at org.springframework.data.repository.query.parser.PartTree.<init>(PartTree.java:104)
	at org.springframework.data.jpa.repository.query.PartTreeJpaQuery.<init>(PartTreeJpaQuery.java:108)
	... 63 more
2026-09-22 11:28:43 INFO  [background-preinit] Version - HV000001: Hibernate Validator 9.1.0.Final
2026-09-22 11:28:44 INFO  [main] IndusPathFinderApplication - Starting IndusPathFinderApplication using Java 21.0.11 with PID 23312 (E:\Indus_Path_Finder(Git)\Induspathfinder\Development\BackEnd\IndusPathFinder\target\classes started by Bharath in E:\Indus_Path_Finder(Git)\Induspathfinder\Development\BackEnd\IndusPathFinder)
2026-09-22 11:28:44 INFO  [main] IndusPathFinderApplication - No active profile set, falling back to 1 default profile: "default"
2026-09-22 11:28:45 INFO  [main] RepositoryConfigurationDelegate - Bootstrapping Spring Data JPA repositories in DEFAULT mode.
2026-09-22 11:28:45 INFO  [main] RepositoryConfigurationDelegate - Finished Spring Data repository scanning in 113 ms. Found 8 JPA repository interfaces.
2026-09-22 11:28:48 INFO  [main] jpa - HHH008540: Processing PersistenceUnitInfo [name: AotMetamodel]
2026-09-22 11:28:48 INFO  [main] core - HHH000001: Hibernate ORM core version 7.4.1.Final
2026-09-22 11:28:48 INFO  [main] SpringPersistenceUnitInfo - No LoadTimeWeaver setup: ignoring JPA class transformer
2026-09-22 11:28:48 WARN  [main] deprecation - HHH90000025: MySQLDialect does not need to be specified explicitly using 'hibernate.dialect' (remove the property setting and it will be selected by default)
2026-09-22 11:28:48 INFO  [main] pooling - HHH10001005: Database info:
	Database JDBC URL [undefined/unknown]
	Database driver: undefined/unknown
	Database dialect: MySQLDialect
	Database version: 8.0
	Default catalog/schema: unknown/unknown
	Autocommit mode: undefined/unknown
	Isolation level: <unknown>
	JDBC fetch size: undefined/unknown
	Pool: undefined/unknown
	Minimum pool size: undefined/unknown
	Maximum pool size: undefined/unknown
2026-09-22 11:28:50 INFO  [main] core - HHH000489: No JTA platform available (set 'hibernate.transaction.jta.platform' to enable JTA platform integration)
2026-09-22 11:28:51 INFO  [main] QueryEnhancerFactories - Hibernate is in classpath; If applicable, HQL parser will be used.
2026-09-22 11:28:51 ERROR [main] AotRepositoryCreator - Failed to contribute Repository method [com.induspathfinder.app.repository.DependencyRepository.existsByActivity_ActId(java.lang.Long)]
org.springframework.data.core.PropertyReferenceException: No property 'activity' found for type 'Dependency'
	at org.springframework.data.core.SimplePropertyPath.<init>(SimplePropertyPath.java:94)
	at org.springframework.data.core.SimplePropertyPath.create(SimplePropertyPath.java:322)
	at org.springframework.data.core.SimplePropertyPath.create(SimplePropertyPath.java:297)
	at org.springframework.data.core.SimplePropertyPath.lambda$from$0(SimplePropertyPath.java:250)
	at org.springframework.util.ConcurrentReferenceHashMap$6.execute(ConcurrentReferenceHashMap.java:387)
	at org.springframework.util.ConcurrentReferenceHashMap$Segment.doTask(ConcurrentReferenceHashMap.java:688)
	at org.springframework.util.ConcurrentReferenceHashMap.doTask(ConcurrentReferenceHashMap.java:572)
	at org.springframework.util.ConcurrentReferenceHashMap.computeIfAbsent(ConcurrentReferenceHashMap.java:381)
	at org.springframework.data.core.SimplePropertyPath.from(SimplePropertyPath.java:228)
	at org.springframework.data.core.PropertyPath.from(PropertyPath.java:264)
	at org.springframework.data.core.PropertyPath.from(PropertyPath.java:247)
	at org.springframework.data.repository.query.parser.Part.<init>(Part.java:81)
	at org.springframework.data.repository.query.parser.PartTree$OrPart.lambda$new$0(PartTree.java:260)
	at java.base/java.util.stream.ReferencePipeline$3$1.accept(ReferencePipeline.java:197)
	at java.base/java.util.stream.ReferencePipeline$2$1.accept(ReferencePipeline.java:179)
	at java.base/java.util.Spliterators$ArraySpliterator.forEachRemaining(Spliterators.java:1024)
	at java.base/java.util.stream.AbstractPipeline.copyInto(AbstractPipeline.java:509)
	at java.base/java.util.stream.AbstractPipeline.wrapAndCopyInto(AbstractPipeline.java:499)
	at java.base/java.util.stream.ReduceOps$ReduceOp.evaluateSequential(ReduceOps.java:921)
	at java.base/java.util.stream.AbstractPipeline.evaluate(AbstractPipeline.java:234)
	at java.base/java.util.stream.ReferencePipeline.collect(ReferencePipeline.java:682)
	at org.springframework.data.repository.query.parser.PartTree$OrPart.<init>(PartTree.java:261)
	at org.springframework.data.repository.query.parser.PartTree$Predicate.lambda$new$0(PartTree.java:390)
	at java.base/java.util.stream.ReferencePipeline$3$1.accept(ReferencePipeline.java:197)
	at java.base/java.util.stream.ReferencePipeline$2$1.accept(ReferencePipeline.java:179)
	at java.base/java.util.Spliterators$ArraySpliterator.forEachRemaining(Spliterators.java:1024)
	at java.base/java.util.stream.AbstractPipeline.copyInto(AbstractPipeline.java:509)
	at java.base/java.util.stream.AbstractPipeline.wrapAndCopyInto(AbstractPipeline.java:499)
	at java.base/java.util.stream.ReduceOps$ReduceOp.evaluateSequential(ReduceOps.java:921)
	at java.base/java.util.stream.AbstractPipeline.evaluate(AbstractPipeline.java:234)
	at java.base/java.util.stream.ReferencePipeline.collect(ReferencePipeline.java:682)
	at org.springframework.data.repository.query.parser.PartTree$Predicate.<init>(PartTree.java:391)
	at org.springframework.data.repository.query.parser.PartTree.<init>(PartTree.java:104)
	at org.springframework.data.jpa.repository.aot.QueriesFactory.buildPartTreeQuery(QueriesFactory.java:271)
	at org.springframework.data.jpa.repository.aot.QueriesFactory.createQueries(QueriesFactory.java:136)
	at org.springframework.data.jpa.repository.aot.JpaRepositoryContributor.contributeQueryMethod(JpaRepositoryContributor.java:197)
	at org.springframework.data.repository.aot.generate.AotRepositoryCreator.contributeMethod(AotRepositoryCreator.java:292)
	at org.springframework.data.repository.aot.generate.AotRepositoryCreator.lambda$contributeMethods$1(AotRepositoryCreator.java:238)
	at java.base/java.util.stream.ForEachOps$ForEachOp$OfRef.accept(ForEachOps.java:184)
	at java.base/java.util.stream.SortedOps$SizedRefSortingSink.end(SortedOps.java:357)
	at java.base/java.util.stream.AbstractPipeline.copyInto(AbstractPipeline.java:510)
	at java.base/java.util.stream.AbstractPipeline.wrapAndCopyInto(AbstractPipeline.java:499)
	at java.base/java.util.stream.ForEachOps$ForEachOp.evaluateSequential(ForEachOps.java:151)
	at java.base/java.util.stream.ForEachOps$ForEachOp$OfRef.evaluateSequential(ForEachOps.java:174)
	at java.base/java.util.stream.AbstractPipeline.evaluate(AbstractPipeline.java:234)
	at java.base/java.util.stream.ReferencePipeline.forEach(ReferencePipeline.java:596)
	at org.springframework.data.repository.aot.generate.AotRepositoryCreator.contributeMethods(AotRepositoryCreator.java:235)
	at org.springframework.data.repository.aot.generate.RepositoryContributor.contribute(RepositoryContributor.java:121)
	at org.springframework.data.repository.config.RepositoryRegistrationAotContribution.applyTo(RepositoryRegistrationAotContribution.java:66)
	at org.springframework.beans.factory.aot.BeanDefinitionMethodGenerator.lambda$generateBeanDefinitionMethod$0(BeanDefinitionMethodGenerator.java:165)
	at java.base/java.util.ArrayList.forEach(ArrayList.java:1596)
	at org.springframework.beans.factory.aot.BeanDefinitionMethodGenerator.generateBeanDefinitionMethod(BeanDefinitionMethodGenerator.java:165)
	at org.springframework.beans.factory.aot.BeanDefinitionMethodGenerator.generateBeanDefinitionMethod(BeanDefinitionMethodGenerator.java:89)
	at org.springframework.beans.factory.aot.BeanRegistrationsAotContribution$BeanDefinitionsRegistrationGenerator.generateBeanRegistration(BeanRegistrationsAotContribution.java:289)
	at org.springframework.beans.factory.aot.BeanRegistrationsAotContribution$BeanDefinitionsRegistrationGenerator.lambda$generateRegisterBeanDefinitionMethods$0(BeanRegistrationsAotContribution.java:272)
	at java.base/java.lang.Iterable.forEach(Iterable.java:75)
	at org.springframework.beans.factory.aot.BeanRegistrationsAotContribution$BeanDefinitionsRegistrationGenerator.generateRegisterBeanDefinitionMethods(BeanRegistrationsAotContribution.java:270)
	at org.springframework.beans.factory.aot.BeanRegistrationsAotContribution$BeanDefinitionsRegistrationGenerator.generateBeanRegistrationsCode(BeanRegistrationsAotContribution.java:238)
	at org.springframework.beans.factory.aot.BeanRegistrationsAotContribution.lambda$generateBeanRegistrationClass$0(BeanRegistrationsAotContribution.java:116)
	at org.springframework.aot.generate.GeneratedMethod.<init>(GeneratedMethod.java:54)
	at org.springframework.aot.generate.GeneratedMethods.add(GeneratedMethods.java:112)
	at org.springframework.aot.generate.GeneratedMethods.add(GeneratedMethods.java:89)
	at org.springframework.beans.factory.aot.BeanRegistrationsAotContribution.generateBeanRegistrationClass(BeanRegistrationsAotContribution.java:110)
	at org.springframework.beans.factory.aot.BeanRegistrationsAotContribution.generateBeanRegistrationCode(BeanRegistrationsAotContribution.java:88)
	at org.springframework.beans.factory.aot.BeanRegistrationsAotContribution.applyTo(BeanRegistrationsAotContribution.java:77)
	at org.springframework.context.aot.BeanFactoryInitializationAotContributions.applyTo(BeanFactoryInitializationAotContributions.java:94)
	at org.springframework.context.aot.ApplicationContextAotGenerator.lambda$processAheadOfTime$0(ApplicationContextAotGenerator.java:59)
	at org.springframework.context.aot.ApplicationContextAotGenerator.withCglibClassHandler(ApplicationContextAotGenerator.java:68)
	at org.springframework.context.aot.ApplicationContextAotGenerator.processAheadOfTime(ApplicationContextAotGenerator.java:54)
	at org.springframework.context.aot.ContextAotProcessor.performAotProcessing(ContextAotProcessor.java:107)
	at org.springframework.context.aot.ContextAotProcessor.doProcess(ContextAotProcessor.java:84)
	at org.springframework.context.aot.ContextAotProcessor.doProcess(ContextAotProcessor.java:49)
	at org.springframework.context.aot.AbstractAotProcessor.process(AbstractAotProcessor.java:84)
	at org.springframework.boot.SpringApplicationAotProcessor.main(SpringApplicationAotProcessor.java:96)
2026-09-22 11:29:08 INFO  [restartedMain] IndusPathFinderApplication - Starting IndusPathFinderApplication using Java 21.0.11 with PID 26628 (E:\Indus_Path_Finder(Git)\Induspathfinder\Development\BackEnd\IndusPathFinder\target\classes started by Bharath in E:\Indus_Path_Finder(Git)\Induspathfinder\Development\BackEnd\IndusPathFinder)
2026-09-22 11:29:08 INFO  [restartedMain] IndusPathFinderApplication - No active profile set, falling back to 1 default profile: "default"
2026-09-22 11:29:09 INFO  [restartedMain] RepositoryConfigurationDelegate - Bootstrapping Spring Data JPA repositories in DEFAULT mode.
2026-09-22 11:29:09 INFO  [restartedMain] RepositoryConfigurationDelegate - Finished Spring Data repository scanning in 68 ms. Found 8 JPA repository interfaces.
2026-09-22 11:29:10 INFO  [restartedMain] TomcatWebServer - Tomcat initialized with port 8081 (http)
2026-09-22 11:29:10 INFO  [restartedMain] Http11NioProtocol - Initializing ProtocolHandler ["http-nio-0.0.0.0-8081"]
2026-09-22 11:29:10 INFO  [restartedMain] StandardService - Starting service [Tomcat]
2026-09-22 11:29:10 INFO  [restartedMain] StandardEngine - Starting Servlet engine: [Apache Tomcat/11.0.22]
2026-09-22 11:29:10 INFO  [restartedMain] WebApplicationContextInitializer - Root WebApplicationContext: initialization completed in 1192 ms
2026-09-22 11:29:10 INFO  [restartedMain] jpa - HHH008540: Processing PersistenceUnitInfo [name: default]
2026-09-22 11:29:10 INFO  [restartedMain] SpringPersistenceUnitInfo - No LoadTimeWeaver setup: ignoring JPA class transformer
2026-09-22 11:29:10 INFO  [restartedMain] HikariDataSource - HikariPool-9 - Starting...
2026-09-22 11:29:10 INFO  [restartedMain] HikariPool - HikariPool-9 - Added connection com.mysql.cj.jdbc.ConnectionImpl@267c9bcb
2026-09-22 11:29:10 INFO  [restartedMain] HikariDataSource - HikariPool-9 - Start completed.
2026-09-22 11:29:10 WARN  [restartedMain] deprecation - HHH90000025: MySQLDialect does not need to be specified explicitly using 'hibernate.dialect' (remove the property setting and it will be selected by default)
2026-09-22 11:29:10 INFO  [restartedMain] pooling - HHH10001005: Database info:
	Database JDBC URL [jdbc:mysql://localhost:3306/indus_path_finder]
	Database driver: MySQL Connector/J
	Database dialect: MySQLDialect
	Database version: 8.0.45
	Default catalog/schema: indus_path_finder/undefined
	Autocommit mode: undefined/unknown
	Isolation level: REPEATABLE_READ [default REPEATABLE_READ]
	JDBC fetch size: none
	Pool: DataSourceConnectionProvider
	Minimum pool size: undefined/unknown
	Maximum pool size: undefined/unknown
2026-09-22 11:29:10 INFO  [restartedMain] core - HHH000489: No JTA platform available (set 'hibernate.transaction.jta.platform' to enable JTA platform integration)
2026-09-22 11:29:10 INFO  [restartedMain] LocalContainerEntityManagerFactoryBean - Initialized JPA EntityManagerFactory for persistence unit 'default'
2026-09-22 11:29:11 WARN  [restartedMain] AnnotationConfigServletWebServerApplicationContext - Exception encountered during context initialization - cancelling refresh attempt: org.springframework.beans.factory.UnsatisfiedDependencyException: Error creating bean with name 'CPMController' defined in file [E:\Indus_Path_Finder(Git)\Induspathfinder\Development\BackEnd\IndusPathFinder\target\classes\com\induspathfinder\app\controller\CPMController.class]: Unsatisfied dependency expressed through constructor parameter 0: Error creating bean with name 'CPMServiceImpl' defined in file [E:\Indus_Path_Finder(Git)\Induspathfinder\Development\BackEnd\IndusPathFinder\target\classes\com\induspathfinder\app\serviceimpl\CPMServiceImpl.class]: Unsatisfied dependency expressed through constructor parameter 1: Error creating bean with name 'dependencyRepository' defined in com.induspathfinder.app.repository.DependencyRepository defined in @EnableJpaRepositories declared on DataJpaRepositoriesRegistrar.EnableJpaRepositoriesConfiguration: No property 'activity' found for type 'Dependency'
2026-09-22 11:29:11 INFO  [restartedMain] LocalContainerEntityManagerFactoryBean - Closing JPA EntityManagerFactory for persistence unit 'default'
2026-09-22 11:29:11 INFO  [restartedMain] HikariDataSource - HikariPool-9 - Shutdown initiated...
2026-09-22 11:29:11 INFO  [restartedMain] HikariDataSource - HikariPool-9 - Shutdown completed.
2026-09-22 11:29:11 INFO  [restartedMain] StandardService - Stopping service [Tomcat]
2026-09-22 11:29:11 INFO  [restartedMain] ConditionEvaluationReportLogger - 

Error starting ApplicationContext. To display the condition evaluation report re-run your application with 'debug' enabled.
2026-09-22 11:29:11 ERROR [restartedMain] SpringApplication - Application run failed
org.springframework.beans.factory.UnsatisfiedDependencyException: Error creating bean with name 'CPMController' defined in file [E:\Indus_Path_Finder(Git)\Induspathfinder\Development\BackEnd\IndusPathFinder\target\classes\com\induspathfinder\app\controller\CPMController.class]: Unsatisfied dependency expressed through constructor parameter 0: Error creating bean with name 'CPMServiceImpl' defined in file [E:\Indus_Path_Finder(Git)\Induspathfinder\Development\BackEnd\IndusPathFinder\target\classes\com\induspathfinder\app\serviceimpl\CPMServiceImpl.class]: Unsatisfied dependency expressed through constructor parameter 1: Error creating bean with name 'dependencyRepository' defined in com.induspathfinder.app.repository.DependencyRepository defined in @EnableJpaRepositories declared on DataJpaRepositoriesRegistrar.EnableJpaRepositoriesConfiguration: No property 'activity' found for type 'Dependency'
	at org.springframework.beans.factory.support.ConstructorResolver.createArgumentArray(ConstructorResolver.java:804)
	at org.springframework.beans.factory.support.ConstructorResolver.autowireConstructor(ConstructorResolver.java:240)
	at org.springframework.beans.factory.support.AbstractAutowireCapableBeanFactory.autowireConstructor(AbstractAutowireCapableBeanFactory.java:1380)
	at org.springframework.beans.factory.support.AbstractAutowireCapableBeanFactory.createBeanInstance(AbstractAutowireCapableBeanFactory.java:1219)
	at org.springframework.beans.factory.support.AbstractAutowireCapableBeanFactory.doCreateBean(AbstractAutowireCapableBeanFactory.java:565)
	at org.springframework.beans.factory.support.AbstractAutowireCapableBeanFactory.createBean(AbstractAutowireCapableBeanFactory.java:525)
	at org.springframework.beans.factory.support.AbstractBeanFactory.lambda$doGetBean$0(AbstractBeanFactory.java:333)
	at org.springframework.beans.factory.support.DefaultSingletonBeanRegistry.getSingleton(DefaultSingletonBeanRegistry.java:371)
	at org.springframework.beans.factory.support.AbstractBeanFactory.doGetBean(AbstractBeanFactory.java:331)
	at org.springframework.beans.factory.support.AbstractBeanFactory.getBean(AbstractBeanFactory.java:196)
	at org.springframework.beans.factory.support.DefaultListableBeanFactory.instantiateSingleton(DefaultListableBeanFactory.java:1225)
	at org.springframework.beans.factory.support.DefaultListableBeanFactory.preInstantiateSingleton(DefaultListableBeanFactory.java:1191)
	at org.springframework.beans.factory.support.DefaultListableBeanFactory.preInstantiateSingletons(DefaultListableBeanFactory.java:1121)
	at org.springframework.context.support.AbstractApplicationContext.finishBeanFactoryInitialization(AbstractApplicationContext.java:994)
	at org.springframework.context.support.AbstractApplicationContext.refresh(AbstractApplicationContext.java:621)
	at org.springframework.boot.web.server.servlet.context.ServletWebServerApplicationContext.refresh(ServletWebServerApplicationContext.java:143)
	at org.springframework.boot.SpringApplication.refresh(SpringApplication.java:756)
	at org.springframework.boot.SpringApplication.refreshContext(SpringApplication.java:445)
	at org.springframework.boot.SpringApplication.run(SpringApplication.java:321)
	at org.springframework.boot.SpringApplication.run(SpringApplication.java:1365)
	at org.springframework.boot.SpringApplication.run(SpringApplication.java:1354)
	at com.induspathfinder.app.IndusPathFinderApplication.main(IndusPathFinderApplication.java:26)
	at java.base/jdk.internal.reflect.DirectMethodHandleAccessor.invoke(DirectMethodHandleAccessor.java:103)
	at java.base/java.lang.reflect.Method.invoke(Method.java:580)
	at org.springframework.boot.devtools.restart.RestartLauncher.run(RestartLauncher.java:52)
Caused by: org.springframework.beans.factory.UnsatisfiedDependencyException: Error creating bean with name 'CPMServiceImpl' defined in file [E:\Indus_Path_Finder(Git)\Induspathfinder\Development\BackEnd\IndusPathFinder\target\classes\com\induspathfinder\app\serviceimpl\CPMServiceImpl.class]: Unsatisfied dependency expressed through constructor parameter 1: Error creating bean with name 'dependencyRepository' defined in com.induspathfinder.app.repository.DependencyRepository defined in @EnableJpaRepositories declared on DataJpaRepositoriesRegistrar.EnableJpaRepositoriesConfiguration: No property 'activity' found for type 'Dependency'
	at org.springframework.beans.factory.support.ConstructorResolver.createArgumentArray(ConstructorResolver.java:804)
	at org.springframework.beans.factory.support.ConstructorResolver.autowireConstructor(ConstructorResolver.java:240)
	at org.springframework.beans.factory.support.AbstractAutowireCapableBeanFactory.autowireConstructor(AbstractAutowireCapableBeanFactory.java:1380)
	at org.springframework.beans.factory.support.AbstractAutowireCapableBeanFactory.createBeanInstance(AbstractAutowireCapableBeanFactory.java:1219)
	at org.springframework.beans.factory.support.AbstractAutowireCapableBeanFactory.doCreateBean(AbstractAutowireCapableBeanFactory.java:565)
	at org.springframework.beans.factory.support.AbstractAutowireCapableBeanFactory.createBean(AbstractAutowireCapableBeanFactory.java:525)
	at org.springframework.beans.factory.support.AbstractBeanFactory.lambda$doGetBean$0(AbstractBeanFactory.java:333)
	at org.springframework.beans.factory.support.DefaultSingletonBeanRegistry.getSingleton(DefaultSingletonBeanRegistry.java:371)
	at org.springframework.beans.factory.support.AbstractBeanFactory.doGetBean(AbstractBeanFactory.java:331)
	at org.springframework.beans.factory.support.AbstractBeanFactory.getBean(AbstractBeanFactory.java:201)
	at org.springframework.beans.factory.config.DependencyDescriptor.resolveCandidate(DependencyDescriptor.java:229)
	at org.springframework.beans.factory.support.DefaultListableBeanFactory.doResolveDependency(DefaultListableBeanFactory.java:1769)
	at org.springframework.beans.factory.support.DefaultListableBeanFactory.resolveDependency(DefaultListableBeanFactory.java:1658)
	at org.springframework.beans.factory.support.ConstructorResolver.resolveAutowiredArgument(ConstructorResolver.java:912)
	at org.springframework.beans.factory.support.ConstructorResolver.createArgumentArray(ConstructorResolver.java:791)
	... 24 more
Caused by: org.springframework.beans.factory.BeanCreationException: Error creating bean with name 'dependencyRepository' defined in com.induspathfinder.app.repository.DependencyRepository defined in @EnableJpaRepositories declared on DataJpaRepositoriesRegistrar.EnableJpaRepositoriesConfiguration: No property 'activity' found for type 'Dependency'
	at org.springframework.beans.factory.support.AbstractAutowireCapableBeanFactory.initializeBean(AbstractAutowireCapableBeanFactory.java:1815)
	at org.springframework.beans.factory.support.AbstractAutowireCapableBeanFactory.doCreateBean(AbstractAutowireCapableBeanFactory.java:603)
	at org.springframework.beans.factory.support.AbstractAutowireCapableBeanFactory.createBean(AbstractAutowireCapableBeanFactory.java:525)
	at org.springframework.beans.factory.support.AbstractBeanFactory.lambda$doGetBean$0(AbstractBeanFactory.java:333)
	at org.springframework.beans.factory.support.DefaultSingletonBeanRegistry.getSingleton(DefaultSingletonBeanRegistry.java:371)
	at org.springframework.beans.factory.support.AbstractBeanFactory.doGetBean(AbstractBeanFactory.java:331)
	at org.springframework.beans.factory.support.AbstractBeanFactory.getBean(AbstractBeanFactory.java:201)
	at org.springframework.beans.factory.support.DefaultListableBeanFactory.resolveBean(DefaultListableBeanFactory.java:1232)
	at org.springframework.beans.factory.support.DefaultListableBeanFactory.doResolveDependency(DefaultListableBeanFactory.java:1711)
	at org.springframework.beans.factory.support.DefaultListableBeanFactory.resolveDependency(DefaultListableBeanFactory.java:1658)
	at org.springframework.beans.factory.support.ConstructorResolver.resolveAutowiredArgument(ConstructorResolver.java:912)
	at org.springframework.beans.factory.support.ConstructorResolver.createArgumentArray(ConstructorResolver.java:791)
	... 38 more
Caused by: org.springframework.data.repository.query.QueryCreationException: Cannot create query for method [DependencyRepository.existsByActivity_ActId(java.lang.Long)]; No property 'activity' found for type 'Dependency'
	at org.springframework.data.repository.query.QueryCreationException.create(QueryCreationException.java:109)
	at org.springframework.data.jpa.repository.query.PartTreeJpaQuery.<init>(PartTreeJpaQuery.java:114)
	at org.springframework.data.jpa.repository.query.JpaQueryLookupStrategy$CreateQueryLookupStrategy.resolveQuery(JpaQueryLookupStrategy.java:118)
	at org.springframework.data.jpa.repository.query.JpaQueryLookupStrategy$CreateIfNotFoundQueryLookupStrategy.resolveQuery(JpaQueryLookupStrategy.java:291)
	at org.springframework.data.jpa.repository.query.JpaQueryLookupStrategy$AbstractQueryLookupStrategy.resolveQuery(JpaQueryLookupStrategy.java:93)
	at org.springframework.data.repository.core.support.QueryExecutorMethodInterceptor.lookupQuery(QueryExecutorMethodInterceptor.java:114)
	at org.springframework.data.repository.core.support.QueryExecutorMethodInterceptor.mapMethodsToQuery(QueryExecutorMethodInterceptor.java:102)
	at org.springframework.data.repository.core.support.QueryExecutorMethodInterceptor.<init>(QueryExecutorMethodInterceptor.java:90)
	at org.springframework.data.repository.core.support.RepositoryFactorySupport.getRepository(RepositoryFactorySupport.java:413)
	at org.springframework.data.repository.core.support.RepositoryFactoryBeanSupport.lambda$afterPropertiesSet$1(RepositoryFactoryBeanSupport.java:361)
	at org.springframework.data.util.Lazy.getNullable(Lazy.java:136)
	at org.springframework.data.util.Lazy.get(Lazy.java:114)
	at org.springframework.data.repository.core.support.RepositoryFactoryBeanSupport.afterPropertiesSet(RepositoryFactoryBeanSupport.java:370)
	at org.springframework.data.jpa.repository.support.JpaRepositoryFactoryBean.afterPropertiesSet(JpaRepositoryFactoryBean.java:212)
	at org.springframework.beans.factory.support.AbstractAutowireCapableBeanFactory.invokeInitMethods(AbstractAutowireCapableBeanFactory.java:1862)
	at org.springframework.beans.factory.support.AbstractAutowireCapableBeanFactory.initializeBean(AbstractAutowireCapableBeanFactory.java:1811)
	... 49 more
Caused by: org.springframework.data.core.PropertyReferenceException: No property 'activity' found for type 'Dependency'
	at org.springframework.data.core.SimplePropertyPath.<init>(SimplePropertyPath.java:94)
	at org.springframework.data.core.SimplePropertyPath.create(SimplePropertyPath.java:322)
	at org.springframework.data.core.SimplePropertyPath.create(SimplePropertyPath.java:297)
	at org.springframework.data.core.SimplePropertyPath.lambda$from$0(SimplePropertyPath.java:250)
	at org.springframework.util.ConcurrentReferenceHashMap$6.execute(ConcurrentReferenceHashMap.java:387)
	at org.springframework.util.ConcurrentReferenceHashMap$Segment.doTask(ConcurrentReferenceHashMap.java:688)
	at org.springframework.util.ConcurrentReferenceHashMap.doTask(ConcurrentReferenceHashMap.java:572)
	at org.springframework.util.ConcurrentReferenceHashMap.computeIfAbsent(ConcurrentReferenceHashMap.java:381)
	at org.springframework.data.core.SimplePropertyPath.from(SimplePropertyPath.java:228)
	at org.springframework.data.core.PropertyPath.from(PropertyPath.java:264)
	at org.springframework.data.core.PropertyPath.from(PropertyPath.java:247)
	at org.springframework.data.repository.query.parser.Part.<init>(Part.java:81)
	at org.springframework.data.repository.query.parser.PartTree$OrPart.lambda$new$0(PartTree.java:260)
	at java.base/java.util.stream.ReferencePipeline$3$1.accept(ReferencePipeline.java:197)
	at java.base/java.util.stream.ReferencePipeline$2$1.accept(ReferencePipeline.java:179)
	at java.base/java.util.Spliterators$ArraySpliterator.forEachRemaining(Spliterators.java:1024)
	at java.base/java.util.stream.AbstractPipeline.copyInto(AbstractPipeline.java:509)
	at java.base/java.util.stream.AbstractPipeline.wrapAndCopyInto(AbstractPipeline.java:499)
	at java.base/java.util.stream.ReduceOps$ReduceOp.evaluateSequential(ReduceOps.java:921)
	at java.base/java.util.stream.AbstractPipeline.evaluate(AbstractPipeline.java:234)
	at java.base/java.util.stream.ReferencePipeline.collect(ReferencePipeline.java:682)
	at org.springframework.data.repository.query.parser.PartTree$OrPart.<init>(PartTree.java:261)
	at org.springframework.data.repository.query.parser.PartTree$Predicate.lambda$new$0(PartTree.java:390)
	at java.base/java.util.stream.ReferencePipeline$3$1.accept(ReferencePipeline.java:197)
	at java.base/java.util.stream.ReferencePipeline$2$1.accept(ReferencePipeline.java:179)
	at java.base/java.util.Spliterators$ArraySpliterator.forEachRemaining(Spliterators.java:1024)
	at java.base/java.util.stream.AbstractPipeline.copyInto(AbstractPipeline.java:509)
	at java.base/java.util.stream.AbstractPipeline.wrapAndCopyInto(AbstractPipeline.java:499)
	at java.base/java.util.stream.ReduceOps$ReduceOp.evaluateSequential(ReduceOps.java:921)
	at java.base/java.util.stream.AbstractPipeline.evaluate(AbstractPipeline.java:234)
	at java.base/java.util.stream.ReferencePipeline.collect(ReferencePipeline.java:682)
	at org.springframework.data.repository.query.parser.PartTree$Predicate.<init>(PartTree.java:391)
	at org.springframework.data.repository.query.parser.PartTree.<init>(PartTree.java:104)
	at org.springframework.data.jpa.repository.query.PartTreeJpaQuery.<init>(PartTreeJpaQuery.java:108)
	... 63 more
2026-09-22 11:29:33 INFO  [restartedMain] IndusPathFinderApplication - Starting IndusPathFinderApplication using Java 21.0.11 with PID 26628 (E:\Indus_Path_Finder(Git)\Induspathfinder\Development\BackEnd\IndusPathFinder\target\classes started by Bharath in E:\Indus_Path_Finder(Git)\Induspathfinder\Development\BackEnd\IndusPathFinder)
2026-09-22 11:29:33 INFO  [restartedMain] IndusPathFinderApplication - No active profile set, falling back to 1 default profile: "default"
2026-09-22 11:29:34 INFO  [restartedMain] RepositoryConfigurationDelegate - Bootstrapping Spring Data JPA repositories in DEFAULT mode.
2026-09-22 11:29:34 INFO  [restartedMain] RepositoryConfigurationDelegate - Finished Spring Data repository scanning in 61 ms. Found 8 JPA repository interfaces.
2026-09-22 11:29:34 INFO  [restartedMain] TomcatWebServer - Tomcat initialized with port 8081 (http)
2026-09-22 11:29:34 INFO  [restartedMain] Http11NioProtocol - Initializing ProtocolHandler ["http-nio-0.0.0.0-8081"]
2026-09-22 11:29:34 INFO  [restartedMain] StandardService - Starting service [Tomcat]
2026-09-22 11:29:34 INFO  [restartedMain] StandardEngine - Starting Servlet engine: [Apache Tomcat/11.0.22]
2026-09-22 11:29:34 INFO  [restartedMain] WebApplicationContextInitializer - Root WebApplicationContext: initialization completed in 491 ms
2026-09-22 11:29:34 INFO  [restartedMain] jpa - HHH008540: Processing PersistenceUnitInfo [name: default]
2026-09-22 11:29:34 INFO  [restartedMain] SpringPersistenceUnitInfo - No LoadTimeWeaver setup: ignoring JPA class transformer
2026-09-22 11:29:34 INFO  [restartedMain] HikariDataSource - HikariPool-10 - Starting...
2026-09-22 11:29:34 INFO  [restartedMain] HikariPool - HikariPool-10 - Added connection com.mysql.cj.jdbc.ConnectionImpl@4d2245de
2026-09-22 11:29:34 INFO  [restartedMain] HikariDataSource - HikariPool-10 - Start completed.
2026-09-22 11:29:34 WARN  [restartedMain] deprecation - HHH90000025: MySQLDialect does not need to be specified explicitly using 'hibernate.dialect' (remove the property setting and it will be selected by default)
2026-09-22 11:29:34 INFO  [restartedMain] pooling - HHH10001005: Database info:
	Database JDBC URL [jdbc:mysql://localhost:3306/indus_path_finder]
	Database driver: MySQL Connector/J
	Database dialect: MySQLDialect
	Database version: 8.0.45
	Default catalog/schema: indus_path_finder/undefined
	Autocommit mode: undefined/unknown
	Isolation level: REPEATABLE_READ [default REPEATABLE_READ]
	JDBC fetch size: none
	Pool: DataSourceConnectionProvider
	Minimum pool size: undefined/unknown
	Maximum pool size: undefined/unknown
2026-09-22 11:29:34 INFO  [restartedMain] core - HHH000489: No JTA platform available (set 'hibernate.transaction.jta.platform' to enable JTA platform integration)
2026-09-22 11:29:34 INFO  [restartedMain] LocalContainerEntityManagerFactoryBean - Initialized JPA EntityManagerFactory for persistence unit 'default'
2026-09-22 11:29:35 WARN  [restartedMain] AnnotationConfigServletWebServerApplicationContext - Exception encountered during context initialization - cancelling refresh attempt: org.springframework.beans.factory.UnsatisfiedDependencyException: Error creating bean with name 'activityController': Unsatisfied dependency expressed through field 'activityService': Error creating bean with name 'activityServiceImpl' defined in file [E:\Indus_Path_Finder(Git)\Induspathfinder\Development\BackEnd\IndusPathFinder\target\classes\com\induspathfinder\app\serviceimpl\ActivityServiceImpl.class]: Unsatisfied dependency expressed through constructor parameter 3: Error creating bean with name 'dependencyRepository' defined in com.induspathfinder.app.repository.DependencyRepository defined in @EnableJpaRepositories declared on DataJpaRepositoriesRegistrar.EnableJpaRepositoriesConfiguration: No property 'activity' found for type 'Dependency'
2026-09-22 11:29:35 INFO  [restartedMain] LocalContainerEntityManagerFactoryBean - Closing JPA EntityManagerFactory for persistence unit 'default'
2026-09-22 11:29:35 INFO  [restartedMain] HikariDataSource - HikariPool-10 - Shutdown initiated...
2026-09-22 11:29:35 INFO  [restartedMain] HikariDataSource - HikariPool-10 - Shutdown completed.
2026-09-22 11:29:35 INFO  [restartedMain] StandardService - Stopping service [Tomcat]
2026-09-22 11:29:35 INFO  [restartedMain] ConditionEvaluationReportLogger - 

Error starting ApplicationContext. To display the condition evaluation report re-run your application with 'debug' enabled.
2026-09-22 11:29:35 ERROR [restartedMain] SpringApplication - Application run failed
org.springframework.beans.factory.UnsatisfiedDependencyException: Error creating bean with name 'activityController': Unsatisfied dependency expressed through field 'activityService': Error creating bean with name 'activityServiceImpl' defined in file [E:\Indus_Path_Finder(Git)\Induspathfinder\Development\BackEnd\IndusPathFinder\target\classes\com\induspathfinder\app\serviceimpl\ActivityServiceImpl.class]: Unsatisfied dependency expressed through constructor parameter 3: Error creating bean with name 'dependencyRepository' defined in com.induspathfinder.app.repository.DependencyRepository defined in @EnableJpaRepositories declared on DataJpaRepositoriesRegistrar.EnableJpaRepositoriesConfiguration: No property 'activity' found for type 'Dependency'
	at org.springframework.beans.factory.annotation.AutowiredAnnotationBeanPostProcessor$AutowiredFieldElement.resolveFieldValue(AutowiredAnnotationBeanPostProcessor.java:767)
	at org.springframework.beans.factory.annotation.AutowiredAnnotationBeanPostProcessor$AutowiredFieldElement.inject(AutowiredAnnotationBeanPostProcessor.java:748)
	at org.springframework.beans.factory.annotation.InjectionMetadata.inject(InjectionMetadata.java:146)
	at org.springframework.beans.factory.annotation.AutowiredAnnotationBeanPostProcessor.postProcessProperties(AutowiredAnnotationBeanPostProcessor.java:493)
	at org.springframework.beans.factory.support.AbstractAutowireCapableBeanFactory.populateBean(AbstractAutowireCapableBeanFactory.java:1444)
	at org.springframework.beans.factory.support.AbstractAutowireCapableBeanFactory.doCreateBean(AbstractAutowireCapableBeanFactory.java:602)
	at org.springframework.beans.factory.support.AbstractAutowireCapableBeanFactory.createBean(AbstractAutowireCapableBeanFactory.java:525)
	at org.springframework.beans.factory.support.AbstractBeanFactory.lambda$doGetBean$0(AbstractBeanFactory.java:333)
	at org.springframework.beans.factory.support.DefaultSingletonBeanRegistry.getSingleton(DefaultSingletonBeanRegistry.java:371)
	at org.springframework.beans.factory.support.AbstractBeanFactory.doGetBean(AbstractBeanFactory.java:331)
	at org.springframework.beans.factory.support.AbstractBeanFactory.getBean(AbstractBeanFactory.java:196)
	at org.springframework.beans.factory.support.DefaultListableBeanFactory.instantiateSingleton(DefaultListableBeanFactory.java:1225)
	at org.springframework.beans.factory.support.DefaultListableBeanFactory.preInstantiateSingleton(DefaultListableBeanFactory.java:1191)
	at org.springframework.beans.factory.support.DefaultListableBeanFactory.preInstantiateSingletons(DefaultListableBeanFactory.java:1121)
	at org.springframework.context.support.AbstractApplicationContext.finishBeanFactoryInitialization(AbstractApplicationContext.java:994)
	at org.springframework.context.support.AbstractApplicationContext.refresh(AbstractApplicationContext.java:621)
	at org.springframework.boot.web.server.servlet.context.ServletWebServerApplicationContext.refresh(ServletWebServerApplicationContext.java:143)
	at org.springframework.boot.SpringApplication.refresh(SpringApplication.java:756)
	at org.springframework.boot.SpringApplication.refreshContext(SpringApplication.java:445)
	at org.springframework.boot.SpringApplication.run(SpringApplication.java:321)
	at org.springframework.boot.SpringApplication.run(SpringApplication.java:1365)
	at org.springframework.boot.SpringApplication.run(SpringApplication.java:1354)
	at com.induspathfinder.app.IndusPathFinderApplication.main(IndusPathFinderApplication.java:26)
	at java.base/jdk.internal.reflect.DirectMethodHandleAccessor.invoke(DirectMethodHandleAccessor.java:103)
	at java.base/java.lang.reflect.Method.invoke(Method.java:580)
	at org.springframework.boot.devtools.restart.RestartLauncher.run(RestartLauncher.java:52)
Caused by: org.springframework.beans.factory.UnsatisfiedDependencyException: Error creating bean with name 'activityServiceImpl' defined in file [E:\Indus_Path_Finder(Git)\Induspathfinder\Development\BackEnd\IndusPathFinder\target\classes\com\induspathfinder\app\serviceimpl\ActivityServiceImpl.class]: Unsatisfied dependency expressed through constructor parameter 3: Error creating bean with name 'dependencyRepository' defined in com.induspathfinder.app.repository.DependencyRepository defined in @EnableJpaRepositories declared on DataJpaRepositoriesRegistrar.EnableJpaRepositoriesConfiguration: No property 'activity' found for type 'Dependency'
	at org.springframework.beans.factory.support.ConstructorResolver.createArgumentArray(ConstructorResolver.java:804)
	at org.springframework.beans.factory.support.ConstructorResolver.autowireConstructor(ConstructorResolver.java:240)
	at org.springframework.beans.factory.support.AbstractAutowireCapableBeanFactory.autowireConstructor(AbstractAutowireCapableBeanFactory.java:1380)
	at org.springframework.beans.factory.support.AbstractAutowireCapableBeanFactory.createBeanInstance(AbstractAutowireCapableBeanFactory.java:1219)
	at org.springframework.beans.factory.support.AbstractAutowireCapableBeanFactory.doCreateBean(AbstractAutowireCapableBeanFactory.java:565)
	at org.springframework.beans.factory.support.AbstractAutowireCapableBeanFactory.createBean(AbstractAutowireCapableBeanFactory.java:525)
	at org.springframework.beans.factory.support.AbstractBeanFactory.lambda$doGetBean$0(AbstractBeanFactory.java:333)
	at org.springframework.beans.factory.support.DefaultSingletonBeanRegistry.getSingleton(DefaultSingletonBeanRegistry.java:371)
	at org.springframework.beans.factory.support.AbstractBeanFactory.doGetBean(AbstractBeanFactory.java:331)
	at org.springframework.beans.factory.support.AbstractBeanFactory.getBean(AbstractBeanFactory.java:201)
	at org.springframework.beans.factory.config.DependencyDescriptor.resolveCandidate(DependencyDescriptor.java:229)
	at org.springframework.beans.factory.support.DefaultListableBeanFactory.doResolveDependency(DefaultListableBeanFactory.java:1769)
	at org.springframework.beans.factory.support.DefaultListableBeanFactory.resolveDependency(DefaultListableBeanFactory.java:1658)
	at org.springframework.beans.factory.annotation.AutowiredAnnotationBeanPostProcessor$AutowiredFieldElement.resolveFieldValue(AutowiredAnnotationBeanPostProcessor.java:764)
	... 25 more
Caused by: org.springframework.beans.factory.BeanCreationException: Error creating bean with name 'dependencyRepository' defined in com.induspathfinder.app.repository.DependencyRepository defined in @EnableJpaRepositories declared on DataJpaRepositoriesRegistrar.EnableJpaRepositoriesConfiguration: No property 'activity' found for type 'Dependency'
	at org.springframework.beans.factory.support.AbstractAutowireCapableBeanFactory.initializeBean(AbstractAutowireCapableBeanFactory.java:1815)
	at org.springframework.beans.factory.support.AbstractAutowireCapableBeanFactory.doCreateBean(AbstractAutowireCapableBeanFactory.java:603)
	at org.springframework.beans.factory.support.AbstractAutowireCapableBeanFactory.createBean(AbstractAutowireCapableBeanFactory.java:525)
	at org.springframework.beans.factory.support.AbstractBeanFactory.lambda$doGetBean$0(AbstractBeanFactory.java:333)
	at org.springframework.beans.factory.support.DefaultSingletonBeanRegistry.getSingleton(DefaultSingletonBeanRegistry.java:371)
	at org.springframework.beans.factory.support.AbstractBeanFactory.doGetBean(AbstractBeanFactory.java:331)
	at org.springframework.beans.factory.support.AbstractBeanFactory.getBean(AbstractBeanFactory.java:201)
	at org.springframework.beans.factory.support.DefaultListableBeanFactory.resolveBean(DefaultListableBeanFactory.java:1232)
	at org.springframework.beans.factory.support.DefaultListableBeanFactory.doResolveDependency(DefaultListableBeanFactory.java:1711)
	at org.springframework.beans.factory.support.DefaultListableBeanFactory.resolveDependency(DefaultListableBeanFactory.java:1658)
	at org.springframework.beans.factory.support.ConstructorResolver.resolveAutowiredArgument(ConstructorResolver.java:912)
	at org.springframework.beans.factory.support.ConstructorResolver.createArgumentArray(ConstructorResolver.java:791)
	... 38 more
Caused by: org.springframework.data.repository.query.QueryCreationException: Cannot create query for method [DependencyRepository.existsByActivity_ActId(java.lang.Long)]; No property 'activity' found for type 'Dependency'
	at org.springframework.data.repository.query.QueryCreationException.create(QueryCreationException.java:109)
	at org.springframework.data.jpa.repository.query.PartTreeJpaQuery.<init>(PartTreeJpaQuery.java:114)
	at org.springframework.data.jpa.repository.query.JpaQueryLookupStrategy$CreateQueryLookupStrategy.resolveQuery(JpaQueryLookupStrategy.java:118)
	at org.springframework.data.jpa.repository.query.JpaQueryLookupStrategy$CreateIfNotFoundQueryLookupStrategy.resolveQuery(JpaQueryLookupStrategy.java:291)
	at org.springframework.data.jpa.repository.query.JpaQueryLookupStrategy$AbstractQueryLookupStrategy.resolveQuery(JpaQueryLookupStrategy.java:93)
	at org.springframework.data.repository.core.support.QueryExecutorMethodInterceptor.lookupQuery(QueryExecutorMethodInterceptor.java:114)
	at org.springframework.data.repository.core.support.QueryExecutorMethodInterceptor.mapMethodsToQuery(QueryExecutorMethodInterceptor.java:102)
	at org.springframework.data.repository.core.support.QueryExecutorMethodInterceptor.<init>(QueryExecutorMethodInterceptor.java:90)
	at org.springframework.data.repository.core.support.RepositoryFactorySupport.getRepository(RepositoryFactorySupport.java:413)
	at org.springframework.data.repository.core.support.RepositoryFactoryBeanSupport.lambda$afterPropertiesSet$1(RepositoryFactoryBeanSupport.java:361)
	at org.springframework.data.util.Lazy.getNullable(Lazy.java:136)
	at org.springframework.data.util.Lazy.get(Lazy.java:114)
	at org.springframework.data.repository.core.support.RepositoryFactoryBeanSupport.afterPropertiesSet(RepositoryFactoryBeanSupport.java:370)
	at org.springframework.data.jpa.repository.support.JpaRepositoryFactoryBean.afterPropertiesSet(JpaRepositoryFactoryBean.java:212)
	at org.springframework.beans.factory.support.AbstractAutowireCapableBeanFactory.invokeInitMethods(AbstractAutowireCapableBeanFactory.java:1862)
	at org.springframework.beans.factory.support.AbstractAutowireCapableBeanFactory.initializeBean(AbstractAutowireCapableBeanFactory.java:1811)
	... 49 more
Caused by: org.springframework.data.core.PropertyReferenceException: No property 'activity' found for type 'Dependency'
	at org.springframework.data.core.SimplePropertyPath.<init>(SimplePropertyPath.java:94)
	at org.springframework.data.core.SimplePropertyPath.create(SimplePropertyPath.java:322)
	at org.springframework.data.core.SimplePropertyPath.create(SimplePropertyPath.java:297)
	at org.springframework.data.core.SimplePropertyPath.lambda$from$0(SimplePropertyPath.java:250)
	at org.springframework.util.ConcurrentReferenceHashMap$6.execute(ConcurrentReferenceHashMap.java:387)
	at org.springframework.util.ConcurrentReferenceHashMap$Segment.doTask(ConcurrentReferenceHashMap.java:688)
	at org.springframework.util.ConcurrentReferenceHashMap.doTask(ConcurrentReferenceHashMap.java:572)
	at org.springframework.util.ConcurrentReferenceHashMap.computeIfAbsent(ConcurrentReferenceHashMap.java:381)
	at org.springframework.data.core.SimplePropertyPath.from(SimplePropertyPath.java:228)
	at org.springframework.data.core.PropertyPath.from(PropertyPath.java:264)
	at org.springframework.data.core.PropertyPath.from(PropertyPath.java:247)
	at org.springframework.data.repository.query.parser.Part.<init>(Part.java:81)
	at org.springframework.data.repository.query.parser.PartTree$OrPart.lambda$new$0(PartTree.java:260)
	at java.base/java.util.stream.ReferencePipeline$3$1.accept(ReferencePipeline.java:197)
	at java.base/java.util.stream.ReferencePipeline$2$1.accept(ReferencePipeline.java:179)
	at java.base/java.util.Spliterators$ArraySpliterator.forEachRemaining(Spliterators.java:1024)
	at java.base/java.util.stream.AbstractPipeline.copyInto(AbstractPipeline.java:509)
	at java.base/java.util.stream.AbstractPipeline.wrapAndCopyInto(AbstractPipeline.java:499)
	at java.base/java.util.stream.ReduceOps$ReduceOp.evaluateSequential(ReduceOps.java:921)
	at java.base/java.util.stream.AbstractPipeline.evaluate(AbstractPipeline.java:234)
	at java.base/java.util.stream.ReferencePipeline.collect(ReferencePipeline.java:682)
	at org.springframework.data.repository.query.parser.PartTree$OrPart.<init>(PartTree.java:261)
	at org.springframework.data.repository.query.parser.PartTree$Predicate.lambda$new$0(PartTree.java:390)
	at java.base/java.util.stream.ReferencePipeline$3$1.accept(ReferencePipeline.java:197)
	at java.base/java.util.stream.ReferencePipeline$2$1.accept(ReferencePipeline.java:179)
	at java.base/java.util.Spliterators$ArraySpliterator.forEachRemaining(Spliterators.java:1024)
	at java.base/java.util.stream.AbstractPipeline.copyInto(AbstractPipeline.java:509)
	at java.base/java.util.stream.AbstractPipeline.wrapAndCopyInto(AbstractPipeline.java:499)
	at java.base/java.util.stream.ReduceOps$ReduceOp.evaluateSequential(ReduceOps.java:921)
	at java.base/java.util.stream.AbstractPipeline.evaluate(AbstractPipeline.java:234)
	at java.base/java.util.stream.ReferencePipeline.collect(ReferencePipeline.java:682)
	at org.springframework.data.repository.query.parser.PartTree$Predicate.<init>(PartTree.java:391)
	at org.springframework.data.repository.query.parser.PartTree.<init>(PartTree.java:104)
	at org.springframework.data.jpa.repository.query.PartTreeJpaQuery.<init>(PartTreeJpaQuery.java:108)
	... 63 more
2026-09-22 11:31:41 INFO  [restartedMain] IndusPathFinderApplication - Starting IndusPathFinderApplication using Java 21.0.11 with PID 26628 (E:\Indus_Path_Finder(Git)\Induspathfinder\Development\BackEnd\IndusPathFinder\target\classes started by Bharath in E:\Indus_Path_Finder(Git)\Induspathfinder\Development\BackEnd\IndusPathFinder)
2026-09-22 11:31:41 INFO  [restartedMain] IndusPathFinderApplication - No active profile set, falling back to 1 default profile: "default"
2026-09-22 11:31:42 INFO  [restartedMain] RepositoryConfigurationDelegate - Bootstrapping Spring Data JPA repositories in DEFAULT mode.
2026-09-22 11:31:42 INFO  [restartedMain] RepositoryConfigurationDelegate - Finished Spring Data repository scanning in 73 ms. Found 8 JPA repository interfaces.
2026-09-22 11:31:42 INFO  [restartedMain] TomcatWebServer - Tomcat initialized with port 8081 (http)
2026-09-22 11:31:42 INFO  [restartedMain] Http11NioProtocol - Initializing ProtocolHandler ["http-nio-0.0.0.0-8081"]
2026-09-22 11:31:42 INFO  [restartedMain] StandardService - Starting service [Tomcat]
2026-09-22 11:31:42 INFO  [restartedMain] StandardEngine - Starting Servlet engine: [Apache Tomcat/11.0.22]
2026-09-22 11:31:42 INFO  [restartedMain] WebApplicationContextInitializer - Root WebApplicationContext: initialization completed in 660 ms
2026-09-22 11:31:42 INFO  [restartedMain] jpa - HHH008540: Processing PersistenceUnitInfo [name: default]
2026-09-22 11:31:42 INFO  [restartedMain] SpringPersistenceUnitInfo - No LoadTimeWeaver setup: ignoring JPA class transformer
2026-09-22 11:31:42 INFO  [restartedMain] HikariDataSource - HikariPool-11 - Starting...
2026-09-22 11:31:42 INFO  [restartedMain] HikariPool - HikariPool-11 - Added connection com.mysql.cj.jdbc.ConnectionImpl@247b1b68
2026-09-22 11:31:42 INFO  [restartedMain] HikariDataSource - HikariPool-11 - Start completed.
2026-09-22 11:31:42 WARN  [restartedMain] deprecation - HHH90000025: MySQLDialect does not need to be specified explicitly using 'hibernate.dialect' (remove the property setting and it will be selected by default)
2026-09-22 11:31:42 INFO  [restartedMain] pooling - HHH10001005: Database info:
	Database JDBC URL [jdbc:mysql://localhost:3306/indus_path_finder]
	Database driver: MySQL Connector/J
	Database dialect: MySQLDialect
	Database version: 8.0.45
	Default catalog/schema: indus_path_finder/undefined
	Autocommit mode: undefined/unknown
	Isolation level: REPEATABLE_READ [default REPEATABLE_READ]
	JDBC fetch size: none
	Pool: DataSourceConnectionProvider
	Minimum pool size: undefined/unknown
	Maximum pool size: undefined/unknown
2026-09-22 11:31:42 INFO  [background-preinit] Version - HV000001: Hibernate Validator 9.1.0.Final
2026-09-22 11:31:42 INFO  [restartedMain] IndusPathFinderApplication - Starting IndusPathFinderApplication using Java 21.0.11 with PID 15532 (E:\Indus_Path_Finder(Git)\Induspathfinder\Development\BackEnd\IndusPathFinder\target\classes started by Bharath in E:\Indus_Path_Finder(Git)\Induspathfinder\Development\BackEnd\IndusPathFinder)
2026-09-22 11:31:42 INFO  [restartedMain] IndusPathFinderApplication - No active profile set, falling back to 1 default profile: "default"
2026-09-22 11:31:42 INFO  [restartedMain] DevToolsPropertyDefaultsPostProcessor - Devtools property defaults active! Set 'spring.devtools.add-properties' to 'false' to disable
2026-09-22 11:31:42 INFO  [restartedMain] DevToolsPropertyDefaultsPostProcessor - For additional web related logging consider setting the 'logging.level.web' property to 'DEBUG'
2026-09-22 11:31:42 INFO  [restartedMain] core - HHH000489: No JTA platform available (set 'hibernate.transaction.jta.platform' to enable JTA platform integration)
2026-09-22 11:31:42 INFO  [restartedMain] LocalContainerEntityManagerFactoryBean - Initialized JPA EntityManagerFactory for persistence unit 'default'
2026-09-22 11:31:43 WARN  [restartedMain] AnnotationConfigServletWebServerApplicationContext - Exception encountered during context initialization - cancelling refresh attempt: org.springframework.beans.factory.UnsatisfiedDependencyException: Error creating bean with name 'activityController': Unsatisfied dependency expressed through field 'activityService': Error creating bean with name 'activityServiceImpl' defined in file [E:\Indus_Path_Finder(Git)\Induspathfinder\Development\BackEnd\IndusPathFinder\target\classes\com\induspathfinder\app\serviceimpl\ActivityServiceImpl.class]: Unsatisfied dependency expressed through constructor parameter 3: Error creating bean with name 'dependencyRepository' defined in com.induspathfinder.app.repository.DependencyRepository defined in @EnableJpaRepositories declared on DataJpaRepositoriesRegistrar.EnableJpaRepositoriesConfiguration: No property 'activity' found for type 'Dependency'
2026-09-22 11:31:43 INFO  [restartedMain] LocalContainerEntityManagerFactoryBean - Closing JPA EntityManagerFactory for persistence unit 'default'
2026-09-22 11:31:43 INFO  [restartedMain] HikariDataSource - HikariPool-11 - Shutdown initiated...
2026-09-22 11:31:43 INFO  [restartedMain] HikariDataSource - HikariPool-11 - Shutdown completed.
2026-09-22 11:31:43 INFO  [restartedMain] StandardService - Stopping service [Tomcat]
2026-09-22 11:31:43 INFO  [restartedMain] ConditionEvaluationReportLogger - 

Error starting ApplicationContext. To display the condition evaluation report re-run your application with 'debug' enabled.
2026-09-22 11:31:43 ERROR [restartedMain] SpringApplication - Application run failed
org.springframework.beans.factory.UnsatisfiedDependencyException: Error creating bean with name 'activityController': Unsatisfied dependency expressed through field 'activityService': Error creating bean with name 'activityServiceImpl' defined in file [E:\Indus_Path_Finder(Git)\Induspathfinder\Development\BackEnd\IndusPathFinder\target\classes\com\induspathfinder\app\serviceimpl\ActivityServiceImpl.class]: Unsatisfied dependency expressed through constructor parameter 3: Error creating bean with name 'dependencyRepository' defined in com.induspathfinder.app.repository.DependencyRepository defined in @EnableJpaRepositories declared on DataJpaRepositoriesRegistrar.EnableJpaRepositoriesConfiguration: No property 'activity' found for type 'Dependency'
	at org.springframework.beans.factory.annotation.AutowiredAnnotationBeanPostProcessor$AutowiredFieldElement.resolveFieldValue(AutowiredAnnotationBeanPostProcessor.java:767)
	at org.springframework.beans.factory.annotation.AutowiredAnnotationBeanPostProcessor$AutowiredFieldElement.inject(AutowiredAnnotationBeanPostProcessor.java:748)
	at org.springframework.beans.factory.annotation.InjectionMetadata.inject(InjectionMetadata.java:146)
	at org.springframework.beans.factory.annotation.AutowiredAnnotationBeanPostProcessor.postProcessProperties(AutowiredAnnotationBeanPostProcessor.java:493)
	at org.springframework.beans.factory.support.AbstractAutowireCapableBeanFactory.populateBean(AbstractAutowireCapableBeanFactory.java:1444)
	at org.springframework.beans.factory.support.AbstractAutowireCapableBeanFactory.doCreateBean(AbstractAutowireCapableBeanFactory.java:602)
	at org.springframework.beans.factory.support.AbstractAutowireCapableBeanFactory.createBean(AbstractAutowireCapableBeanFactory.java:525)
	at org.springframework.beans.factory.support.AbstractBeanFactory.lambda$doGetBean$0(AbstractBeanFactory.java:333)
	at org.springframework.beans.factory.support.DefaultSingletonBeanRegistry.getSingleton(DefaultSingletonBeanRegistry.java:371)
	at org.springframework.beans.factory.support.AbstractBeanFactory.doGetBean(AbstractBeanFactory.java:331)
	at org.springframework.beans.factory.support.AbstractBeanFactory.getBean(AbstractBeanFactory.java:196)
	at org.springframework.beans.factory.support.DefaultListableBeanFactory.instantiateSingleton(DefaultListableBeanFactory.java:1225)
	at org.springframework.beans.factory.support.DefaultListableBeanFactory.preInstantiateSingleton(DefaultListableBeanFactory.java:1191)
	at org.springframework.beans.factory.support.DefaultListableBeanFactory.preInstantiateSingletons(DefaultListableBeanFactory.java:1121)
	at org.springframework.context.support.AbstractApplicationContext.finishBeanFactoryInitialization(AbstractApplicationContext.java:994)
	at org.springframework.context.support.AbstractApplicationContext.refresh(AbstractApplicationContext.java:621)
	at org.springframework.boot.web.server.servlet.context.ServletWebServerApplicationContext.refresh(ServletWebServerApplicationContext.java:143)
	at org.springframework.boot.SpringApplication.refresh(SpringApplication.java:756)
	at org.springframework.boot.SpringApplication.refreshContext(SpringApplication.java:445)
	at org.springframework.boot.SpringApplication.run(SpringApplication.java:321)
	at org.springframework.boot.SpringApplication.run(SpringApplication.java:1365)
	at org.springframework.boot.SpringApplication.run(SpringApplication.java:1354)
	at com.induspathfinder.app.IndusPathFinderApplication.main(IndusPathFinderApplication.java:26)
	at java.base/jdk.internal.reflect.DirectMethodHandleAccessor.invoke(DirectMethodHandleAccessor.java:103)
	at java.base/java.lang.reflect.Method.invoke(Method.java:580)
	at org.springframework.boot.devtools.restart.RestartLauncher.run(RestartLauncher.java:52)
Caused by: org.springframework.beans.factory.UnsatisfiedDependencyException: Error creating bean with name 'activityServiceImpl' defined in file [E:\Indus_Path_Finder(Git)\Induspathfinder\Development\BackEnd\IndusPathFinder\target\classes\com\induspathfinder\app\serviceimpl\ActivityServiceImpl.class]: Unsatisfied dependency expressed through constructor parameter 3: Error creating bean with name 'dependencyRepository' defined in com.induspathfinder.app.repository.DependencyRepository defined in @EnableJpaRepositories declared on DataJpaRepositoriesRegistrar.EnableJpaRepositoriesConfiguration: No property 'activity' found for type 'Dependency'
	at org.springframework.beans.factory.support.ConstructorResolver.createArgumentArray(ConstructorResolver.java:804)
	at org.springframework.beans.factory.support.ConstructorResolver.autowireConstructor(ConstructorResolver.java:240)
	at org.springframework.beans.factory.support.AbstractAutowireCapableBeanFactory.autowireConstructor(AbstractAutowireCapableBeanFactory.java:1380)
	at org.springframework.beans.factory.support.AbstractAutowireCapableBeanFactory.createBeanInstance(AbstractAutowireCapableBeanFactory.java:1219)
	at org.springframework.beans.factory.support.AbstractAutowireCapableBeanFactory.doCreateBean(AbstractAutowireCapableBeanFactory.java:565)
	at org.springframework.beans.factory.support.AbstractAutowireCapableBeanFactory.createBean(AbstractAutowireCapableBeanFactory.java:525)
	at org.springframework.beans.factory.support.AbstractBeanFactory.lambda$doGetBean$0(AbstractBeanFactory.java:333)
	at org.springframework.beans.factory.support.DefaultSingletonBeanRegistry.getSingleton(DefaultSingletonBeanRegistry.java:371)
	at org.springframework.beans.factory.support.AbstractBeanFactory.doGetBean(AbstractBeanFactory.java:331)
	at org.springframework.beans.factory.support.AbstractBeanFactory.getBean(AbstractBeanFactory.java:201)
	at org.springframework.beans.factory.config.DependencyDescriptor.resolveCandidate(DependencyDescriptor.java:229)
	at org.springframework.beans.factory.support.DefaultListableBeanFactory.doResolveDependency(DefaultListableBeanFactory.java:1769)
	at org.springframework.beans.factory.support.DefaultListableBeanFactory.resolveDependency(DefaultListableBeanFactory.java:1658)
	at org.springframework.beans.factory.annotation.AutowiredAnnotationBeanPostProcessor$AutowiredFieldElement.resolveFieldValue(AutowiredAnnotationBeanPostProcessor.java:764)
	... 25 more
Caused by: org.springframework.beans.factory.BeanCreationException: Error creating bean with name 'dependencyRepository' defined in com.induspathfinder.app.repository.DependencyRepository defined in @EnableJpaRepositories declared on DataJpaRepositoriesRegistrar.EnableJpaRepositoriesConfiguration: No property 'activity' found for type 'Dependency'
	at org.springframework.beans.factory.support.AbstractAutowireCapableBeanFactory.initializeBean(AbstractAutowireCapableBeanFactory.java:1815)
	at org.springframework.beans.factory.support.AbstractAutowireCapableBeanFactory.doCreateBean(AbstractAutowireCapableBeanFactory.java:603)
	at org.springframework.beans.factory.support.AbstractAutowireCapableBeanFactory.createBean(AbstractAutowireCapableBeanFactory.java:525)
	at org.springframework.beans.factory.support.AbstractBeanFactory.lambda$doGetBean$0(AbstractBeanFactory.java:333)
	at org.springframework.beans.factory.support.DefaultSingletonBeanRegistry.getSingleton(DefaultSingletonBeanRegistry.java:371)
	at org.springframework.beans.factory.support.AbstractBeanFactory.doGetBean(AbstractBeanFactory.java:331)
	at org.springframework.beans.factory.support.AbstractBeanFactory.getBean(AbstractBeanFactory.java:201)
	at org.springframework.beans.factory.support.DefaultListableBeanFactory.resolveBean(DefaultListableBeanFactory.java:1232)
	at org.springframework.beans.factory.support.DefaultListableBeanFactory.doResolveDependency(DefaultListableBeanFactory.java:1711)
	at org.springframework.beans.factory.support.DefaultListableBeanFactory.resolveDependency(DefaultListableBeanFactory.java:1658)
	at org.springframework.beans.factory.support.ConstructorResolver.resolveAutowiredArgument(ConstructorResolver.java:912)
	at org.springframework.beans.factory.support.ConstructorResolver.createArgumentArray(ConstructorResolver.java:791)
	... 38 more
Caused by: org.springframework.data.repository.query.QueryCreationException: Cannot create query for method [DependencyRepository.existsByActivity_ActId(java.lang.Long)]; No property 'activity' found for type 'Dependency'
	at org.springframework.data.repository.query.QueryCreationException.create(QueryCreationException.java:109)
	at org.springframework.data.jpa.repository.query.PartTreeJpaQuery.<init>(PartTreeJpaQuery.java:114)
	at org.springframework.data.jpa.repository.query.JpaQueryLookupStrategy$CreateQueryLookupStrategy.resolveQuery(JpaQueryLookupStrategy.java:118)
	at org.springframework.data.jpa.repository.query.JpaQueryLookupStrategy$CreateIfNotFoundQueryLookupStrategy.resolveQuery(JpaQueryLookupStrategy.java:291)
	at org.springframework.data.jpa.repository.query.JpaQueryLookupStrategy$AbstractQueryLookupStrategy.resolveQuery(JpaQueryLookupStrategy.java:93)
	at org.springframework.data.repository.core.support.QueryExecutorMethodInterceptor.lookupQuery(QueryExecutorMethodInterceptor.java:114)
	at org.springframework.data.repository.core.support.QueryExecutorMethodInterceptor.mapMethodsToQuery(QueryExecutorMethodInterceptor.java:102)
	at org.springframework.data.repository.core.support.QueryExecutorMethodInterceptor.<init>(QueryExecutorMethodInterceptor.java:90)
	at org.springframework.data.repository.core.support.RepositoryFactorySupport.getRepository(RepositoryFactorySupport.java:413)
	at org.springframework.data.repository.core.support.RepositoryFactoryBeanSupport.lambda$afterPropertiesSet$1(RepositoryFactoryBeanSupport.java:361)
	at org.springframework.data.util.Lazy.getNullable(Lazy.java:136)
	at org.springframework.data.util.Lazy.get(Lazy.java:114)
	at org.springframework.data.repository.core.support.RepositoryFactoryBeanSupport.afterPropertiesSet(RepositoryFactoryBeanSupport.java:370)
	at org.springframework.data.jpa.repository.support.JpaRepositoryFactoryBean.afterPropertiesSet(JpaRepositoryFactoryBean.java:212)
	at org.springframework.beans.factory.support.AbstractAutowireCapableBeanFactory.invokeInitMethods(AbstractAutowireCapableBeanFactory.java:1862)
	at org.springframework.beans.factory.support.AbstractAutowireCapableBeanFactory.initializeBean(AbstractAutowireCapableBeanFactory.java:1811)
	... 49 more
Caused by: org.springframework.data.core.PropertyReferenceException: No property 'activity' found for type 'Dependency'
	at org.springframework.data.core.SimplePropertyPath.<init>(SimplePropertyPath.java:94)
	at org.springframework.data.core.SimplePropertyPath.create(SimplePropertyPath.java:322)
	at org.springframework.data.core.SimplePropertyPath.create(SimplePropertyPath.java:297)
	at org.springframework.data.core.SimplePropertyPath.lambda$from$0(SimplePropertyPath.java:250)
	at org.springframework.util.ConcurrentReferenceHashMap$6.execute(ConcurrentReferenceHashMap.java:387)
	at org.springframework.util.ConcurrentReferenceHashMap$Segment.doTask(ConcurrentReferenceHashMap.java:688)
	at org.springframework.util.ConcurrentReferenceHashMap.doTask(ConcurrentReferenceHashMap.java:572)
	at org.springframework.util.ConcurrentReferenceHashMap.computeIfAbsent(ConcurrentReferenceHashMap.java:381)
	at org.springframework.data.core.SimplePropertyPath.from(SimplePropertyPath.java:228)
	at org.springframework.data.core.PropertyPath.from(PropertyPath.java:264)
	at org.springframework.data.core.PropertyPath.from(PropertyPath.java:247)
	at org.springframework.data.repository.query.parser.Part.<init>(Part.java:81)
	at org.springframework.data.repository.query.parser.PartTree$OrPart.lambda$new$0(PartTree.java:260)
	at java.base/java.util.stream.ReferencePipeline$3$1.accept(ReferencePipeline.java:197)
	at java.base/java.util.stream.ReferencePipeline$2$1.accept(ReferencePipeline.java:179)
	at java.base/java.util.Spliterators$ArraySpliterator.forEachRemaining(Spliterators.java:1024)
	at java.base/java.util.stream.AbstractPipeline.copyInto(AbstractPipeline.java:509)
	at java.base/java.util.stream.AbstractPipeline.wrapAndCopyInto(AbstractPipeline.java:499)
	at java.base/java.util.stream.ReduceOps$ReduceOp.evaluateSequential(ReduceOps.java:921)
	at java.base/java.util.stream.AbstractPipeline.evaluate(AbstractPipeline.java:234)
	at java.base/java.util.stream.ReferencePipeline.collect(ReferencePipeline.java:682)
	at org.springframework.data.repository.query.parser.PartTree$OrPart.<init>(PartTree.java:261)
	at org.springframework.data.repository.query.parser.PartTree$Predicate.lambda$new$0(PartTree.java:390)
	at java.base/java.util.stream.ReferencePipeline$3$1.accept(ReferencePipeline.java:197)
	at java.base/java.util.stream.ReferencePipeline$2$1.accept(ReferencePipeline.java:179)
	at java.base/java.util.Spliterators$ArraySpliterator.forEachRemaining(Spliterators.java:1024)
	at java.base/java.util.stream.AbstractPipeline.copyInto(AbstractPipeline.java:509)
	at java.base/java.util.stream.AbstractPipeline.wrapAndCopyInto(AbstractPipeline.java:499)
	at java.base/java.util.stream.ReduceOps$ReduceOp.evaluateSequential(ReduceOps.java:921)
	at java.base/java.util.stream.AbstractPipeline.evaluate(AbstractPipeline.java:234)
	at java.base/java.util.stream.ReferencePipeline.collect(ReferencePipeline.java:682)
	at org.springframework.data.repository.query.parser.PartTree$Predicate.<init>(PartTree.java:391)
	at org.springframework.data.repository.query.parser.PartTree.<init>(PartTree.java:104)
	at org.springframework.data.jpa.repository.query.PartTreeJpaQuery.<init>(PartTreeJpaQuery.java:108)
	... 63 more
2026-09-22 11:31:43 INFO  [restartedMain] RepositoryConfigurationDelegate - Bootstrapping Spring Data JPA repositories in DEFAULT mode.
2026-09-22 11:31:44 INFO  [restartedMain] RepositoryConfigurationDelegate - Finished Spring Data repository scanning in 131 ms. Found 8 JPA repository interfaces.
2026-09-22 11:31:45 INFO  [restartedMain] TomcatWebServer - Tomcat initialized with port 8081 (http)
2026-09-22 11:31:45 INFO  [restartedMain] Http11NioProtocol - Initializing ProtocolHandler ["http-nio-0.0.0.0-8081"]
2026-09-22 11:31:45 INFO  [restartedMain] StandardService - Starting service [Tomcat]
2026-09-22 11:31:45 INFO  [restartedMain] StandardEngine - Starting Servlet engine: [Apache Tomcat/11.0.22]
2026-09-22 11:31:45 INFO  [restartedMain] WebApplicationContextInitializer - Root WebApplicationContext: initialization completed in 2427 ms
2026-09-22 11:31:45 INFO  [restartedMain] jpa - HHH008540: Processing PersistenceUnitInfo [name: default]
2026-09-22 11:31:45 INFO  [restartedMain] core - HHH000001: Hibernate ORM core version 7.4.1.Final
2026-09-22 11:31:46 INFO  [restartedMain] SpringPersistenceUnitInfo - No LoadTimeWeaver setup: ignoring JPA class transformer
2026-09-22 11:31:46 INFO  [restartedMain] HikariDataSource - HikariPool-1 - Starting...
2026-09-22 11:31:46 INFO  [restartedMain] HikariPool - HikariPool-1 - Added connection com.mysql.cj.jdbc.ConnectionImpl@66173f3d
2026-09-22 11:31:46 INFO  [restartedMain] HikariDataSource - HikariPool-1 - Start completed.
2026-09-22 11:31:46 WARN  [restartedMain] deprecation - HHH90000025: MySQLDialect does not need to be specified explicitly using 'hibernate.dialect' (remove the property setting and it will be selected by default)
2026-09-22 11:31:46 INFO  [restartedMain] pooling - HHH10001005: Database info:
	Database JDBC URL [jdbc:mysql://localhost:3306/indus_path_finder]
	Database driver: MySQL Connector/J
	Database dialect: MySQLDialect
	Database version: 8.0.45
	Default catalog/schema: indus_path_finder/undefined
	Autocommit mode: undefined/unknown
	Isolation level: REPEATABLE_READ [default REPEATABLE_READ]
	JDBC fetch size: none
	Pool: DataSourceConnectionProvider
	Minimum pool size: undefined/unknown
	Maximum pool size: undefined/unknown
2026-09-22 11:31:48 INFO  [restartedMain] core - HHH000489: No JTA platform available (set 'hibernate.transaction.jta.platform' to enable JTA platform integration)
2026-09-22 11:31:48 INFO  [restartedMain] LocalContainerEntityManagerFactoryBean - Initialized JPA EntityManagerFactory for persistence unit 'default'
2026-09-22 11:31:48 INFO  [restartedMain] QueryEnhancerFactories - Hibernate is in classpath; If applicable, HQL parser will be used.
2026-09-22 11:31:48 WARN  [restartedMain] AnnotationConfigServletWebServerApplicationContext - Exception encountered during context initialization - cancelling refresh attempt: org.springframework.beans.factory.UnsatisfiedDependencyException: Error creating bean with name 'activityController': Unsatisfied dependency expressed through field 'activityService': Error creating bean with name 'activityServiceImpl' defined in file [E:\Indus_Path_Finder(Git)\Induspathfinder\Development\BackEnd\IndusPathFinder\target\classes\com\induspathfinder\app\serviceimpl\ActivityServiceImpl.class]: Unsatisfied dependency expressed through constructor parameter 3: Error creating bean with name 'dependencyRepository' defined in com.induspathfinder.app.repository.DependencyRepository defined in @EnableJpaRepositories declared on DataJpaRepositoriesRegistrar.EnableJpaRepositoriesConfiguration: No property 'activity' found for type 'Dependency'
2026-09-22 11:31:48 INFO  [restartedMain] LocalContainerEntityManagerFactoryBean - Closing JPA EntityManagerFactory for persistence unit 'default'
2026-09-22 11:31:48 INFO  [restartedMain] HikariDataSource - HikariPool-1 - Shutdown initiated...
2026-09-22 11:31:48 INFO  [restartedMain] HikariDataSource - HikariPool-1 - Shutdown completed.
2026-09-22 11:31:48 INFO  [restartedMain] StandardService - Stopping service [Tomcat]
2026-09-22 11:31:48 INFO  [restartedMain] ConditionEvaluationReportLogger - 

Error starting ApplicationContext. To display the condition evaluation report re-run your application with 'debug' enabled.
2026-09-22 11:31:48 ERROR [restartedMain] SpringApplication - Application run failed
org.springframework.beans.factory.UnsatisfiedDependencyException: Error creating bean with name 'activityController': Unsatisfied dependency expressed through field 'activityService': Error creating bean with name 'activityServiceImpl' defined in file [E:\Indus_Path_Finder(Git)\Induspathfinder\Development\BackEnd\IndusPathFinder\target\classes\com\induspathfinder\app\serviceimpl\ActivityServiceImpl.class]: Unsatisfied dependency expressed through constructor parameter 3: Error creating bean with name 'dependencyRepository' defined in com.induspathfinder.app.repository.DependencyRepository defined in @EnableJpaRepositories declared on DataJpaRepositoriesRegistrar.EnableJpaRepositoriesConfiguration: No property 'activity' found for type 'Dependency'
	at org.springframework.beans.factory.annotation.AutowiredAnnotationBeanPostProcessor$AutowiredFieldElement.resolveFieldValue(AutowiredAnnotationBeanPostProcessor.java:767)
	at org.springframework.beans.factory.annotation.AutowiredAnnotationBeanPostProcessor$AutowiredFieldElement.inject(AutowiredAnnotationBeanPostProcessor.java:748)
	at org.springframework.beans.factory.annotation.InjectionMetadata.inject(InjectionMetadata.java:146)
	at org.springframework.beans.factory.annotation.AutowiredAnnotationBeanPostProcessor.postProcessProperties(AutowiredAnnotationBeanPostProcessor.java:493)
	at org.springframework.beans.factory.support.AbstractAutowireCapableBeanFactory.populateBean(AbstractAutowireCapableBeanFactory.java:1444)
	at org.springframework.beans.factory.support.AbstractAutowireCapableBeanFactory.doCreateBean(AbstractAutowireCapableBeanFactory.java:602)
	at org.springframework.beans.factory.support.AbstractAutowireCapableBeanFactory.createBean(AbstractAutowireCapableBeanFactory.java:525)
	at org.springframework.beans.factory.support.AbstractBeanFactory.lambda$doGetBean$0(AbstractBeanFactory.java:333)
	at org.springframework.beans.factory.support.DefaultSingletonBeanRegistry.getSingleton(DefaultSingletonBeanRegistry.java:371)
	at org.springframework.beans.factory.support.AbstractBeanFactory.doGetBean(AbstractBeanFactory.java:331)
	at org.springframework.beans.factory.support.AbstractBeanFactory.getBean(AbstractBeanFactory.java:196)
	at org.springframework.beans.factory.support.DefaultListableBeanFactory.instantiateSingleton(DefaultListableBeanFactory.java:1225)
	at org.springframework.beans.factory.support.DefaultListableBeanFactory.preInstantiateSingleton(DefaultListableBeanFactory.java:1191)
	at org.springframework.beans.factory.support.DefaultListableBeanFactory.preInstantiateSingletons(DefaultListableBeanFactory.java:1121)
	at org.springframework.context.support.AbstractApplicationContext.finishBeanFactoryInitialization(AbstractApplicationContext.java:994)
	at org.springframework.context.support.AbstractApplicationContext.refresh(AbstractApplicationContext.java:621)
	at org.springframework.boot.web.server.servlet.context.ServletWebServerApplicationContext.refresh(ServletWebServerApplicationContext.java:143)
	at org.springframework.boot.SpringApplication.refresh(SpringApplication.java:756)
	at org.springframework.boot.SpringApplication.refreshContext(SpringApplication.java:445)
	at org.springframework.boot.SpringApplication.run(SpringApplication.java:321)
	at org.springframework.boot.SpringApplication.run(SpringApplication.java:1365)
	at org.springframework.boot.SpringApplication.run(SpringApplication.java:1354)
	at com.induspathfinder.app.IndusPathFinderApplication.main(IndusPathFinderApplication.java:26)
	at java.base/jdk.internal.reflect.DirectMethodHandleAccessor.invoke(DirectMethodHandleAccessor.java:103)
	at java.base/java.lang.reflect.Method.invoke(Method.java:580)
	at org.springframework.boot.devtools.restart.RestartLauncher.run(RestartLauncher.java:52)
Caused by: org.springframework.beans.factory.UnsatisfiedDependencyException: Error creating bean with name 'activityServiceImpl' defined in file [E:\Indus_Path_Finder(Git)\Induspathfinder\Development\BackEnd\IndusPathFinder\target\classes\com\induspathfinder\app\serviceimpl\ActivityServiceImpl.class]: Unsatisfied dependency expressed through constructor parameter 3: Error creating bean with name 'dependencyRepository' defined in com.induspathfinder.app.repository.DependencyRepository defined in @EnableJpaRepositories declared on DataJpaRepositoriesRegistrar.EnableJpaRepositoriesConfiguration: No property 'activity' found for type 'Dependency'
	at org.springframework.beans.factory.support.ConstructorResolver.createArgumentArray(ConstructorResolver.java:804)
	at org.springframework.beans.factory.support.ConstructorResolver.autowireConstructor(ConstructorResolver.java:240)
	at org.springframework.beans.factory.support.AbstractAutowireCapableBeanFactory.autowireConstructor(AbstractAutowireCapableBeanFactory.java:1380)
	at org.springframework.beans.factory.support.AbstractAutowireCapableBeanFactory.createBeanInstance(AbstractAutowireCapableBeanFactory.java:1219)
	at org.springframework.beans.factory.support.AbstractAutowireCapableBeanFactory.doCreateBean(AbstractAutowireCapableBeanFactory.java:565)
	at org.springframework.beans.factory.support.AbstractAutowireCapableBeanFactory.createBean(AbstractAutowireCapableBeanFactory.java:525)
	at org.springframework.beans.factory.support.AbstractBeanFactory.lambda$doGetBean$0(AbstractBeanFactory.java:333)
	at org.springframework.beans.factory.support.DefaultSingletonBeanRegistry.getSingleton(DefaultSingletonBeanRegistry.java:371)
	at org.springframework.beans.factory.support.AbstractBeanFactory.doGetBean(AbstractBeanFactory.java:331)
	at org.springframework.beans.factory.support.AbstractBeanFactory.getBean(AbstractBeanFactory.java:201)
	at org.springframework.beans.factory.config.DependencyDescriptor.resolveCandidate(DependencyDescriptor.java:229)
	at org.springframework.beans.factory.support.DefaultListableBeanFactory.doResolveDependency(DefaultListableBeanFactory.java:1769)
	at org.springframework.beans.factory.support.DefaultListableBeanFactory.resolveDependency(DefaultListableBeanFactory.java:1658)
	at org.springframework.beans.factory.annotation.AutowiredAnnotationBeanPostProcessor$AutowiredFieldElement.resolveFieldValue(AutowiredAnnotationBeanPostProcessor.java:764)
	... 25 more
Caused by: org.springframework.beans.factory.BeanCreationException: Error creating bean with name 'dependencyRepository' defined in com.induspathfinder.app.repository.DependencyRepository defined in @EnableJpaRepositories declared on DataJpaRepositoriesRegistrar.EnableJpaRepositoriesConfiguration: No property 'activity' found for type 'Dependency'
	at org.springframework.beans.factory.support.AbstractAutowireCapableBeanFactory.initializeBean(AbstractAutowireCapableBeanFactory.java:1815)
	at org.springframework.beans.factory.support.AbstractAutowireCapableBeanFactory.doCreateBean(AbstractAutowireCapableBeanFactory.java:603)
	at org.springframework.beans.factory.support.AbstractAutowireCapableBeanFactory.createBean(AbstractAutowireCapableBeanFactory.java:525)
	at org.springframework.beans.factory.support.AbstractBeanFactory.lambda$doGetBean$0(AbstractBeanFactory.java:333)
	at org.springframework.beans.factory.support.DefaultSingletonBeanRegistry.getSingleton(DefaultSingletonBeanRegistry.java:371)
	at org.springframework.beans.factory.support.AbstractBeanFactory.doGetBean(AbstractBeanFactory.java:331)
	at org.springframework.beans.factory.support.AbstractBeanFactory.getBean(AbstractBeanFactory.java:201)
	at org.springframework.beans.factory.support.DefaultListableBeanFactory.resolveBean(DefaultListableBeanFactory.java:1232)
	at org.springframework.beans.factory.support.DefaultListableBeanFactory.doResolveDependency(DefaultListableBeanFactory.java:1711)
	at org.springframework.beans.factory.support.DefaultListableBeanFactory.resolveDependency(DefaultListableBeanFactory.java:1658)
	at org.springframework.beans.factory.support.ConstructorResolver.resolveAutowiredArgument(ConstructorResolver.java:912)
	at org.springframework.beans.factory.support.ConstructorResolver.createArgumentArray(ConstructorResolver.java:791)
	... 38 more
Caused by: org.springframework.data.repository.query.QueryCreationException: Cannot create query for method [DependencyRepository.existsByActivity_ActId(java.lang.Long)]; No property 'activity' found for type 'Dependency'
	at org.springframework.data.repository.query.QueryCreationException.create(QueryCreationException.java:109)
	at org.springframework.data.jpa.repository.query.PartTreeJpaQuery.<init>(PartTreeJpaQuery.java:114)
	at org.springframework.data.jpa.repository.query.JpaQueryLookupStrategy$CreateQueryLookupStrategy.resolveQuery(JpaQueryLookupStrategy.java:118)
	at org.springframework.data.jpa.repository.query.JpaQueryLookupStrategy$CreateIfNotFoundQueryLookupStrategy.resolveQuery(JpaQueryLookupStrategy.java:291)
	at org.springframework.data.jpa.repository.query.JpaQueryLookupStrategy$AbstractQueryLookupStrategy.resolveQuery(JpaQueryLookupStrategy.java:93)
	at org.springframework.data.repository.core.support.QueryExecutorMethodInterceptor.lookupQuery(QueryExecutorMethodInterceptor.java:114)
	at org.springframework.data.repository.core.support.QueryExecutorMethodInterceptor.mapMethodsToQuery(QueryExecutorMethodInterceptor.java:102)
	at org.springframework.data.repository.core.support.QueryExecutorMethodInterceptor.<init>(QueryExecutorMethodInterceptor.java:90)
	at org.springframework.data.repository.core.support.RepositoryFactorySupport.getRepository(RepositoryFactorySupport.java:413)
	at org.springframework.data.repository.core.support.RepositoryFactoryBeanSupport.lambda$afterPropertiesSet$1(RepositoryFactoryBeanSupport.java:361)
	at org.springframework.data.util.Lazy.getNullable(Lazy.java:136)
	at org.springframework.data.util.Lazy.get(Lazy.java:114)
	at org.springframework.data.repository.core.support.RepositoryFactoryBeanSupport.afterPropertiesSet(RepositoryFactoryBeanSupport.java:370)
	at org.springframework.data.jpa.repository.support.JpaRepositoryFactoryBean.afterPropertiesSet(JpaRepositoryFactoryBean.java:212)
	at org.springframework.beans.factory.support.AbstractAutowireCapableBeanFactory.invokeInitMethods(AbstractAutowireCapableBeanFactory.java:1862)
	at org.springframework.beans.factory.support.AbstractAutowireCapableBeanFactory.initializeBean(AbstractAutowireCapableBeanFactory.java:1811)
	... 49 more
Caused by: org.springframework.data.core.PropertyReferenceException: No property 'activity' found for type 'Dependency'
	at org.springframework.data.core.SimplePropertyPath.<init>(SimplePropertyPath.java:94)
	at org.springframework.data.core.SimplePropertyPath.create(SimplePropertyPath.java:322)
	at org.springframework.data.core.SimplePropertyPath.create(SimplePropertyPath.java:297)
	at org.springframework.data.core.SimplePropertyPath.lambda$from$0(SimplePropertyPath.java:250)
	at org.springframework.util.ConcurrentReferenceHashMap$6.execute(ConcurrentReferenceHashMap.java:387)
	at org.springframework.util.ConcurrentReferenceHashMap$Segment.doTask(ConcurrentReferenceHashMap.java:688)
	at org.springframework.util.ConcurrentReferenceHashMap.doTask(ConcurrentReferenceHashMap.java:572)
	at org.springframework.util.ConcurrentReferenceHashMap.computeIfAbsent(ConcurrentReferenceHashMap.java:381)
	at org.springframework.data.core.SimplePropertyPath.from(SimplePropertyPath.java:228)
	at org.springframework.data.core.PropertyPath.from(PropertyPath.java:264)
	at org.springframework.data.core.PropertyPath.from(PropertyPath.java:247)
	at org.springframework.data.repository.query.parser.Part.<init>(Part.java:81)
	at org.springframework.data.repository.query.parser.PartTree$OrPart.lambda$new$0(PartTree.java:260)
	at java.base/java.util.stream.ReferencePipeline$3$1.accept(ReferencePipeline.java:197)
	at java.base/java.util.stream.ReferencePipeline$2$1.accept(ReferencePipeline.java:179)
	at java.base/java.util.Spliterators$ArraySpliterator.forEachRemaining(Spliterators.java:1024)
	at java.base/java.util.stream.AbstractPipeline.copyInto(AbstractPipeline.java:509)
	at java.base/java.util.stream.AbstractPipeline.wrapAndCopyInto(AbstractPipeline.java:499)
	at java.base/java.util.stream.ReduceOps$ReduceOp.evaluateSequential(ReduceOps.java:921)
	at java.base/java.util.stream.AbstractPipeline.evaluate(AbstractPipeline.java:234)
	at java.base/java.util.stream.ReferencePipeline.collect(ReferencePipeline.java:682)
	at org.springframework.data.repository.query.parser.PartTree$OrPart.<init>(PartTree.java:261)
	at org.springframework.data.repository.query.parser.PartTree$Predicate.lambda$new$0(PartTree.java:390)
	at java.base/java.util.stream.ReferencePipeline$3$1.accept(ReferencePipeline.java:197)
	at java.base/java.util.stream.ReferencePipeline$2$1.accept(ReferencePipeline.java:179)
	at java.base/java.util.Spliterators$ArraySpliterator.forEachRemaining(Spliterators.java:1024)
	at java.base/java.util.stream.AbstractPipeline.copyInto(AbstractPipeline.java:509)
	at java.base/java.util.stream.AbstractPipeline.wrapAndCopyInto(AbstractPipeline.java:499)
	at java.base/java.util.stream.ReduceOps$ReduceOp.evaluateSequential(ReduceOps.java:921)
	at java.base/java.util.stream.AbstractPipeline.evaluate(AbstractPipeline.java:234)
	at java.base/java.util.stream.ReferencePipeline.collect(ReferencePipeline.java:682)
	at org.springframework.data.repository.query.parser.PartTree$Predicate.<init>(PartTree.java:391)
	at org.springframework.data.repository.query.parser.PartTree.<init>(PartTree.java:104)
	at org.springframework.data.jpa.repository.query.PartTreeJpaQuery.<init>(PartTreeJpaQuery.java:108)
	... 63 more
2026-09-22 11:37:49 INFO  [restartedMain] IndusPathFinderApplication - Starting IndusPathFinderApplication using Java 21.0.11 with PID 26628 (E:\Indus_Path_Finder(Git)\Induspathfinder\Development\BackEnd\IndusPathFinder\target\classes started by Bharath in E:\Indus_Path_Finder(Git)\Induspathfinder\Development\BackEnd\IndusPathFinder)
2026-09-22 11:37:49 INFO  [restartedMain] IndusPathFinderApplication - No active profile set, falling back to 1 default profile: "default"
2026-09-22 11:37:50 INFO  [restartedMain] RepositoryConfigurationDelegate - Bootstrapping Spring Data JPA repositories in DEFAULT mode.
2026-09-22 11:37:50 INFO  [restartedMain] RepositoryConfigurationDelegate - Finished Spring Data repository scanning in 69 ms. Found 8 JPA repository interfaces.
2026-09-22 11:37:50 INFO  [restartedMain] TomcatWebServer - Tomcat initialized with port 8081 (http)
2026-09-22 11:37:50 INFO  [restartedMain] Http11NioProtocol - Initializing ProtocolHandler ["http-nio-0.0.0.0-8081"]
2026-09-22 11:37:50 INFO  [restartedMain] StandardService - Starting service [Tomcat]
2026-09-22 11:37:50 INFO  [restartedMain] StandardEngine - Starting Servlet engine: [Apache Tomcat/11.0.22]
2026-09-22 11:37:50 INFO  [restartedMain] WebApplicationContextInitializer - Root WebApplicationContext: initialization completed in 1134 ms
2026-09-22 11:37:50 INFO  [restartedMain] jpa - HHH008540: Processing PersistenceUnitInfo [name: default]
2026-09-22 11:37:50 INFO  [restartedMain] SpringPersistenceUnitInfo - No LoadTimeWeaver setup: ignoring JPA class transformer
2026-09-22 11:37:50 INFO  [restartedMain] HikariDataSource - HikariPool-12 - Starting...
2026-09-22 11:37:51 INFO  [restartedMain] HikariPool - HikariPool-12 - Added connection com.mysql.cj.jdbc.ConnectionImpl@52c1209b
2026-09-22 11:37:51 INFO  [restartedMain] HikariDataSource - HikariPool-12 - Start completed.
2026-09-22 11:37:51 WARN  [restartedMain] deprecation - HHH90000025: MySQLDialect does not need to be specified explicitly using 'hibernate.dialect' (remove the property setting and it will be selected by default)
2026-09-22 11:37:51 INFO  [restartedMain] pooling - HHH10001005: Database info:
	Database JDBC URL [jdbc:mysql://localhost:3306/indus_path_finder]
	Database driver: MySQL Connector/J
	Database dialect: MySQLDialect
	Database version: 8.0.45
	Default catalog/schema: indus_path_finder/undefined
	Autocommit mode: undefined/unknown
	Isolation level: REPEATABLE_READ [default REPEATABLE_READ]
	JDBC fetch size: none
	Pool: DataSourceConnectionProvider
	Minimum pool size: undefined/unknown
	Maximum pool size: undefined/unknown
2026-09-22 11:37:51 INFO  [restartedMain] core - HHH000489: No JTA platform available (set 'hibernate.transaction.jta.platform' to enable JTA platform integration)
2026-09-22 11:37:51 INFO  [restartedMain] LocalContainerEntityManagerFactoryBean - Initialized JPA EntityManagerFactory for persistence unit 'default'
2026-09-22 11:37:52 WARN  [restartedMain] AnnotationConfigServletWebServerApplicationContext - Exception encountered during context initialization - cancelling refresh attempt: org.springframework.beans.factory.UnsatisfiedDependencyException: Error creating bean with name 'activityController': Unsatisfied dependency expressed through field 'activityService': Error creating bean with name 'activityServiceImpl' defined in file [E:\Indus_Path_Finder(Git)\Induspathfinder\Development\BackEnd\IndusPathFinder\target\classes\com\induspathfinder\app\serviceimpl\ActivityServiceImpl.class]: Unsatisfied dependency expressed through constructor parameter 3: Error creating bean with name 'dependencyRepository' defined in com.induspathfinder.app.repository.DependencyRepository defined in @EnableJpaRepositories declared on DataJpaRepositoriesRegistrar.EnableJpaRepositoriesConfiguration: No property 'activity' found for type 'Dependency'
2026-09-22 11:37:52 INFO  [restartedMain] LocalContainerEntityManagerFactoryBean - Closing JPA EntityManagerFactory for persistence unit 'default'
2026-09-22 11:37:52 INFO  [restartedMain] HikariDataSource - HikariPool-12 - Shutdown initiated...
2026-09-22 11:37:52 INFO  [restartedMain] HikariDataSource - HikariPool-12 - Shutdown completed.
2026-09-22 11:37:52 INFO  [restartedMain] StandardService - Stopping service [Tomcat]
2026-09-22 11:37:52 INFO  [restartedMain] ConditionEvaluationReportLogger - 

Error starting ApplicationContext. To display the condition evaluation report re-run your application with 'debug' enabled.
2026-09-22 11:37:52 ERROR [restartedMain] SpringApplication - Application run failed
org.springframework.beans.factory.UnsatisfiedDependencyException: Error creating bean with name 'activityController': Unsatisfied dependency expressed through field 'activityService': Error creating bean with name 'activityServiceImpl' defined in file [E:\Indus_Path_Finder(Git)\Induspathfinder\Development\BackEnd\IndusPathFinder\target\classes\com\induspathfinder\app\serviceimpl\ActivityServiceImpl.class]: Unsatisfied dependency expressed through constructor parameter 3: Error creating bean with name 'dependencyRepository' defined in com.induspathfinder.app.repository.DependencyRepository defined in @EnableJpaRepositories declared on DataJpaRepositoriesRegistrar.EnableJpaRepositoriesConfiguration: No property 'activity' found for type 'Dependency'
	at org.springframework.beans.factory.annotation.AutowiredAnnotationBeanPostProcessor$AutowiredFieldElement.resolveFieldValue(AutowiredAnnotationBeanPostProcessor.java:767)
	at org.springframework.beans.factory.annotation.AutowiredAnnotationBeanPostProcessor$AutowiredFieldElement.inject(AutowiredAnnotationBeanPostProcessor.java:748)
	at org.springframework.beans.factory.annotation.InjectionMetadata.inject(InjectionMetadata.java:146)
	at org.springframework.beans.factory.annotation.AutowiredAnnotationBeanPostProcessor.postProcessProperties(AutowiredAnnotationBeanPostProcessor.java:493)
	at org.springframework.beans.factory.support.AbstractAutowireCapableBeanFactory.populateBean(AbstractAutowireCapableBeanFactory.java:1444)
	at org.springframework.beans.factory.support.AbstractAutowireCapableBeanFactory.doCreateBean(AbstractAutowireCapableBeanFactory.java:602)
	at org.springframework.beans.factory.support.AbstractAutowireCapableBeanFactory.createBean(AbstractAutowireCapableBeanFactory.java:525)
	at org.springframework.beans.factory.support.AbstractBeanFactory.lambda$doGetBean$0(AbstractBeanFactory.java:333)
	at org.springframework.beans.factory.support.DefaultSingletonBeanRegistry.getSingleton(DefaultSingletonBeanRegistry.java:371)
	at org.springframework.beans.factory.support.AbstractBeanFactory.doGetBean(AbstractBeanFactory.java:331)
	at org.springframework.beans.factory.support.AbstractBeanFactory.getBean(AbstractBeanFactory.java:196)
	at org.springframework.beans.factory.support.DefaultListableBeanFactory.instantiateSingleton(DefaultListableBeanFactory.java:1225)
	at org.springframework.beans.factory.support.DefaultListableBeanFactory.preInstantiateSingleton(DefaultListableBeanFactory.java:1191)
	at org.springframework.beans.factory.support.DefaultListableBeanFactory.preInstantiateSingletons(DefaultListableBeanFactory.java:1121)
	at org.springframework.context.support.AbstractApplicationContext.finishBeanFactoryInitialization(AbstractApplicationContext.java:994)
	at org.springframework.context.support.AbstractApplicationContext.refresh(AbstractApplicationContext.java:621)
	at org.springframework.boot.web.server.servlet.context.ServletWebServerApplicationContext.refresh(ServletWebServerApplicationContext.java:143)
	at org.springframework.boot.SpringApplication.refresh(SpringApplication.java:756)
	at org.springframework.boot.SpringApplication.refreshContext(SpringApplication.java:445)
	at org.springframework.boot.SpringApplication.run(SpringApplication.java:321)
	at org.springframework.boot.SpringApplication.run(SpringApplication.java:1365)
	at org.springframework.boot.SpringApplication.run(SpringApplication.java:1354)
	at com.induspathfinder.app.IndusPathFinderApplication.main(IndusPathFinderApplication.java:26)
	at java.base/jdk.internal.reflect.DirectMethodHandleAccessor.invoke(DirectMethodHandleAccessor.java:103)
	at java.base/java.lang.reflect.Method.invoke(Method.java:580)
	at org.springframework.boot.devtools.restart.RestartLauncher.run(RestartLauncher.java:52)
Caused by: org.springframework.beans.factory.UnsatisfiedDependencyException: Error creating bean with name 'activityServiceImpl' defined in file [E:\Indus_Path_Finder(Git)\Induspathfinder\Development\BackEnd\IndusPathFinder\target\classes\com\induspathfinder\app\serviceimpl\ActivityServiceImpl.class]: Unsatisfied dependency expressed through constructor parameter 3: Error creating bean with name 'dependencyRepository' defined in com.induspathfinder.app.repository.DependencyRepository defined in @EnableJpaRepositories declared on DataJpaRepositoriesRegistrar.EnableJpaRepositoriesConfiguration: No property 'activity' found for type 'Dependency'
	at org.springframework.beans.factory.support.ConstructorResolver.createArgumentArray(ConstructorResolver.java:804)
	at org.springframework.beans.factory.support.ConstructorResolver.autowireConstructor(ConstructorResolver.java:240)
	at org.springframework.beans.factory.support.AbstractAutowireCapableBeanFactory.autowireConstructor(AbstractAutowireCapableBeanFactory.java:1380)
	at org.springframework.beans.factory.support.AbstractAutowireCapableBeanFactory.createBeanInstance(AbstractAutowireCapableBeanFactory.java:1219)
	at org.springframework.beans.factory.support.AbstractAutowireCapableBeanFactory.doCreateBean(AbstractAutowireCapableBeanFactory.java:565)
	at org.springframework.beans.factory.support.AbstractAutowireCapableBeanFactory.createBean(AbstractAutowireCapableBeanFactory.java:525)
	at org.springframework.beans.factory.support.AbstractBeanFactory.lambda$doGetBean$0(AbstractBeanFactory.java:333)
	at org.springframework.beans.factory.support.DefaultSingletonBeanRegistry.getSingleton(DefaultSingletonBeanRegistry.java:371)
	at org.springframework.beans.factory.support.AbstractBeanFactory.doGetBean(AbstractBeanFactory.java:331)
	at org.springframework.beans.factory.support.AbstractBeanFactory.getBean(AbstractBeanFactory.java:201)
	at org.springframework.beans.factory.config.DependencyDescriptor.resolveCandidate(DependencyDescriptor.java:229)
	at org.springframework.beans.factory.support.DefaultListableBeanFactory.doResolveDependency(DefaultListableBeanFactory.java:1769)
	at org.springframework.beans.factory.support.DefaultListableBeanFactory.resolveDependency(DefaultListableBeanFactory.java:1658)
	at org.springframework.beans.factory.annotation.AutowiredAnnotationBeanPostProcessor$AutowiredFieldElement.resolveFieldValue(AutowiredAnnotationBeanPostProcessor.java:764)
	... 25 more
Caused by: org.springframework.beans.factory.BeanCreationException: Error creating bean with name 'dependencyRepository' defined in com.induspathfinder.app.repository.DependencyRepository defined in @EnableJpaRepositories declared on DataJpaRepositoriesRegistrar.EnableJpaRepositoriesConfiguration: No property 'activity' found for type 'Dependency'
	at org.springframework.beans.factory.support.AbstractAutowireCapableBeanFactory.initializeBean(AbstractAutowireCapableBeanFactory.java:1815)
	at org.springframework.beans.factory.support.AbstractAutowireCapableBeanFactory.doCreateBean(AbstractAutowireCapableBeanFactory.java:603)
	at org.springframework.beans.factory.support.AbstractAutowireCapableBeanFactory.createBean(AbstractAutowireCapableBeanFactory.java:525)
	at org.springframework.beans.factory.support.AbstractBeanFactory.lambda$doGetBean$0(AbstractBeanFactory.java:333)
	at org.springframework.beans.factory.support.DefaultSingletonBeanRegistry.getSingleton(DefaultSingletonBeanRegistry.java:371)
	at org.springframework.beans.factory.support.AbstractBeanFactory.doGetBean(AbstractBeanFactory.java:331)
	at org.springframework.beans.factory.support.AbstractBeanFactory.getBean(AbstractBeanFactory.java:201)
	at org.springframework.beans.factory.support.DefaultListableBeanFactory.resolveBean(DefaultListableBeanFactory.java:1232)
	at org.springframework.beans.factory.support.DefaultListableBeanFactory.doResolveDependency(DefaultListableBeanFactory.java:1711)
	at org.springframework.beans.factory.support.DefaultListableBeanFactory.resolveDependency(DefaultListableBeanFactory.java:1658)
	at org.springframework.beans.factory.support.ConstructorResolver.resolveAutowiredArgument(ConstructorResolver.java:912)
	at org.springframework.beans.factory.support.ConstructorResolver.createArgumentArray(ConstructorResolver.java:791)
	... 38 more
Caused by: org.springframework.data.repository.query.QueryCreationException: Cannot create query for method [DependencyRepository.existsByActivity_ActId(java.lang.Long)]; No property 'activity' found for type 'Dependency'
	at org.springframework.data.repository.query.QueryCreationException.create(QueryCreationException.java:109)
	at org.springframework.data.jpa.repository.query.PartTreeJpaQuery.<init>(PartTreeJpaQuery.java:114)
	at org.springframework.data.jpa.repository.query.JpaQueryLookupStrategy$CreateQueryLookupStrategy.resolveQuery(JpaQueryLookupStrategy.java:118)
	at org.springframework.data.jpa.repository.query.JpaQueryLookupStrategy$CreateIfNotFoundQueryLookupStrategy.resolveQuery(JpaQueryLookupStrategy.java:291)
	at org.springframework.data.jpa.repository.query.JpaQueryLookupStrategy$AbstractQueryLookupStrategy.resolveQuery(JpaQueryLookupStrategy.java:93)
	at org.springframework.data.repository.core.support.QueryExecutorMethodInterceptor.lookupQuery(QueryExecutorMethodInterceptor.java:114)
	at org.springframework.data.repository.core.support.QueryExecutorMethodInterceptor.mapMethodsToQuery(QueryExecutorMethodInterceptor.java:102)
	at org.springframework.data.repository.core.support.QueryExecutorMethodInterceptor.<init>(QueryExecutorMethodInterceptor.java:90)
	at org.springframework.data.repository.core.support.RepositoryFactorySupport.getRepository(RepositoryFactorySupport.java:413)
	at org.springframework.data.repository.core.support.RepositoryFactoryBeanSupport.lambda$afterPropertiesSet$1(RepositoryFactoryBeanSupport.java:361)
	at org.springframework.data.util.Lazy.getNullable(Lazy.java:136)
	at org.springframework.data.util.Lazy.get(Lazy.java:114)
	at org.springframework.data.repository.core.support.RepositoryFactoryBeanSupport.afterPropertiesSet(RepositoryFactoryBeanSupport.java:370)
	at org.springframework.data.jpa.repository.support.JpaRepositoryFactoryBean.afterPropertiesSet(JpaRepositoryFactoryBean.java:212)
	at org.springframework.beans.factory.support.AbstractAutowireCapableBeanFactory.invokeInitMethods(AbstractAutowireCapableBeanFactory.java:1862)
	at org.springframework.beans.factory.support.AbstractAutowireCapableBeanFactory.initializeBean(AbstractAutowireCapableBeanFactory.java:1811)
	... 49 more
Caused by: org.springframework.data.core.PropertyReferenceException: No property 'activity' found for type 'Dependency'
	at org.springframework.data.core.SimplePropertyPath.<init>(SimplePropertyPath.java:94)
	at org.springframework.data.core.SimplePropertyPath.create(SimplePropertyPath.java:322)
	at org.springframework.data.core.SimplePropertyPath.create(SimplePropertyPath.java:297)
	at org.springframework.data.core.SimplePropertyPath.lambda$from$0(SimplePropertyPath.java:250)
	at org.springframework.util.ConcurrentReferenceHashMap$6.execute(ConcurrentReferenceHashMap.java:387)
	at org.springframework.util.ConcurrentReferenceHashMap$Segment.doTask(ConcurrentReferenceHashMap.java:688)
	at org.springframework.util.ConcurrentReferenceHashMap.doTask(ConcurrentReferenceHashMap.java:572)
	at org.springframework.util.ConcurrentReferenceHashMap.computeIfAbsent(ConcurrentReferenceHashMap.java:381)
	at org.springframework.data.core.SimplePropertyPath.from(SimplePropertyPath.java:228)
	at org.springframework.data.core.PropertyPath.from(PropertyPath.java:264)
	at org.springframework.data.core.PropertyPath.from(PropertyPath.java:247)
	at org.springframework.data.repository.query.parser.Part.<init>(Part.java:81)
	at org.springframework.data.repository.query.parser.PartTree$OrPart.lambda$new$0(PartTree.java:260)
	at java.base/java.util.stream.ReferencePipeline$3$1.accept(ReferencePipeline.java:197)
	at java.base/java.util.stream.ReferencePipeline$2$1.accept(ReferencePipeline.java:179)
	at java.base/java.util.Spliterators$ArraySpliterator.forEachRemaining(Spliterators.java:1024)
	at java.base/java.util.stream.AbstractPipeline.copyInto(AbstractPipeline.java:509)
	at java.base/java.util.stream.AbstractPipeline.wrapAndCopyInto(AbstractPipeline.java:499)
	at java.base/java.util.stream.ReduceOps$ReduceOp.evaluateSequential(ReduceOps.java:921)
	at java.base/java.util.stream.AbstractPipeline.evaluate(AbstractPipeline.java:234)
	at java.base/java.util.stream.ReferencePipeline.collect(ReferencePipeline.java:682)
	at org.springframework.data.repository.query.parser.PartTree$OrPart.<init>(PartTree.java:261)
	at org.springframework.data.repository.query.parser.PartTree$Predicate.lambda$new$0(PartTree.java:390)
	at java.base/java.util.stream.ReferencePipeline$3$1.accept(ReferencePipeline.java:197)
	at java.base/java.util.stream.ReferencePipeline$2$1.accept(ReferencePipeline.java:179)
	at java.base/java.util.Spliterators$ArraySpliterator.forEachRemaining(Spliterators.java:1024)
	at java.base/java.util.stream.AbstractPipeline.copyInto(AbstractPipeline.java:509)
	at java.base/java.util.stream.AbstractPipeline.wrapAndCopyInto(AbstractPipeline.java:499)
	at java.base/java.util.stream.ReduceOps$ReduceOp.evaluateSequential(ReduceOps.java:921)
	at java.base/java.util.stream.AbstractPipeline.evaluate(AbstractPipeline.java:234)
	at java.base/java.util.stream.ReferencePipeline.collect(ReferencePipeline.java:682)
	at org.springframework.data.repository.query.parser.PartTree$Predicate.<init>(PartTree.java:391)
	at org.springframework.data.repository.query.parser.PartTree.<init>(PartTree.java:104)
	at org.springframework.data.jpa.repository.query.PartTreeJpaQuery.<init>(PartTreeJpaQuery.java:108)
	... 63 more
2026-09-22 11:38:05 INFO  [restartedMain] IndusPathFinderApplication - Starting IndusPathFinderApplication using Java 21.0.11 with PID 26628 (E:\Indus_Path_Finder(Git)\Induspathfinder\Development\BackEnd\IndusPathFinder\target\classes started by Bharath in E:\Indus_Path_Finder(Git)\Induspathfinder\Development\BackEnd\IndusPathFinder)
2026-09-22 11:38:05 INFO  [restartedMain] IndusPathFinderApplication - No active profile set, falling back to 1 default profile: "default"
2026-09-22 11:38:05 INFO  [restartedMain] RepositoryConfigurationDelegate - Bootstrapping Spring Data JPA repositories in DEFAULT mode.
2026-09-22 11:38:05 INFO  [restartedMain] RepositoryConfigurationDelegate - Finished Spring Data repository scanning in 48 ms. Found 8 JPA repository interfaces.
2026-09-22 11:38:05 INFO  [restartedMain] TomcatWebServer - Tomcat initialized with port 8081 (http)
2026-09-22 11:38:05 INFO  [restartedMain] Http11NioProtocol - Initializing ProtocolHandler ["http-nio-0.0.0.0-8081"]
2026-09-22 11:38:05 INFO  [restartedMain] StandardService - Starting service [Tomcat]
2026-09-22 11:38:05 INFO  [restartedMain] StandardEngine - Starting Servlet engine: [Apache Tomcat/11.0.22]
2026-09-22 11:38:05 INFO  [restartedMain] WebApplicationContextInitializer - Root WebApplicationContext: initialization completed in 464 ms
2026-09-22 11:38:05 INFO  [restartedMain] jpa - HHH008540: Processing PersistenceUnitInfo [name: default]
2026-09-22 11:38:05 INFO  [restartedMain] SpringPersistenceUnitInfo - No LoadTimeWeaver setup: ignoring JPA class transformer
2026-09-22 11:38:05 INFO  [restartedMain] HikariDataSource - HikariPool-13 - Starting...
2026-09-22 11:38:05 INFO  [restartedMain] HikariPool - HikariPool-13 - Added connection com.mysql.cj.jdbc.ConnectionImpl@ae0a10a
2026-09-22 11:38:05 INFO  [restartedMain] HikariDataSource - HikariPool-13 - Start completed.
2026-09-22 11:38:05 WARN  [restartedMain] deprecation - HHH90000025: MySQLDialect does not need to be specified explicitly using 'hibernate.dialect' (remove the property setting and it will be selected by default)
2026-09-22 11:38:05 INFO  [restartedMain] pooling - HHH10001005: Database info:
	Database JDBC URL [jdbc:mysql://localhost:3306/indus_path_finder]
	Database driver: MySQL Connector/J
	Database dialect: MySQLDialect
	Database version: 8.0.45
	Default catalog/schema: indus_path_finder/undefined
	Autocommit mode: undefined/unknown
	Isolation level: REPEATABLE_READ [default REPEATABLE_READ]
	JDBC fetch size: none
	Pool: DataSourceConnectionProvider
	Minimum pool size: undefined/unknown
	Maximum pool size: undefined/unknown
2026-09-22 11:38:06 INFO  [restartedMain] core - HHH000489: No JTA platform available (set 'hibernate.transaction.jta.platform' to enable JTA platform integration)
2026-09-22 11:38:06 INFO  [restartedMain] LocalContainerEntityManagerFactoryBean - Initialized JPA EntityManagerFactory for persistence unit 'default'
2026-09-22 11:38:06 INFO  [restartedMain] InitializeUserDetailsBeanManagerConfigurer$InitializeUserDetailsManagerConfigurer - Global AuthenticationManager configured with UserDetailsService bean with name userDetailsServiceImpl
2026-09-22 11:38:07 INFO  [restartedMain] Http11NioProtocol - Starting ProtocolHandler ["http-nio-0.0.0.0-8081"]
2026-09-22 11:38:07 INFO  [restartedMain] TomcatWebServer - Tomcat started on port 8081 (http) with context path '/'
2026-09-22 11:38:07 INFO  [restartedMain] IndusPathFinderApplication - Started IndusPathFinderApplication in 2.141 seconds (process running for 6426.784)
2026-09-22 11:38:07 INFO  [restartedMain] ConditionEvaluationDeltaLoggingListener - Condition evaluation unchanged
2026-09-22 11:38:24 INFO  [background-preinit] Version - HV000001: Hibernate Validator 9.1.0.Final
2026-09-22 11:38:24 INFO  [restartedMain] IndusPathFinderApplication - Starting IndusPathFinderApplication using Java 21.0.11 with PID 37844 (E:\Indus_Path_Finder(Git)\Induspathfinder\Development\BackEnd\IndusPathFinder\target\classes started by Bharath in E:\Indus_Path_Finder(Git)\Induspathfinder\Development\BackEnd\IndusPathFinder)
2026-09-22 11:38:24 INFO  [restartedMain] IndusPathFinderApplication - No active profile set, falling back to 1 default profile: "default"
2026-09-22 11:38:24 INFO  [restartedMain] DevToolsPropertyDefaultsPostProcessor - Devtools property defaults active! Set 'spring.devtools.add-properties' to 'false' to disable
2026-09-22 11:38:24 INFO  [restartedMain] DevToolsPropertyDefaultsPostProcessor - For additional web related logging consider setting the 'logging.level.web' property to 'DEBUG'
2026-09-22 11:38:25 INFO  [restartedMain] RepositoryConfigurationDelegate - Bootstrapping Spring Data JPA repositories in DEFAULT mode.
2026-09-22 11:38:25 INFO  [restartedMain] RepositoryConfigurationDelegate - Finished Spring Data repository scanning in 97 ms. Found 8 JPA repository interfaces.
2026-09-22 11:38:26 INFO  [restartedMain] TomcatWebServer - Tomcat initialized with port 8081 (http)
2026-09-22 11:38:26 INFO  [restartedMain] Http11NioProtocol - Initializing ProtocolHandler ["http-nio-0.0.0.0-8081"]
2026-09-22 11:38:26 INFO  [restartedMain] StandardService - Starting service [Tomcat]
2026-09-22 11:38:26 INFO  [restartedMain] StandardEngine - Starting Servlet engine: [Apache Tomcat/11.0.22]
2026-09-22 11:38:26 INFO  [restartedMain] WebApplicationContextInitializer - Root WebApplicationContext: initialization completed in 2133 ms
2026-09-22 11:38:27 INFO  [restartedMain] jpa - HHH008540: Processing PersistenceUnitInfo [name: default]
2026-09-22 11:38:27 INFO  [restartedMain] core - HHH000001: Hibernate ORM core version 7.4.1.Final
2026-09-22 11:38:27 INFO  [restartedMain] SpringPersistenceUnitInfo - No LoadTimeWeaver setup: ignoring JPA class transformer
2026-09-22 11:38:27 INFO  [restartedMain] HikariDataSource - HikariPool-1 - Starting...
2026-09-22 11:38:28 INFO  [restartedMain] HikariPool - HikariPool-1 - Added connection com.mysql.cj.jdbc.ConnectionImpl@10a2c830
2026-09-22 11:38:28 INFO  [restartedMain] HikariDataSource - HikariPool-1 - Start completed.
2026-09-22 11:38:28 WARN  [restartedMain] deprecation - HHH90000025: MySQLDialect does not need to be specified explicitly using 'hibernate.dialect' (remove the property setting and it will be selected by default)
2026-09-22 11:38:28 INFO  [restartedMain] pooling - HHH10001005: Database info:
	Database JDBC URL [jdbc:mysql://localhost:3306/indus_path_finder]
	Database driver: MySQL Connector/J
	Database dialect: MySQLDialect
	Database version: 8.0.45
	Default catalog/schema: indus_path_finder/undefined
	Autocommit mode: undefined/unknown
	Isolation level: REPEATABLE_READ [default REPEATABLE_READ]
	JDBC fetch size: none
	Pool: DataSourceConnectionProvider
	Minimum pool size: undefined/unknown
	Maximum pool size: undefined/unknown
2026-09-22 11:38:29 INFO  [restartedMain] core - HHH000489: No JTA platform available (set 'hibernate.transaction.jta.platform' to enable JTA platform integration)
2026-09-22 11:38:29 INFO  [restartedMain] LocalContainerEntityManagerFactoryBean - Initialized JPA EntityManagerFactory for persistence unit 'default'
2026-09-22 11:38:29 INFO  [restartedMain] QueryEnhancerFactories - Hibernate is in classpath; If applicable, HQL parser will be used.
2026-09-22 11:38:31 INFO  [restartedMain] InitializeUserDetailsBeanManagerConfigurer$InitializeUserDetailsManagerConfigurer - Global AuthenticationManager configured with UserDetailsService bean with name userDetailsServiceImpl
2026-09-22 11:38:32 INFO  [restartedMain] Http11NioProtocol - Starting ProtocolHandler ["http-nio-0.0.0.0-8081"]
2026-09-22 11:38:32 WARN  [restartedMain] AnnotationConfigServletWebServerApplicationContext - Exception encountered during context initialization - cancelling refresh attempt: org.springframework.context.ApplicationContextException: Failed to start bean 'webServerStartStop'
2026-09-22 11:38:32 INFO  [restartedMain] LocalContainerEntityManagerFactoryBean - Closing JPA EntityManagerFactory for persistence unit 'default'
2026-09-22 11:38:32 INFO  [restartedMain] HikariDataSource - HikariPool-1 - Shutdown initiated...
2026-09-22 11:38:32 INFO  [restartedMain] HikariDataSource - HikariPool-1 - Shutdown completed.
2026-09-22 11:38:32 INFO  [restartedMain] ConditionEvaluationReportLogger - 

Error starting ApplicationContext. To display the condition evaluation report re-run your application with 'debug' enabled.
2026-09-22 11:38:32 ERROR [restartedMain] LoggingFailureAnalysisReporter - 

***************************
APPLICATION FAILED TO START
***************************

Description:

Web server failed to start. Port 8081 was already in use.

Action:

Identify and stop the process that's listening on port 8081 or configure this application to listen on another port.

2026-09-22 11:38:44 INFO  [RMI TCP Connection(144)-127.0.0.1] SpringApplicationAdminMXBeanRegistrar$SpringApplicationAdmin - Application shutdown requested.
2026-09-22 11:38:44 INFO  [RMI TCP Connection(144)-127.0.0.1] GracefulShutdown - Commencing graceful shutdown. Waiting for active requests to complete
2026-09-22 11:38:44 INFO  [tomcat-shutdown] Http11NioProtocol - Pausing ProtocolHandler ["http-nio-0.0.0.0-8081"]
2026-09-22 11:38:44 INFO  [tomcat-shutdown] GracefulShutdown - Graceful shutdown complete
2026-09-22 11:38:44 INFO  [RMI TCP Connection(144)-127.0.0.1] Http11NioProtocol - Stopping ProtocolHandler ["http-nio-0.0.0.0-8081"]
2026-09-22 11:38:44 INFO  [RMI TCP Connection(144)-127.0.0.1] LocalContainerEntityManagerFactoryBean - Closing JPA EntityManagerFactory for persistence unit 'default'
2026-09-22 11:38:44 INFO  [RMI TCP Connection(144)-127.0.0.1] HikariDataSource - HikariPool-13 - Shutdown initiated...
2026-09-22 11:38:44 INFO  [RMI TCP Connection(144)-127.0.0.1] HikariDataSource - HikariPool-13 - Shutdown completed.
2026-09-22 11:38:47 INFO  [background-preinit] Version - HV000001: Hibernate Validator 9.1.0.Final
2026-09-22 11:38:47 INFO  [restartedMain] IndusPathFinderApplication - Starting IndusPathFinderApplication using Java 21.0.11 with PID 30164 (E:\Indus_Path_Finder(Git)\Induspathfinder\Development\BackEnd\IndusPathFinder\target\classes started by Bharath in E:\Indus_Path_Finder(Git)\Induspathfinder\Development\BackEnd\IndusPathFinder)
2026-09-22 11:38:47 INFO  [restartedMain] IndusPathFinderApplication - No active profile set, falling back to 1 default profile: "default"
2026-09-22 11:38:47 INFO  [restartedMain] DevToolsPropertyDefaultsPostProcessor - Devtools property defaults active! Set 'spring.devtools.add-properties' to 'false' to disable
2026-09-22 11:38:47 INFO  [restartedMain] DevToolsPropertyDefaultsPostProcessor - For additional web related logging consider setting the 'logging.level.web' property to 'DEBUG'
2026-09-22 11:38:48 INFO  [restartedMain] RepositoryConfigurationDelegate - Bootstrapping Spring Data JPA repositories in DEFAULT mode.
2026-09-22 11:38:48 INFO  [restartedMain] RepositoryConfigurationDelegate - Finished Spring Data repository scanning in 94 ms. Found 8 JPA repository interfaces.
2026-09-22 11:38:49 INFO  [restartedMain] TomcatWebServer - Tomcat initialized with port 8081 (http)
2026-09-22 11:38:49 INFO  [restartedMain] Http11NioProtocol - Initializing ProtocolHandler ["http-nio-0.0.0.0-8081"]
2026-09-22 11:38:49 INFO  [restartedMain] StandardService - Starting service [Tomcat]
2026-09-22 11:38:49 INFO  [restartedMain] StandardEngine - Starting Servlet engine: [Apache Tomcat/11.0.22]
2026-09-22 11:38:49 INFO  [restartedMain] WebApplicationContextInitializer - Root WebApplicationContext: initialization completed in 1749 ms
2026-09-22 11:38:49 INFO  [restartedMain] jpa - HHH008540: Processing PersistenceUnitInfo [name: default]
2026-09-22 11:38:49 INFO  [restartedMain] core - HHH000001: Hibernate ORM core version 7.4.1.Final
2026-09-22 11:38:49 INFO  [restartedMain] SpringPersistenceUnitInfo - No LoadTimeWeaver setup: ignoring JPA class transformer
2026-09-22 11:38:49 INFO  [restartedMain] HikariDataSource - HikariPool-1 - Starting...
2026-09-22 11:38:50 INFO  [restartedMain] HikariPool - HikariPool-1 - Added connection com.mysql.cj.jdbc.ConnectionImpl@25c632e8
2026-09-22 11:38:50 INFO  [restartedMain] HikariDataSource - HikariPool-1 - Start completed.
2026-09-22 11:38:50 WARN  [restartedMain] deprecation - HHH90000025: MySQLDialect does not need to be specified explicitly using 'hibernate.dialect' (remove the property setting and it will be selected by default)
2026-09-22 11:38:50 INFO  [restartedMain] pooling - HHH10001005: Database info:
	Database JDBC URL [jdbc:mysql://localhost:3306/indus_path_finder]
	Database driver: MySQL Connector/J
	Database dialect: MySQLDialect
	Database version: 8.0.45
	Default catalog/schema: indus_path_finder/undefined
	Autocommit mode: undefined/unknown
	Isolation level: REPEATABLE_READ [default REPEATABLE_READ]
	JDBC fetch size: none
	Pool: DataSourceConnectionProvider
	Minimum pool size: undefined/unknown
	Maximum pool size: undefined/unknown
2026-09-22 11:38:51 INFO  [restartedMain] core - HHH000489: No JTA platform available (set 'hibernate.transaction.jta.platform' to enable JTA platform integration)
2026-09-22 11:38:51 INFO  [restartedMain] LocalContainerEntityManagerFactoryBean - Initialized JPA EntityManagerFactory for persistence unit 'default'
2026-09-22 11:38:51 INFO  [restartedMain] QueryEnhancerFactories - Hibernate is in classpath; If applicable, HQL parser will be used.
2026-09-22 11:38:52 INFO  [restartedMain] InitializeUserDetailsBeanManagerConfigurer$InitializeUserDetailsManagerConfigurer - Global AuthenticationManager configured with UserDetailsService bean with name userDetailsServiceImpl
2026-09-22 11:38:54 INFO  [restartedMain] Http11NioProtocol - Starting ProtocolHandler ["http-nio-0.0.0.0-8081"]
2026-09-22 11:38:54 INFO  [restartedMain] TomcatWebServer - Tomcat started on port 8081 (http) with context path '/'
2026-09-22 11:38:54 INFO  [restartedMain] IndusPathFinderApplication - Started IndusPathFinderApplication in 7.152 seconds (process running for 8.264)
2026-09-22 11:40:29 INFO  [http-nio-0.0.0.0-8081-exec-1] [/] - Initializing Spring DispatcherServlet 'dispatcherServlet'
2026-09-22 11:40:29 INFO  [http-nio-0.0.0.0-8081-exec-1] DispatcherServlet - Initializing Servlet 'dispatcherServlet'
2026-09-22 11:40:29 INFO  [http-nio-0.0.0.0-8081-exec-1] DispatcherServlet - Completed initialization in 6 ms
2026-09-22 11:40:30 INFO  [http-nio-0.0.0.0-8081-exec-2] NotificationServiceImpl - Notifications fetched for userId=1. page=0, size=10, totalElements=0
2026-09-22 11:40:31 INFO  [http-nio-0.0.0.0-8081-exec-4] AuditLogServiceImpl - Audit log stored. auditId=669, userId=1, username=Ranju Bhai
2026-09-22 11:40:31 ERROR [http-nio-0.0.0.0-8081-exec-4] AuditAspect - Audited method failed. class=ActivityServiceImpl, method=deleteActivity, action=DELETE_ACTIVITY, screen=ACTIVITIES, screenId=null, userId=1, username=Ranju Bhai, error=Activity cannot be deleted because it contains Dependencies. Please delete all dependencies first.
com.induspathfinder.app.exception.BadRequestException: Activity cannot be deleted because it contains Dependencies. Please delete all dependencies first.
	at com.induspathfinder.app.serviceimpl.ActivityServiceImpl.deleteActivity(ActivityServiceImpl.java:267)
	at java.base/jdk.internal.reflect.DirectMethodHandleAccessor.invoke(DirectMethodHandleAccessor.java:103)
	at java.base/java.lang.reflect.Method.invoke(Method.java:580)
	at org.springframework.aop.support.AopUtils.invokeJoinpointUsingReflection(AopUtils.java:359)
	at org.springframework.aop.framework.ReflectiveMethodInvocation.invokeJoinpoint(ReflectiveMethodInvocation.java:190)
	at org.springframework.aop.framework.ReflectiveMethodInvocation.proceed(ReflectiveMethodInvocation.java:158)
	at org.springframework.aop.aspectj.MethodInvocationProceedingJoinPoint.proceed(MethodInvocationProceedingJoinPoint.java:82)
	at com.induspathfinder.app.aop.AuditAspect.auditMethod(AuditAspect.java:67)
	at java.base/jdk.internal.reflect.DirectMethodHandleAccessor.invoke(DirectMethodHandleAccessor.java:103)
	at java.base/java.lang.reflect.Method.invoke(Method.java:580)
	at org.springframework.aop.aspectj.AbstractAspectJAdvice.invokeAdviceMethodWithGivenArgs(AbstractAspectJAdvice.java:648)
	at org.springframework.aop.aspectj.AbstractAspectJAdvice.invokeAdviceMethod(AbstractAspectJAdvice.java:630)
	at org.springframework.aop.aspectj.AspectJAroundAdvice.invoke(AspectJAroundAdvice.java:70)
	at org.springframework.aop.framework.ReflectiveMethodInvocation.proceed(ReflectiveMethodInvocation.java:168)
	at org.springframework.transaction.interceptor.TransactionInterceptor$1.proceedWithInvocation(TransactionInterceptor.java:133)
	at org.springframework.transaction.interceptor.TransactionAspectSupport.invokeWithinTransaction(TransactionAspectSupport.java:371)
	at org.springframework.transaction.interceptor.TransactionInterceptor.invoke(TransactionInterceptor.java:130)
	at org.springframework.aop.framework.ReflectiveMethodInvocation.proceed(ReflectiveMethodInvocation.java:179)
	at org.springframework.aop.interceptor.ExposeInvocationInterceptor.invoke(ExposeInvocationInterceptor.java:96)
	at org.springframework.aop.framework.ReflectiveMethodInvocation.proceed(ReflectiveMethodInvocation.java:179)
	at org.springframework.aop.framework.CglibAopProxy$DynamicAdvisedInterceptor.intercept(CglibAopProxy.java:719)
	at com.induspathfinder.app.serviceimpl.ActivityServiceImpl$$SpringCGLIB$$0.deleteActivity(<generated>)
	at com.induspathfinder.app.controller.ActivityController.deleteActivity(ActivityController.java:68)
	at java.base/jdk.internal.reflect.DirectMethodHandleAccessor.invoke(DirectMethodHandleAccessor.java:103)
	at java.base/java.lang.reflect.Method.invoke(Method.java:580)
	at org.springframework.web.method.support.InvocableHandlerMethod.doInvoke(InvocableHandlerMethod.java:252)
	at org.springframework.web.method.support.InvocableHandlerMethod.invokeForRequest(InvocableHandlerMethod.java:184)
	at org.springframework.web.servlet.mvc.method.annotation.ServletInvocableHandlerMethod.invokeAndHandle(ServletInvocableHandlerMethod.java:117)
	at org.springframework.web.servlet.mvc.method.annotation.RequestMappingHandlerAdapter.invokeHandlerMethod(RequestMappingHandlerAdapter.java:934)
	at org.springframework.web.servlet.mvc.method.annotation.RequestMappingHandlerAdapter.handleInternal(RequestMappingHandlerAdapter.java:853)
	at org.springframework.web.servlet.mvc.method.AbstractHandlerMethodAdapter.handle(AbstractHandlerMethodAdapter.java:86)
	at org.springframework.web.servlet.DispatcherServlet.doDispatch(DispatcherServlet.java:963)
	at org.springframework.web.servlet.DispatcherServlet.doService(DispatcherServlet.java:866)
	at org.springframework.web.servlet.FrameworkServlet.processRequest(FrameworkServlet.java:1000)
	at org.springframework.web.servlet.FrameworkServlet.doDelete(FrameworkServlet.java:925)
	at jakarta.servlet.http.HttpServlet.service(HttpServlet.java:651)
	at org.springframework.web.servlet.FrameworkServlet.service(FrameworkServlet.java:874)
	at jakarta.servlet.http.HttpServlet.service(HttpServlet.java:710)
	at org.apache.catalina.core.ApplicationFilterChain.doFilter(ApplicationFilterChain.java:128)
	at org.apache.tomcat.websocket.server.WsFilter.doFilter(WsFilter.java:53)
	at org.apache.catalina.core.ApplicationFilterChain.doFilter(ApplicationFilterChain.java:107)
	at org.springframework.web.filter.OncePerRequestFilter.doFilter(OncePerRequestFilter.java:110)
	at org.apache.catalina.core.ApplicationFilterChain.doFilter(ApplicationFilterChain.java:107)
	at org.springframework.web.filter.CompositeFilter$VirtualFilterChain.doFilter(CompositeFilter.java:108)
	at org.springframework.security.web.FilterChainProxy.lambda$doFilterInternal$2(FilterChainProxy.java:235)
	at org.springframework.security.web.FilterChainProxy$VirtualFilterChain.doFilter(FilterChainProxy.java:376)
	at org.springframework.security.web.access.intercept.AuthorizationFilter.doFilter(AuthorizationFilter.java:101)
	at org.springframework.security.web.FilterChainProxy$VirtualFilterChain.doFilter(FilterChainProxy.java:385)
	at org.springframework.security.web.access.ExceptionTranslationFilter.doFilter(ExceptionTranslationFilter.java:126)
	at org.springframework.security.web.access.ExceptionTranslationFilter.doFilter(ExceptionTranslationFilter.java:120)
	at org.springframework.security.web.FilterChainProxy$VirtualFilterChain.doFilter(FilterChainProxy.java:385)
	at org.springframework.security.web.session.SessionManagementFilter.doFilter(SessionManagementFilter.java:132)
	at org.springframework.security.web.session.SessionManagementFilter.doFilter(SessionManagementFilter.java:86)
	at org.springframework.security.web.FilterChainProxy$VirtualFilterChain.doFilter(FilterChainProxy.java:385)
	at org.springframework.security.web.authentication.AnonymousAuthenticationFilter.doFilter(AnonymousAuthenticationFilter.java:100)
	at org.springframework.security.web.FilterChainProxy$VirtualFilterChain.doFilter(FilterChainProxy.java:385)
	at org.springframework.security.web.servletapi.SecurityContextHolderAwareRequestFilter.doFilter(SecurityContextHolderAwareRequestFilter.java:181)
	at org.springframework.security.web.FilterChainProxy$VirtualFilterChain.doFilter(FilterChainProxy.java:385)
	at org.springframework.security.web.savedrequest.RequestCacheAwareFilter.doFilter(RequestCacheAwareFilter.java:63)
	at org.springframework.security.web.FilterChainProxy$VirtualFilterChain.doFilter(FilterChainProxy.java:385)
	at com.induspathfinder.app.security.JwtAuthenticationFilter.doFilterInternal(JwtAuthenticationFilter.java:77)
	at org.springframework.web.filter.OncePerRequestFilter.doFilter(OncePerRequestFilter.java:116)
	at org.springframework.security.web.FilterChainProxy$VirtualFilterChain.doFilter(FilterChainProxy.java:385)
	at org.springframework.security.web.authentication.logout.LogoutFilter.doFilter(LogoutFilter.java:110)
	at org.springframework.security.web.authentication.logout.LogoutFilter.doFilter(LogoutFilter.java:96)
	at org.springframework.security.web.FilterChainProxy$VirtualFilterChain.doFilter(FilterChainProxy.java:385)
	at org.springframework.web.filter.CorsFilter.doFilterInternal(CorsFilter.java:91)
	at org.springframework.web.filter.OncePerRequestFilter.doFilter(OncePerRequestFilter.java:116)
	at org.springframework.security.web.FilterChainProxy$VirtualFilterChain.doFilter(FilterChainProxy.java:385)
	at org.springframework.security.web.header.HeaderWriterFilter.doHeadersAfter(HeaderWriterFilter.java:90)
	at org.springframework.security.web.header.HeaderWriterFilter.doFilterInternal(HeaderWriterFilter.java:75)
	at org.springframework.web.filter.OncePerRequestFilter.doFilter(OncePerRequestFilter.java:116)
	at org.springframework.security.web.FilterChainProxy$VirtualFilterChain.doFilter(FilterChainProxy.java:385)
	at org.springframework.security.web.context.SecurityContextHolderFilter.doFilter(SecurityContextHolderFilter.java:82)
	at org.springframework.security.web.context.SecurityContextHolderFilter.doFilter(SecurityContextHolderFilter.java:69)
	at org.springframework.security.web.FilterChainProxy$VirtualFilterChain.doFilter(FilterChainProxy.java:385)
	at org.springframework.security.web.context.request.async.WebAsyncManagerIntegrationFilter.doFilterInternal(WebAsyncManagerIntegrationFilter.java:62)
	at org.springframework.web.filter.OncePerRequestFilter.doFilter(OncePerRequestFilter.java:116)
	at org.springframework.security.web.FilterChainProxy$VirtualFilterChain.doFilter(FilterChainProxy.java:385)
	at org.springframework.security.web.session.DisableEncodeUrlFilter.doFilterInternal(DisableEncodeUrlFilter.java:42)
	at org.springframework.web.filter.OncePerRequestFilter.doFilter(OncePerRequestFilter.java:116)
	at org.springframework.security.web.FilterChainProxy$VirtualFilterChain.doFilter(FilterChainProxy.java:385)
	at org.springframework.security.web.FilterChainProxy.doFilterInternal(FilterChainProxy.java:237)
	at org.springframework.security.web.FilterChainProxy.doFilter(FilterChainProxy.java:195)
	at org.springframework.web.filter.CompositeFilter$VirtualFilterChain.doFilter(CompositeFilter.java:113)
	at org.springframework.web.filter.ServletRequestPathFilter.doFilter(ServletRequestPathFilter.java:52)
	at org.springframework.web.filter.CompositeFilter$VirtualFilterChain.doFilter(CompositeFilter.java:113)
	at org.springframework.web.filter.CompositeFilter.doFilter(CompositeFilter.java:74)
	at org.springframework.security.config.annotation.web.configuration.WebSecurityConfiguration$CompositeFilterChainProxy.doFilter(WebSecurityConfiguration.java:317)
	at org.springframework.web.filter.DelegatingFilterProxy.invokeDelegate(DelegatingFilterProxy.java:355)
	at org.springframework.web.filter.DelegatingFilterProxy.doFilter(DelegatingFilterProxy.java:272)
	at org.apache.catalina.core.ApplicationFilterChain.doFilter(ApplicationFilterChain.java:107)
	at org.springframework.web.filter.RequestContextFilter.doFilterInternal(RequestContextFilter.java:100)
	at org.springframework.web.filter.OncePerRequestFilter.doFilter(OncePerRequestFilter.java:116)
	at org.apache.catalina.core.ApplicationFilterChain.doFilter(ApplicationFilterChain.java:107)
	at org.springframework.web.filter.FormContentFilter.doFilterInternal(FormContentFilter.java:93)
	at org.springframework.web.filter.OncePerRequestFilter.doFilter(OncePerRequestFilter.java:116)
	at org.apache.catalina.core.ApplicationFilterChain.doFilter(ApplicationFilterChain.java:107)
	at org.springframework.web.filter.CharacterEncodingFilter.doFilterInternal(CharacterEncodingFilter.java:199)
	at org.springframework.web.filter.OncePerRequestFilter.doFilter(OncePerRequestFilter.java:116)
	at org.apache.catalina.core.ApplicationFilterChain.doFilter(ApplicationFilterChain.java:107)
	at org.apache.catalina.core.StandardWrapperValve.invoke(StandardWrapperValve.java:165)
	at org.apache.catalina.core.StandardContextValve.invoke(StandardContextValve.java:77)
	at org.apache.catalina.authenticator.AuthenticatorBase.invoke(AuthenticatorBase.java:492)
	at org.apache.catalina.core.StandardHostValve.invoke(StandardHostValve.java:113)
	at org.apache.catalina.valves.ErrorReportValve.invoke(ErrorReportValve.java:83)
	at org.apache.catalina.core.StandardEngineValve.invoke(StandardEngineValve.java:72)
	at org.apache.catalina.connector.CoyoteAdapter.service(CoyoteAdapter.java:341)
	at org.apache.coyote.http11.Http11Processor.service(Http11Processor.java:397)
	at org.apache.coyote.AbstractProcessorLight.process(AbstractProcessorLight.java:63)
	at org.apache.coyote.AbstractProtocol$ConnectionHandler.process(AbstractProtocol.java:1272)
	at org.apache.tomcat.util.net.NioEndpoint$SocketProcessor.doRun(NioEndpoint.java:1801)
	at org.apache.tomcat.util.net.SocketProcessorBase.run(SocketProcessorBase.java:52)
	at org.apache.tomcat.util.threads.ThreadPoolExecutor.runWorker(ThreadPoolExecutor.java:946)
	at org.apache.tomcat.util.threads.ThreadPoolExecutor$Worker.run(ThreadPoolExecutor.java:480)
	at org.apache.tomcat.util.threads.TaskThread$WrappingRunnable.run(TaskThread.java:57)
	at java.base/java.lang.Thread.run(Thread.java:1583)
2026-09-22 11:40:31 WARN  [http-nio-0.0.0.0-8081-exec-4] ExceptionHandlerExceptionResolver - Resolved [com.induspathfinder.app.exception.BadRequestException: Activity cannot be deleted because it contains Dependencies. Please delete all dependencies first.]
2026-09-22 12:02:27 WARN  [HikariPool-1:housekeeper] HikariPool - HikariPool-1 - Thread starvation or clock leap detected (housekeeper delta=1m37s119ms316µs700ns).
2026-09-22 12:02:44 INFO  [http-nio-0.0.0.0-8081-exec-7] NotificationServiceImpl - Notifications fetched for userId=1. page=0, size=10, totalElements=0
2026-09-22 12:02:45 WARN  [http-nio-0.0.0.0-8081-exec-10] SpringDataJackson3Configuration$PageModule$WarningLoggingModifier - Serializing PageImpl instances as-is is not supported, meaning that there is no guarantee about the stability of the resulting JSON structure!
	For a stable JSON structure, please use Spring Data's PagedModel (globally via @EnableSpringDataWebSupport(pageSerializationMode = VIA_DTO))
	or Spring HATEOAS and Spring Data's PagedResourcesAssembler as documented in https://docs.spring.io/spring-data/commons/reference/repositories/core-extensions.html#core.web.pageables.

2026-09-22 12:03:30 INFO  [http-nio-0.0.0.0-8081-exec-5] NotificationServiceImpl - Notifications fetched for userId=1. page=0, size=10, totalElements=0
2026-09-22 12:04:31 INFO  [http-nio-0.0.0.0-8081-exec-10] NotificationServiceImpl - Notifications fetched for userId=1. page=0, size=10, totalElements=0
2026-09-22 12:05:31 INFO  [http-nio-0.0.0.0-8081-exec-1] NotificationServiceImpl - Notifications fetched for userId=1. page=0, size=10, totalElements=0
2026-09-22 12:06:07 INFO  [http-nio-0.0.0.0-8081-exec-3] NotificationServiceImpl - Notification created successfully. notificationId=149, userId=1
2026-09-22 12:06:07 INFO  [http-nio-0.0.0.0-8081-exec-3] AuditLogServiceImpl - Audit log stored. auditId=670, userId=1, username=Ranju Bhai
2026-09-22 12:06:08 INFO  [http-nio-0.0.0.0-8081-exec-3] AuditAspect - Audited successful method. class=NotificationServiceImpl, method=createNotification, action=CREATE_NOTIFICATION, screen=NOTIFICATIONS, screenId=null, userId=1, username=SYSTEM
2026-09-22 12:06:08 INFO  [http-nio-0.0.0.0-8081-exec-3] ReportServiceImpl - Report generated successfully. projectId=5, reportType=PROJECT, exportFormat=EXCEL, fileName=project-report.xlsx
2026-09-22 12:06:08 INFO  [http-nio-0.0.0.0-8081-exec-3] AuditLogServiceImpl - Audit log stored. auditId=671, userId=1, username=Ranju Bhai
2026-09-22 12:06:08 INFO  [http-nio-0.0.0.0-8081-exec-3] AuditAspect - Audited successful method. class=ReportServiceImpl, method=generateReport, action=GENERATE_REPORT, screen=REPORTS, screenId=5, userId=1, username=Ranju Bhai
2026-09-22 12:06:33 INFO  [http-nio-0.0.0.0-8081-exec-5] NotificationServiceImpl - Notifications fetched for userId=1. page=0, size=10, totalElements=1
2026-09-22 12:07:35 INFO  [http-nio-0.0.0.0-8081-exec-8] NotificationServiceImpl - Notifications fetched for userId=1. page=0, size=10, totalElements=1
2026-09-22 12:07:39 INFO  [http-nio-0.0.0.0-8081-exec-10] NotificationServiceImpl - Notification created successfully. notificationId=150, userId=1
2026-09-22 12:07:39 INFO  [http-nio-0.0.0.0-8081-exec-10] AuditLogServiceImpl - Audit log stored. auditId=672, userId=1, username=Ranju Bhai
2026-09-22 12:07:39 INFO  [http-nio-0.0.0.0-8081-exec-10] AuditAspect - Audited successful method. class=NotificationServiceImpl, method=createNotification, action=CREATE_NOTIFICATION, screen=NOTIFICATIONS, screenId=null, userId=1, username=SYSTEM
2026-09-22 12:07:39 INFO  [http-nio-0.0.0.0-8081-exec-10] AuditLogServiceImpl - Audit log stored. auditId=673, userId=1, username=Ranju Bhai
2026-09-22 12:07:39 INFO  [http-nio-0.0.0.0-8081-exec-10] AuditAspect - Audited successful method. class=CPMServiceImpl, method=calculateCPM, action=RUN_CPM_ANALYSIS, screen=CPM_ANALYSIS, screenId=5, userId=1, username=Ranju Bhai
2026-09-22 12:07:39 INFO  [http-nio-0.0.0.0-8081-exec-10] NotificationServiceImpl - Notification created successfully. notificationId=151, userId=1
2026-09-22 12:07:39 INFO  [http-nio-0.0.0.0-8081-exec-10] AuditLogServiceImpl - Audit log stored. auditId=674, userId=1, username=Ranju Bhai
2026-09-22 12:07:39 INFO  [http-nio-0.0.0.0-8081-exec-10] AuditAspect - Audited successful method. class=NotificationServiceImpl, method=createNotification, action=CREATE_NOTIFICATION, screen=NOTIFICATIONS, screenId=null, userId=1, username=SYSTEM
2026-09-22 12:07:39 INFO  [http-nio-0.0.0.0-8081-exec-10] ReportServiceImpl - Report generated successfully. projectId=5, reportType=CPM, exportFormat=CSV, fileName=cpm-report.csv
2026-09-22 12:07:39 INFO  [http-nio-0.0.0.0-8081-exec-10] AuditLogServiceImpl - Audit log stored. auditId=675, userId=1, username=Ranju Bhai
2026-09-22 12:07:39 INFO  [http-nio-0.0.0.0-8081-exec-10] AuditAspect - Audited successful method. class=ReportServiceImpl, method=generateReport, action=GENERATE_REPORT, screen=REPORTS, screenId=5, userId=1, username=Ranju Bhai
2026-09-22 12:08:35 INFO  [http-nio-0.0.0.0-8081-exec-1] NotificationServiceImpl - Notifications fetched for userId=1. page=0, size=10, totalElements=3
2026-09-22 12:09:35 INFO  [http-nio-0.0.0.0-8081-exec-3] NotificationServiceImpl - Notifications fetched for userId=1. page=0, size=10, totalElements=3
2026-09-22 12:09:49 INFO  [http-nio-0.0.0.0-8081-exec-6] NotificationServiceImpl - Notification created successfully. notificationId=152, userId=1
2026-09-22 12:09:49 INFO  [http-nio-0.0.0.0-8081-exec-6] AuditLogServiceImpl - Audit log stored. auditId=676, userId=1, username=Ranju Bhai
2026-09-22 12:09:49 INFO  [http-nio-0.0.0.0-8081-exec-6] AuditAspect - Audited successful method. class=NotificationServiceImpl, method=createNotification, action=CREATE_NOTIFICATION, screen=NOTIFICATIONS, screenId=null, userId=1, username=SYSTEM
2026-09-22 12:09:49 INFO  [http-nio-0.0.0.0-8081-exec-6] AuditLogServiceImpl - Audit log stored. auditId=677, userId=1, username=Ranju Bhai
2026-09-22 12:09:49 INFO  [http-nio-0.0.0.0-8081-exec-6] AuditAspect - Audited successful method. class=CPMServiceImpl, method=calculateCPM, action=RUN_CPM_ANALYSIS, screen=CPM_ANALYSIS, screenId=5, userId=1, username=Ranju Bhai
2026-09-22 12:09:49 INFO  [http-nio-0.0.0.0-8081-exec-6] NotificationServiceImpl - Notification created successfully. notificationId=153, userId=1
2026-09-22 12:09:49 INFO  [http-nio-0.0.0.0-8081-exec-6] AuditLogServiceImpl - Audit log stored. auditId=678, userId=1, username=Ranju Bhai
2026-09-22 12:09:49 INFO  [http-nio-0.0.0.0-8081-exec-6] AuditAspect - Audited successful method. class=NotificationServiceImpl, method=createNotification, action=CREATE_NOTIFICATION, screen=NOTIFICATIONS, screenId=null, userId=1, username=SYSTEM
2026-09-22 12:09:49 INFO  [http-nio-0.0.0.0-8081-exec-6] ReportServiceImpl - Report generated successfully. projectId=5, reportType=CPM, exportFormat=EXCEL, fileName=cpm-report.xlsx
2026-09-22 12:09:49 INFO  [http-nio-0.0.0.0-8081-exec-6] AuditLogServiceImpl - Audit log stored. auditId=679, userId=1, username=Ranju Bhai
2026-09-22 12:09:49 INFO  [http-nio-0.0.0.0-8081-exec-6] AuditAspect - Audited successful method. class=ReportServiceImpl, method=generateReport, action=GENERATE_REPORT, screen=REPORTS, screenId=5, userId=1, username=Ranju Bhai
2026-09-22 12:10:02 INFO  [http-nio-0.0.0.0-8081-exec-8] DashboardServiceImpl - Project Manager dashboard fetched. userId=1, totalProjects=4, totalActivities=25, totalDependencies=18
2026-09-22 12:10:35 INFO  [http-nio-0.0.0.0-8081-exec-3] NotificationServiceImpl - Notifications fetched for userId=1. page=0, size=10, totalElements=5
2026-09-22 12:10:40 INFO  [http-nio-0.0.0.0-8081-exec-6] DashboardServiceImpl - Project Manager dashboard fetched. userId=1, totalProjects=4, totalActivities=25, totalDependencies=18
2026-09-22 12:10:42 INFO  [http-nio-0.0.0.0-8081-exec-10] NotificationServiceImpl - Notifications fetched for userId=1. page=0, size=10, totalElements=133
2026-09-22 12:38:55 INFO  [http-nio-0.0.0.0-8081-exec-6] AuditLogServiceImpl - Audit log stored. auditId=680, userId=1, username=Ranju Bhai
2026-09-22 12:38:55 INFO  [http-nio-0.0.0.0-8081-exec-6] AuditAspect - Audited successful method. class=AuthServiceImpl, method=login, action=LOGIN, screen=AUTHENTICATION, screenId=1, userId=1, username=Ranju Bhai
2026-09-22 12:38:55 INFO  [http-nio-0.0.0.0-8081-exec-10] DashboardServiceImpl - Project Manager dashboard fetched. userId=1, totalProjects=4, totalActivities=25, totalDependencies=18
2026-09-22 12:38:55 INFO  [http-nio-0.0.0.0-8081-exec-9] NotificationServiceImpl - Notifications fetched for userId=1. page=0, size=10, totalElements=5
2026-09-22 12:52:52 INFO  [http-nio-0.0.0.0-8081-exec-6] NotificationServiceImpl - Notifications fetched for userId=1. page=0, size=10, totalElements=5
2026-09-22 13:54:21 WARN  [HikariPool-1:housekeeper] HikariPool - HikariPool-1 - Thread starvation or clock leap detected (housekeeper delta=5m22s90ms599µs400ns).
2026-09-22 13:59:49 WARN  [HikariPool-1:housekeeper] HikariPool - HikariPool-1 - Thread starvation or clock leap detected (housekeeper delta=1m57s827ms512µs900ns).
2026-09-22 14:01:41 WARN  [HikariPool-1:housekeeper] HikariPool - HikariPool-1 - Thread starvation or clock leap detected (housekeeper delta=1m51s896ms733µs900ns).
2026-09-22 14:18:40 WARN  [HikariPool-1:housekeeper] HikariPool - HikariPool-1 - Thread starvation or clock leap detected (housekeeper delta=2m29s25ms958µs100ns).
2026-09-22 14:42:15 WARN  [HikariPool-1:housekeeper] HikariPool - HikariPool-1 - Thread starvation or clock leap detected (housekeeper delta=2m34s680ms395µs).
2026-09-22 15:51:57 WARN  [http-nio-0.0.0.0-8081-exec-1] AuditAspect - Unable to evaluate audit numeric expression. expression=@currentUserUtil.getCurrentUserId(), error=User is not authenticated
2026-09-22 15:51:57 WARN  [http-nio-0.0.0.0-8081-exec-1] AuditAspect - Unable to evaluate audit text expression. expression=@currentUserUtil.getCurrentUserName(), error=User is not authenticated
2026-09-22 15:51:57 INFO  [http-nio-0.0.0.0-8081-exec-1] AuditLogServiceImpl - Audit log stored. auditId=681, userId=null, username=SYSTEM
2026-09-22 15:51:57 INFO  [http-nio-0.0.0.0-8081-exec-1] AuditAspect - Audited successful method. class=OrganizationServiceImpl, method=createOrganization, action=UPDATE_ORGANIZATION, screen=ORGANIZATIONS, screenId=null, userId=null, username=SYSTEM
2026-09-22 15:53:24 WARN  [http-nio-0.0.0.0-8081-exec-6] ExceptionHandlerExceptionResolver - Resolved [com.induspathfinder.app.exception.ValidationException: Invalid OTP.]
2026-09-22 15:53:26 WARN  [http-nio-0.0.0.0-8081-exec-7] ExceptionHandlerExceptionResolver - Resolved [com.induspathfinder.app.exception.ValidationException: Invalid OTP.]
2026-09-22 15:53:44 WARN  [http-nio-0.0.0.0-8081-exec-10] ExceptionHandlerExceptionResolver - Resolved [com.induspathfinder.app.exception.ValidationException: Invalid OTP.]
2026-09-22 15:53:47 WARN  [http-nio-0.0.0.0-8081-exec-9] ExceptionHandlerExceptionResolver - Resolved [com.induspathfinder.app.exception.ValidationException: Invalid OTP.]
2026-09-22 15:54:47 WARN  [http-nio-0.0.0.0-8081-exec-3] ExceptionHandlerExceptionResolver - Resolved [com.induspathfinder.app.exception.ValidationException: Invalid OTP.]
2026-09-22 15:56:38 INFO  [http-nio-0.0.0.0-8081-exec-9] AuditLogServiceImpl - Audit log stored. auditId=682, userId=7, username=RakeshKumar@112
2026-09-22 15:56:38 INFO  [http-nio-0.0.0.0-8081-exec-9] AuditAspect - Audited successful method. class=AuthServiceImpl, method=login, action=LOGIN, screen=AUTHENTICATION, screenId=7, userId=7, username=RakeshKumar@112
2026-09-22 15:56:38 INFO  [http-nio-0.0.0.0-8081-exec-3] DashboardServiceImpl - Project Manager dashboard fetched. userId=7, totalProjects=0, totalActivities=0, totalDependencies=0
2026-09-22 15:56:38 INFO  [http-nio-0.0.0.0-8081-exec-1] NotificationServiceImpl - Notifications fetched for userId=7. page=0, size=10, totalElements=0
2026-09-22 15:57:38 INFO  [http-nio-0.0.0.0-8081-exec-8] NotificationServiceImpl - Notifications fetched for userId=7. page=0, size=10, totalElements=0
2026-09-22 15:57:51 INFO  [http-nio-0.0.0.0-8081-exec-2] DashboardServiceImpl - Project Manager dashboard fetched. userId=7, totalProjects=0, totalActivities=0, totalDependencies=0
2026-09-22 15:58:28 INFO  [http-nio-0.0.0.0-8081-exec-7] DashboardServiceImpl - Project Manager dashboard fetched. userId=7, totalProjects=0, totalActivities=0, totalDependencies=0
2026-09-22 15:58:38 INFO  [http-nio-0.0.0.0-8081-exec-10] NotificationServiceImpl - Notifications fetched for userId=7. page=0, size=10, totalElements=0
2026-09-22 15:58:41 INFO  [http-nio-0.0.0.0-8081-exec-2] DashboardServiceImpl - Project Manager dashboard fetched. userId=7, totalProjects=0, totalActivities=0, totalDependencies=0
2026-09-22 15:58:42 INFO  [http-nio-0.0.0.0-8081-exec-4] DashboardServiceImpl - Project Manager dashboard fetched. userId=7, totalProjects=0, totalActivities=0, totalDependencies=0
2026-09-22 15:58:43 INFO  [http-nio-0.0.0.0-8081-exec-3] DashboardServiceImpl - Project Manager dashboard fetched. userId=7, totalProjects=0, totalActivities=0, totalDependencies=0
2026-09-22 15:59:38 INFO  [http-nio-0.0.0.0-8081-exec-5] NotificationServiceImpl - Notifications fetched for userId=7. page=0, size=10, totalElements=0
2026-09-22 15:59:52 INFO  [http-nio-0.0.0.0-8081-exec-10] DashboardServiceImpl - Project Manager dashboard fetched. userId=7, totalProjects=0, totalActivities=0, totalDependencies=0
2026-09-22 16:00:39 INFO  [http-nio-0.0.0.0-8081-exec-2] NotificationServiceImpl - Notifications fetched for userId=7. page=0, size=10, totalElements=0
2026-09-22 16:01:18 INFO  [http-nio-0.0.0.0-8081-exec-3] NotificationServiceImpl - Notification created successfully. notificationId=154, userId=7
2026-09-22 16:01:18 INFO  [http-nio-0.0.0.0-8081-exec-3] AuditLogServiceImpl - Audit log stored. auditId=683, userId=7, username=RakeshKumar@112
2026-09-22 16:01:18 INFO  [http-nio-0.0.0.0-8081-exec-3] AuditAspect - Audited successful method. class=NotificationServiceImpl, method=createNotification, action=CREATE_NOTIFICATION, screen=NOTIFICATIONS, screenId=null, userId=7, username=SYSTEM
2026-09-22 16:01:18 INFO  [http-nio-0.0.0.0-8081-exec-3] AuditLogServiceImpl - Audit log stored. auditId=684, userId=7, username=RakeshKumar@112
2026-09-22 16:01:18 INFO  [http-nio-0.0.0.0-8081-exec-3] AuditAspect - Audited successful method. class=ProjectServiceImpl, method=createProject, action=CREATE_PROJECT, screen=PROJECTS, screenId=11, userId=7, username=RakeshKumar@112
2026-09-22 16:01:39 INFO  [http-nio-0.0.0.0-8081-exec-7] NotificationServiceImpl - Notifications fetched for userId=7. page=0, size=10, totalElements=1
2026-09-22 16:02:32 INFO  [http-nio-0.0.0.0-8081-exec-10] AuditLogServiceImpl - Audit log stored. auditId=685, userId=7, username=RakeshKumar@112
2026-09-22 16:02:32 INFO  [http-nio-0.0.0.0-8081-exec-10] AuditAspect - Audited successful method. class=ActivityServiceImpl, method=createActivity, action=CREATE_ACTIVITY, screen=ACTIVITIES, screenId=36, userId=7, username=RakeshKumar@112
2026-09-22 16:02:39 INFO  [http-nio-0.0.0.0-8081-exec-3] NotificationServiceImpl - Notifications fetched for userId=7. page=0, size=10, totalElements=1
2026-09-22 16:03:11 INFO  [http-nio-0.0.0.0-8081-exec-5] AuditLogServiceImpl - Audit log stored. auditId=686, userId=7, username=RakeshKumar@112
2026-09-22 16:03:11 INFO  [http-nio-0.0.0.0-8081-exec-5] AuditAspect - Audited successful method. class=ActivityServiceImpl, method=createActivity, action=CREATE_ACTIVITY, screen=ACTIVITIES, screenId=37, userId=7, username=RakeshKumar@112
2026-09-22 16:03:39 INFO  [http-nio-0.0.0.0-8081-exec-6] NotificationServiceImpl - Notifications fetched for userId=7. page=0, size=10, totalElements=1
2026-09-22 16:04:09 INFO  [http-nio-0.0.0.0-8081-exec-9] NotificationServiceImpl - Notification created successfully. notificationId=155, userId=7
2026-09-22 16:04:09 INFO  [http-nio-0.0.0.0-8081-exec-9] AuditLogServiceImpl - Audit log stored. auditId=687, userId=7, username=RakeshKumar@112
2026-09-22 16:04:09 INFO  [http-nio-0.0.0.0-8081-exec-9] AuditAspect - Audited successful method. class=NotificationServiceImpl, method=createNotification, action=CREATE_NOTIFICATION, screen=NOTIFICATIONS, screenId=null, userId=7, username=SYSTEM
2026-09-22 16:04:09 INFO  [http-nio-0.0.0.0-8081-exec-9] AuditLogServiceImpl - Audit log stored. auditId=688, userId=7, username=RakeshKumar@112
2026-09-22 16:04:09 INFO  [http-nio-0.0.0.0-8081-exec-9] AuditAspect - Audited successful method. class=ProjectServiceImpl, method=updateProject, action=UPDATE_PROJECT, screen=PROJECTS, screenId=11, userId=7, username=RakeshKumar@112
2026-09-22 16:04:09 INFO  [http-nio-0.0.0.0-8081-exec-1] NotificationServiceImpl - Notifications fetched for userId=7. page=0, size=10, totalElements=2
2026-09-22 16:05:09 INFO  [http-nio-0.0.0.0-8081-exec-6] NotificationServiceImpl - Notifications fetched for userId=7. page=0, size=10, totalElements=2
2026-09-22 16:05:46 INFO  [http-nio-0.0.0.0-8081-exec-3] NotificationServiceImpl - Notifications fetched for userId=7. page=0, size=10, totalElements=2
2026-09-22 16:06:09 INFO  [http-nio-0.0.0.0-8081-exec-9] NotificationServiceImpl - Notifications fetched for userId=7. page=0, size=10, totalElements=2
2026-09-22 16:07:09 INFO  [http-nio-0.0.0.0-8081-exec-1] NotificationServiceImpl - Notifications fetched for userId=7. page=0, size=10, totalElements=2
2026-09-22 16:07:39 INFO  [http-nio-0.0.0.0-8081-exec-4] NotificationServiceImpl - Notification created successfully. notificationId=156, userId=7
2026-09-22 16:07:39 INFO  [http-nio-0.0.0.0-8081-exec-4] AuditLogServiceImpl - Audit log stored. auditId=689, userId=7, username=RakeshKumar@112
2026-09-22 16:07:39 INFO  [http-nio-0.0.0.0-8081-exec-4] AuditAspect - Audited successful method. class=NotificationServiceImpl, method=createNotification, action=CREATE_NOTIFICATION, screen=NOTIFICATIONS, screenId=null, userId=7, username=SYSTEM
2026-09-22 16:07:39 INFO  [http-nio-0.0.0.0-8081-exec-4] AuditLogServiceImpl - Audit log stored. auditId=690, userId=7, username=RakeshKumar@112
2026-09-22 16:07:39 INFO  [http-nio-0.0.0.0-8081-exec-4] AuditAspect - Audited successful method. class=ProjectServiceImpl, method=updateProject, action=UPDATE_PROJECT, screen=PROJECTS, screenId=11, userId=7, username=RakeshKumar@112
2026-09-22 16:07:39 INFO  [http-nio-0.0.0.0-8081-exec-7] NotificationServiceImpl - Notifications fetched for userId=7. page=0, size=10, totalElements=3
2026-09-22 16:08:24 INFO  [http-nio-0.0.0.0-8081-exec-4] NotificationServiceImpl - Notification created successfully. notificationId=157, userId=7
2026-09-22 16:08:24 INFO  [http-nio-0.0.0.0-8081-exec-4] AuditLogServiceImpl - Audit log stored. auditId=691, userId=7, username=RakeshKumar@112
2026-09-22 16:08:24 INFO  [http-nio-0.0.0.0-8081-exec-4] AuditAspect - Audited successful method. class=NotificationServiceImpl, method=createNotification, action=CREATE_NOTIFICATION, screen=NOTIFICATIONS, screenId=null, userId=7, username=SYSTEM
2026-09-22 16:08:24 INFO  [http-nio-0.0.0.0-8081-exec-4] AuditLogServiceImpl - Audit log stored. auditId=692, userId=7, username=RakeshKumar@112
2026-09-22 16:08:24 INFO  [http-nio-0.0.0.0-8081-exec-4] AuditAspect - Audited successful method. class=CPMServiceImpl, method=calculateCPM, action=RUN_CPM_ANALYSIS, screen=CPM_ANALYSIS, screenId=11, userId=7, username=RakeshKumar@112
2026-09-22 16:08:27 INFO  [http-nio-0.0.0.0-8081-exec-1] NotificationServiceImpl - Notification created successfully. notificationId=158, userId=7
2026-09-22 16:08:27 INFO  [http-nio-0.0.0.0-8081-exec-1] AuditLogServiceImpl - Audit log stored. auditId=693, userId=7, username=RakeshKumar@112
2026-09-22 16:08:27 INFO  [http-nio-0.0.0.0-8081-exec-1] AuditAspect - Audited successful method. class=NotificationServiceImpl, method=createNotification, action=CREATE_NOTIFICATION, screen=NOTIFICATIONS, screenId=null, userId=7, username=SYSTEM
2026-09-22 16:08:27 INFO  [http-nio-0.0.0.0-8081-exec-1] AuditLogServiceImpl - Audit log stored. auditId=694, userId=7, username=RakeshKumar@112
2026-09-22 16:08:27 INFO  [http-nio-0.0.0.0-8081-exec-1] AuditAspect - Audited successful method. class=CPMServiceImpl, method=calculateCPM, action=RUN_CPM_ANALYSIS, screen=CPM_ANALYSIS, screenId=11, userId=7, username=RakeshKumar@112
2026-09-22 16:08:39 INFO  [http-nio-0.0.0.0-8081-exec-8] NotificationServiceImpl - Notifications fetched for userId=7. page=0, size=10, totalElements=5
2026-09-22 16:09:39 INFO  [http-nio-0.0.0.0-8081-exec-9] NotificationServiceImpl - Notifications fetched for userId=7. page=0, size=10, totalElements=5
2026-09-22 16:09:40 INFO  [http-nio-0.0.0.0-8081-exec-3] AuditLogServiceImpl - Audit log stored. auditId=695, userId=7, username=RakeshKumar@112
2026-09-22 16:09:40 INFO  [http-nio-0.0.0.0-8081-exec-3] AuditAspect - Audited successful method. class=DependencyServiceImpl, method=createDependency, action=CREATE_DEPENDENCY, screen=DEPENDENCIES, screenId=28, userId=7, username=RakeshKumar@112
2026-09-22 16:10:39 INFO  [http-nio-0.0.0.0-8081-exec-3] NotificationServiceImpl - Notifications fetched for userId=7. page=0, size=10, totalElements=5
2026-09-22 16:11:39 INFO  [http-nio-0.0.0.0-8081-exec-5] NotificationServiceImpl - Notifications fetched for userId=7. page=0, size=10, totalElements=5
2026-09-22 16:12:26 INFO  [http-nio-0.0.0.0-8081-exec-9] NotificationServiceImpl - Notification created successfully. notificationId=159, userId=7
2026-09-22 16:12:26 INFO  [http-nio-0.0.0.0-8081-exec-9] AuditLogServiceImpl - Audit log stored. auditId=696, userId=7, username=RakeshKumar@112
2026-09-22 16:12:26 INFO  [http-nio-0.0.0.0-8081-exec-9] AuditAspect - Audited successful method. class=NotificationServiceImpl, method=createNotification, action=CREATE_NOTIFICATION, screen=NOTIFICATIONS, screenId=null, userId=7, username=SYSTEM
2026-09-22 16:12:26 INFO  [http-nio-0.0.0.0-8081-exec-9] AuditLogServiceImpl - Audit log stored. auditId=697, userId=7, username=RakeshKumar@112
2026-09-22 16:12:26 INFO  [http-nio-0.0.0.0-8081-exec-9] AuditAspect - Audited successful method. class=FloatAnalysisServiceImpl, method=runFloatAnalysis, action=RUN_FLOAT_ANALYSIS, screen=FLOAT_ANALYSIS, screenId=11, userId=7, username=RakeshKumar@112
2026-09-22 16:12:39 INFO  [http-nio-0.0.0.0-8081-exec-3] NotificationServiceImpl - Notifications fetched for userId=7. page=0, size=10, totalElements=6
2026-09-22 16:12:51 INFO  [http-nio-0.0.0.0-8081-exec-1] NotificationServiceImpl - Notification created successfully. notificationId=160, userId=7
2026-09-22 16:12:51 INFO  [http-nio-0.0.0.0-8081-exec-1] AuditLogServiceImpl - Audit log stored. auditId=698, userId=7, username=RakeshKumar@112
2026-09-22 16:12:51 INFO  [http-nio-0.0.0.0-8081-exec-1] AuditAspect - Audited successful method. class=NotificationServiceImpl, method=createNotification, action=CREATE_NOTIFICATION, screen=NOTIFICATIONS, screenId=null, userId=7, username=SYSTEM
2026-09-22 16:12:51 INFO  [http-nio-0.0.0.0-8081-exec-1] AuditLogServiceImpl - Audit log stored. auditId=699, userId=7, username=RakeshKumar@112
2026-09-22 16:12:51 INFO  [http-nio-0.0.0.0-8081-exec-1] AuditAspect - Audited successful method. class=FloatAnalysisServiceImpl, method=runFloatAnalysis, action=RUN_FLOAT_ANALYSIS, screen=FLOAT_ANALYSIS, screenId=11, userId=7, username=RakeshKumar@112
2026-09-22 16:13:39 INFO  [http-nio-0.0.0.0-8081-exec-4] NotificationServiceImpl - Notifications fetched for userId=7. page=0, size=10, totalElements=7
2026-09-22 16:14:39 INFO  [http-nio-0.0.0.0-8081-exec-4] NotificationServiceImpl - Notification created successfully. notificationId=161, userId=7
2026-09-22 16:14:39 INFO  [http-nio-0.0.0.0-8081-exec-4] AuditLogServiceImpl - Audit log stored. auditId=700, userId=7, username=RakeshKumar@112
2026-09-22 16:14:39 INFO  [http-nio-0.0.0.0-8081-exec-4] AuditAspect - Audited successful method. class=NotificationServiceImpl, method=createNotification, action=CREATE_NOTIFICATION, screen=NOTIFICATIONS, screenId=null, userId=7, username=SYSTEM
2026-09-22 16:14:39 INFO  [http-nio-0.0.0.0-8081-exec-4] AuditLogServiceImpl - Audit log stored. auditId=701, userId=7, username=RakeshKumar@112
2026-09-22 16:14:39 INFO  [http-nio-0.0.0.0-8081-exec-4] AuditAspect - Audited successful method. class=CPMServiceImpl, method=calculateCPM, action=RUN_CPM_ANALYSIS, screen=CPM_ANALYSIS, screenId=11, userId=7, username=RakeshKumar@112
2026-09-22 16:14:39 INFO  [http-nio-0.0.0.0-8081-exec-6] NotificationServiceImpl - Notifications fetched for userId=7. page=0, size=10, totalElements=8
2026-09-22 16:15:08 INFO  [http-nio-0.0.0.0-8081-exec-10] NotificationServiceImpl - Notification created successfully. notificationId=162, userId=7
2026-09-22 16:15:08 INFO  [http-nio-0.0.0.0-8081-exec-10] AuditLogServiceImpl - Audit log stored. auditId=702, userId=7, username=RakeshKumar@112
2026-09-22 16:15:08 INFO  [http-nio-0.0.0.0-8081-exec-10] AuditAspect - Audited successful method. class=NotificationServiceImpl, method=createNotification, action=CREATE_NOTIFICATION, screen=NOTIFICATIONS, screenId=null, userId=7, username=SYSTEM
2026-09-22 16:15:08 INFO  [http-nio-0.0.0.0-8081-exec-10] AuditLogServiceImpl - Audit log stored. auditId=703, userId=7, username=RakeshKumar@112
2026-09-22 16:15:08 INFO  [http-nio-0.0.0.0-8081-exec-10] AuditAspect - Audited successful method. class=CPMServiceImpl, method=calculateCPM, action=RUN_CPM_ANALYSIS, screen=CPM_ANALYSIS, screenId=11, userId=7, username=RakeshKumar@112
2026-09-22 16:15:18 INFO  [http-nio-0.0.0.0-8081-exec-2] NotificationServiceImpl - Notification created successfully. notificationId=163, userId=7
2026-09-22 16:15:18 INFO  [http-nio-0.0.0.0-8081-exec-2] AuditLogServiceImpl - Audit log stored. auditId=704, userId=7, username=RakeshKumar@112
2026-09-22 16:15:18 INFO  [http-nio-0.0.0.0-8081-exec-2] AuditAspect - Audited successful method. class=NotificationServiceImpl, method=createNotification, action=CREATE_NOTIFICATION, screen=NOTIFICATIONS, screenId=null, userId=7, username=SYSTEM
2026-09-22 16:15:18 INFO  [http-nio-0.0.0.0-8081-exec-2] AuditLogServiceImpl - Audit log stored. auditId=705, userId=7, username=RakeshKumar@112
2026-09-22 16:15:18 INFO  [http-nio-0.0.0.0-8081-exec-2] AuditAspect - Audited successful method. class=FloatAnalysisServiceImpl, method=runFloatAnalysis, action=RUN_FLOAT_ANALYSIS, screen=FLOAT_ANALYSIS, screenId=11, userId=7, username=RakeshKumar@112
2026-09-22 16:15:36 INFO  [http-nio-0.0.0.0-8081-exec-1] NotificationServiceImpl - Notification created successfully. notificationId=164, userId=7
2026-09-22 16:15:36 INFO  [http-nio-0.0.0.0-8081-exec-1] AuditLogServiceImpl - Audit log stored. auditId=706, userId=7, username=RakeshKumar@112
2026-09-22 16:15:36 INFO  [http-nio-0.0.0.0-8081-exec-1] AuditAspect - Audited successful method. class=NotificationServiceImpl, method=createNotification, action=CREATE_NOTIFICATION, screen=NOTIFICATIONS, screenId=null, userId=7, username=SYSTEM
2026-09-22 16:15:36 INFO  [http-nio-0.0.0.0-8081-exec-1] AuditLogServiceImpl - Audit log stored. auditId=707, userId=7, username=RakeshKumar@112
2026-09-22 16:15:36 INFO  [http-nio-0.0.0.0-8081-exec-1] AuditAspect - Audited successful method. class=CPMServiceImpl, method=calculateCPM, action=RUN_CPM_ANALYSIS, screen=CPM_ANALYSIS, screenId=11, userId=7, username=RakeshKumar@112
2026-09-22 16:15:39 INFO  [http-nio-0.0.0.0-8081-exec-6] NotificationServiceImpl - Notifications fetched for userId=7. page=0, size=10, totalElements=11
2026-09-22 16:15:48 INFO  [http-nio-0.0.0.0-8081-exec-8] NotificationServiceImpl - Notifications fetched for userId=7. page=0, size=10, totalElements=11
2026-09-22 16:15:52 INFO  [http-nio-0.0.0.0-8081-exec-10] NotificationServiceImpl - Notifications fetched for userId=7. page=0, size=10, totalElements=11
2026-09-22 16:15:55 INFO  [http-nio-0.0.0.0-8081-exec-2] DashboardServiceImpl - Project Manager dashboard fetched. userId=7, totalProjects=1, totalActivities=2, totalDependencies=1
2026-09-22 16:16:39 INFO  [http-nio-0.0.0.0-8081-exec-10] NotificationServiceImpl - Notifications fetched for userId=7. page=0, size=10, totalElements=11
2026-09-22 16:18:21 INFO  [http-nio-0.0.0.0-8081-exec-6] NotificationServiceImpl - Notifications fetched for userId=7. page=0, size=10, totalElements=11
2026-09-22 16:18:28 INFO  [http-nio-0.0.0.0-8081-exec-8] NotificationServiceImpl - Notifications fetched for userId=7. page=0, size=10, totalElements=11
2026-09-22 16:19:22 INFO  [http-nio-0.0.0.0-8081-exec-6] NotificationServiceImpl - Notifications fetched for userId=7. page=0, size=10, totalElements=11
2026-09-22 16:21:34 INFO  [http-nio-0.0.0.0-8081-exec-2] NotificationServiceImpl - Notifications fetched for userId=7. page=0, size=10, totalElements=11
2026-09-22 16:26:28 INFO  [http-nio-0.0.0.0-8081-exec-5] NotificationServiceImpl - Notifications fetched for userId=7. page=0, size=10, totalElements=11
2026-09-22 16:39:28 INFO  [http-nio-0.0.0.0-8081-exec-8] NotificationServiceImpl - Notifications fetched for userId=7. page=0, size=10, totalElements=11
2026-09-22 16:40:31 INFO  [http-nio-0.0.0.0-8081-exec-3] NotificationServiceImpl - Notifications fetched for userId=7. page=0, size=10, totalElements=11
2026-09-22 16:42:28 INFO  [http-nio-0.0.0.0-8081-exec-3] NotificationServiceImpl - Notifications fetched for userId=7. page=0, size=10, totalElements=11
2026-09-22 17:09:35 INFO  [http-nio-0.0.0.0-8081-exec-5] NotificationServiceImpl - Notifications fetched for userId=7. page=0, size=10, totalElements=11
2026-09-22 17:09:39 INFO  [http-nio-0.0.0.0-8081-exec-2] AuditLogServiceImpl - Audit log stored. auditId=708, userId=7, username=RakeshKumar@112
2026-09-22 17:09:39 ERROR [http-nio-0.0.0.0-8081-exec-2] AuditAspect - Audited method failed. class=ProjectServiceImpl, method=deleteProject, action=DELETE_PROJECT, screen=PROJECTS, screenId=11, userId=7, username=RakeshKumar@112, error=Project cannot be deleted because it contains activities. Please delete all activities first.
com.induspathfinder.app.exception.BadRequestException: Project cannot be deleted because it contains activities. Please delete all activities first.
	at com.induspathfinder.app.serviceimpl.ProjectServiceImpl.deleteProject(ProjectServiceImpl.java:384)
	at java.base/jdk.internal.reflect.DirectMethodHandleAccessor.invoke(DirectMethodHandleAccessor.java:103)
	at java.base/java.lang.reflect.Method.invoke(Method.java:580)
	at org.springframework.aop.support.AopUtils.invokeJoinpointUsingReflection(AopUtils.java:359)
	at org.springframework.aop.framework.ReflectiveMethodInvocation.invokeJoinpoint(ReflectiveMethodInvocation.java:190)
	at org.springframework.aop.framework.ReflectiveMethodInvocation.proceed(ReflectiveMethodInvocation.java:158)
	at org.springframework.aop.aspectj.MethodInvocationProceedingJoinPoint.proceed(MethodInvocationProceedingJoinPoint.java:82)
	at com.induspathfinder.app.aop.AuditAspect.auditMethod(AuditAspect.java:67)
	at java.base/jdk.internal.reflect.DirectMethodHandleAccessor.invoke(DirectMethodHandleAccessor.java:103)
	at java.base/java.lang.reflect.Method.invoke(Method.java:580)
	at org.springframework.aop.aspectj.AbstractAspectJAdvice.invokeAdviceMethodWithGivenArgs(AbstractAspectJAdvice.java:648)
	at org.springframework.aop.aspectj.AbstractAspectJAdvice.invokeAdviceMethod(AbstractAspectJAdvice.java:630)
	at org.springframework.aop.aspectj.AspectJAroundAdvice.invoke(AspectJAroundAdvice.java:70)
	at org.springframework.aop.framework.ReflectiveMethodInvocation.proceed(ReflectiveMethodInvocation.java:168)
	at org.springframework.transaction.interceptor.TransactionInterceptor$1.proceedWithInvocation(TransactionInterceptor.java:133)
	at org.springframework.transaction.interceptor.TransactionAspectSupport.invokeWithinTransaction(TransactionAspectSupport.java:371)
	at org.springframework.transaction.interceptor.TransactionInterceptor.invoke(TransactionInterceptor.java:130)
	at org.springframework.aop.framework.ReflectiveMethodInvocation.proceed(ReflectiveMethodInvocation.java:179)
	at org.springframework.aop.interceptor.ExposeInvocationInterceptor.invoke(ExposeInvocationInterceptor.java:96)
	at org.springframework.aop.framework.ReflectiveMethodInvocation.proceed(ReflectiveMethodInvocation.java:179)
	at org.springframework.aop.framework.CglibAopProxy$DynamicAdvisedInterceptor.intercept(CglibAopProxy.java:719)
	at com.induspathfinder.app.serviceimpl.ProjectServiceImpl$$SpringCGLIB$$0.deleteProject(<generated>)
	at com.induspathfinder.app.controller.ProjectController.deleteProject(ProjectController.java:80)
	at java.base/jdk.internal.reflect.DirectMethodHandleAccessor.invoke(DirectMethodHandleAccessor.java:103)
	at java.base/java.lang.reflect.Method.invoke(Method.java:580)
	at org.springframework.web.method.support.InvocableHandlerMethod.doInvoke(InvocableHandlerMethod.java:252)
	at org.springframework.web.method.support.InvocableHandlerMethod.invokeForRequest(InvocableHandlerMethod.java:184)
	at org.springframework.web.servlet.mvc.method.annotation.ServletInvocableHandlerMethod.invokeAndHandle(ServletInvocableHandlerMethod.java:117)
	at org.springframework.web.servlet.mvc.method.annotation.RequestMappingHandlerAdapter.invokeHandlerMethod(RequestMappingHandlerAdapter.java:934)
	at org.springframework.web.servlet.mvc.method.annotation.RequestMappingHandlerAdapter.handleInternal(RequestMappingHandlerAdapter.java:853)
	at org.springframework.web.servlet.mvc.method.AbstractHandlerMethodAdapter.handle(AbstractHandlerMethodAdapter.java:86)
	at org.springframework.web.servlet.DispatcherServlet.doDispatch(DispatcherServlet.java:963)
	at org.springframework.web.servlet.DispatcherServlet.doService(DispatcherServlet.java:866)
	at org.springframework.web.servlet.FrameworkServlet.processRequest(FrameworkServlet.java:1000)
	at org.springframework.web.servlet.FrameworkServlet.doDelete(FrameworkServlet.java:925)
	at jakarta.servlet.http.HttpServlet.service(HttpServlet.java:651)
	at org.springframework.web.servlet.FrameworkServlet.service(FrameworkServlet.java:874)
	at jakarta.servlet.http.HttpServlet.service(HttpServlet.java:710)
	at org.apache.catalina.core.ApplicationFilterChain.doFilter(ApplicationFilterChain.java:128)
	at org.apache.tomcat.websocket.server.WsFilter.doFilter(WsFilter.java:53)
	at org.apache.catalina.core.ApplicationFilterChain.doFilter(ApplicationFilterChain.java:107)
	at org.springframework.web.filter.OncePerRequestFilter.doFilter(OncePerRequestFilter.java:110)
	at org.apache.catalina.core.ApplicationFilterChain.doFilter(ApplicationFilterChain.java:107)
	at org.springframework.web.filter.CompositeFilter$VirtualFilterChain.doFilter(CompositeFilter.java:108)
	at org.springframework.security.web.FilterChainProxy.lambda$doFilterInternal$2(FilterChainProxy.java:235)
	at org.springframework.security.web.FilterChainProxy$VirtualFilterChain.doFilter(FilterChainProxy.java:376)
	at org.springframework.security.web.access.intercept.AuthorizationFilter.doFilter(AuthorizationFilter.java:101)
	at org.springframework.security.web.FilterChainProxy$VirtualFilterChain.doFilter(FilterChainProxy.java:385)
	at org.springframework.security.web.access.ExceptionTranslationFilter.doFilter(ExceptionTranslationFilter.java:126)
	at org.springframework.security.web.access.ExceptionTranslationFilter.doFilter(ExceptionTranslationFilter.java:120)
	at org.springframework.security.web.FilterChainProxy$VirtualFilterChain.doFilter(FilterChainProxy.java:385)
	at org.springframework.security.web.session.SessionManagementFilter.doFilter(SessionManagementFilter.java:132)
	at org.springframework.security.web.session.SessionManagementFilter.doFilter(SessionManagementFilter.java:86)
	at org.springframework.security.web.FilterChainProxy$VirtualFilterChain.doFilter(FilterChainProxy.java:385)
	at org.springframework.security.web.authentication.AnonymousAuthenticationFilter.doFilter(AnonymousAuthenticationFilter.java:100)
	at org.springframework.security.web.FilterChainProxy$VirtualFilterChain.doFilter(FilterChainProxy.java:385)
	at org.springframework.security.web.servletapi.SecurityContextHolderAwareRequestFilter.doFilter(SecurityContextHolderAwareRequestFilter.java:181)
	at org.springframework.security.web.FilterChainProxy$VirtualFilterChain.doFilter(FilterChainProxy.java:385)
	at org.springframework.security.web.savedrequest.RequestCacheAwareFilter.doFilter(RequestCacheAwareFilter.java:63)
	at org.springframework.security.web.FilterChainProxy$VirtualFilterChain.doFilter(FilterChainProxy.java:385)
	at com.induspathfinder.app.security.JwtAuthenticationFilter.doFilterInternal(JwtAuthenticationFilter.java:77)
	at org.springframework.web.filter.OncePerRequestFilter.doFilter(OncePerRequestFilter.java:116)
	at org.springframework.security.web.FilterChainProxy$VirtualFilterChain.doFilter(FilterChainProxy.java:385)
	at org.springframework.security.web.authentication.logout.LogoutFilter.doFilter(LogoutFilter.java:110)
	at org.springframework.security.web.authentication.logout.LogoutFilter.doFilter(LogoutFilter.java:96)
	at org.springframework.security.web.FilterChainProxy$VirtualFilterChain.doFilter(FilterChainProxy.java:385)
	at org.springframework.web.filter.CorsFilter.doFilterInternal(CorsFilter.java:91)
	at org.springframework.web.filter.OncePerRequestFilter.doFilter(OncePerRequestFilter.java:116)
	at org.springframework.security.web.FilterChainProxy$VirtualFilterChain.doFilter(FilterChainProxy.java:385)
	at org.springframework.security.web.header.HeaderWriterFilter.doHeadersAfter(HeaderWriterFilter.java:90)
	at org.springframework.security.web.header.HeaderWriterFilter.doFilterInternal(HeaderWriterFilter.java:75)
	at org.springframework.web.filter.OncePerRequestFilter.doFilter(OncePerRequestFilter.java:116)
	at org.springframework.security.web.FilterChainProxy$VirtualFilterChain.doFilter(FilterChainProxy.java:385)
	at org.springframework.security.web.context.SecurityContextHolderFilter.doFilter(SecurityContextHolderFilter.java:82)
	at org.springframework.security.web.context.SecurityContextHolderFilter.doFilter(SecurityContextHolderFilter.java:69)
	at org.springframework.security.web.FilterChainProxy$VirtualFilterChain.doFilter(FilterChainProxy.java:385)
	at org.springframework.security.web.context.request.async.WebAsyncManagerIntegrationFilter.doFilterInternal(WebAsyncManagerIntegrationFilter.java:62)
	at org.springframework.web.filter.OncePerRequestFilter.doFilter(OncePerRequestFilter.java:116)
	at org.springframework.security.web.FilterChainProxy$VirtualFilterChain.doFilter(FilterChainProxy.java:385)
	at org.springframework.security.web.session.DisableEncodeUrlFilter.doFilterInternal(DisableEncodeUrlFilter.java:42)
	at org.springframework.web.filter.OncePerRequestFilter.doFilter(OncePerRequestFilter.java:116)
	at org.springframework.security.web.FilterChainProxy$VirtualFilterChain.doFilter(FilterChainProxy.java:385)
	at org.springframework.security.web.FilterChainProxy.doFilterInternal(FilterChainProxy.java:237)
	at org.springframework.security.web.FilterChainProxy.doFilter(FilterChainProxy.java:195)
	at org.springframework.web.filter.CompositeFilter$VirtualFilterChain.doFilter(CompositeFilter.java:113)
	at org.springframework.web.filter.ServletRequestPathFilter.doFilter(ServletRequestPathFilter.java:52)
	at org.springframework.web.filter.CompositeFilter$VirtualFilterChain.doFilter(CompositeFilter.java:113)
	at org.springframework.web.filter.CompositeFilter.doFilter(CompositeFilter.java:74)
	at org.springframework.security.config.annotation.web.configuration.WebSecurityConfiguration$CompositeFilterChainProxy.doFilter(WebSecurityConfiguration.java:317)
	at org.springframework.web.filter.DelegatingFilterProxy.invokeDelegate(DelegatingFilterProxy.java:355)
	at org.springframework.web.filter.DelegatingFilterProxy.doFilter(DelegatingFilterProxy.java:272)
	at org.apache.catalina.core.ApplicationFilterChain.doFilter(ApplicationFilterChain.java:107)
	at org.springframework.web.filter.RequestContextFilter.doFilterInternal(RequestContextFilter.java:100)
	at org.springframework.web.filter.OncePerRequestFilter.doFilter(OncePerRequestFilter.java:116)
	at org.apache.catalina.core.ApplicationFilterChain.doFilter(ApplicationFilterChain.java:107)
	at org.springframework.web.filter.FormContentFilter.doFilterInternal(FormContentFilter.java:93)
	at org.springframework.web.filter.OncePerRequestFilter.doFilter(OncePerRequestFilter.java:116)
	at org.apache.catalina.core.ApplicationFilterChain.doFilter(ApplicationFilterChain.java:107)
	at org.springframework.web.filter.CharacterEncodingFilter.doFilterInternal(CharacterEncodingFilter.java:199)
	at org.springframework.web.filter.OncePerRequestFilter.doFilter(OncePerRequestFilter.java:116)
	at org.apache.catalina.core.ApplicationFilterChain.doFilter(ApplicationFilterChain.java:107)
	at org.apache.catalina.core.StandardWrapperValve.invoke(StandardWrapperValve.java:165)
	at org.apache.catalina.core.StandardContextValve.invoke(StandardContextValve.java:77)
	at org.apache.catalina.authenticator.AuthenticatorBase.invoke(AuthenticatorBase.java:492)
	at org.apache.catalina.core.StandardHostValve.invoke(StandardHostValve.java:113)
	at org.apache.catalina.valves.ErrorReportValve.invoke(ErrorReportValve.java:83)
	at org.apache.catalina.core.StandardEngineValve.invoke(StandardEngineValve.java:72)
	at org.apache.catalina.connector.CoyoteAdapter.service(CoyoteAdapter.java:341)
	at org.apache.coyote.http11.Http11Processor.service(Http11Processor.java:397)
	at org.apache.coyote.AbstractProcessorLight.process(AbstractProcessorLight.java:63)
	at org.apache.coyote.AbstractProtocol$ConnectionHandler.process(AbstractProtocol.java:1272)
	at org.apache.tomcat.util.net.NioEndpoint$SocketProcessor.doRun(NioEndpoint.java:1801)
	at org.apache.tomcat.util.net.SocketProcessorBase.run(SocketProcessorBase.java:52)
	at org.apache.tomcat.util.threads.ThreadPoolExecutor.runWorker(ThreadPoolExecutor.java:946)
	at org.apache.tomcat.util.threads.ThreadPoolExecutor$Worker.run(ThreadPoolExecutor.java:480)
	at org.apache.tomcat.util.threads.TaskThread$WrappingRunnable.run(TaskThread.java:57)
	at java.base/java.lang.Thread.run(Thread.java:1583)
2026-09-22 17:09:39 WARN  [http-nio-0.0.0.0-8081-exec-2] ExceptionHandlerExceptionResolver - Resolved [com.induspathfinder.app.exception.BadRequestException: Project cannot be deleted because it contains activities. Please delete all activities first.]
2026-09-22 17:09:56 INFO  [http-nio-0.0.0.0-8081-exec-4] AuditLogServiceImpl - Audit log stored. auditId=709, userId=7, username=RakeshKumar@112
2026-09-22 17:09:56 ERROR [http-nio-0.0.0.0-8081-exec-4] AuditAspect - Audited method failed. class=ProjectServiceImpl, method=deleteProject, action=DELETE_PROJECT, screen=PROJECTS, screenId=11, userId=7, username=RakeshKumar@112, error=Project cannot be deleted because it contains activities. Please delete all activities first.
com.induspathfinder.app.exception.BadRequestException: Project cannot be deleted because it contains activities. Please delete all activities first.
	at com.induspathfinder.app.serviceimpl.ProjectServiceImpl.deleteProject(ProjectServiceImpl.java:384)
	at java.base/jdk.internal.reflect.DirectMethodHandleAccessor.invoke(DirectMethodHandleAccessor.java:103)
	at java.base/java.lang.reflect.Method.invoke(Method.java:580)
	at org.springframework.aop.support.AopUtils.invokeJoinpointUsingReflection(AopUtils.java:359)
	at org.springframework.aop.framework.ReflectiveMethodInvocation.invokeJoinpoint(ReflectiveMethodInvocation.java:190)
	at org.springframework.aop.framework.ReflectiveMethodInvocation.proceed(ReflectiveMethodInvocation.java:158)
	at org.springframework.aop.aspectj.MethodInvocationProceedingJoinPoint.proceed(MethodInvocationProceedingJoinPoint.java:82)
	at com.induspathfinder.app.aop.AuditAspect.auditMethod(AuditAspect.java:67)
	at java.base/jdk.internal.reflect.DirectMethodHandleAccessor.invoke(DirectMethodHandleAccessor.java:103)
	at java.base/java.lang.reflect.Method.invoke(Method.java:580)
	at org.springframework.aop.aspectj.AbstractAspectJAdvice.invokeAdviceMethodWithGivenArgs(AbstractAspectJAdvice.java:648)
	at org.springframework.aop.aspectj.AbstractAspectJAdvice.invokeAdviceMethod(AbstractAspectJAdvice.java:630)
	at org.springframework.aop.aspectj.AspectJAroundAdvice.invoke(AspectJAroundAdvice.java:70)
	at org.springframework.aop.framework.ReflectiveMethodInvocation.proceed(ReflectiveMethodInvocation.java:168)
	at org.springframework.transaction.interceptor.TransactionInterceptor$1.proceedWithInvocation(TransactionInterceptor.java:133)
	at org.springframework.transaction.interceptor.TransactionAspectSupport.invokeWithinTransaction(TransactionAspectSupport.java:371)
	at org.springframework.transaction.interceptor.TransactionInterceptor.invoke(TransactionInterceptor.java:130)
	at org.springframework.aop.framework.ReflectiveMethodInvocation.proceed(ReflectiveMethodInvocation.java:179)
	at org.springframework.aop.interceptor.ExposeInvocationInterceptor.invoke(ExposeInvocationInterceptor.java:96)
	at org.springframework.aop.framework.ReflectiveMethodInvocation.proceed(ReflectiveMethodInvocation.java:179)
	at org.springframework.aop.framework.CglibAopProxy$DynamicAdvisedInterceptor.intercept(CglibAopProxy.java:719)
	at com.induspathfinder.app.serviceimpl.ProjectServiceImpl$$SpringCGLIB$$0.deleteProject(<generated>)
	at com.induspathfinder.app.controller.ProjectController.deleteProject(ProjectController.java:80)
	at java.base/jdk.internal.reflect.DirectMethodHandleAccessor.invoke(DirectMethodHandleAccessor.java:103)
	at java.base/java.lang.reflect.Method.invoke(Method.java:580)
	at org.springframework.web.method.support.InvocableHandlerMethod.doInvoke(InvocableHandlerMethod.java:252)
	at org.springframework.web.method.support.InvocableHandlerMethod.invokeForRequest(InvocableHandlerMethod.java:184)
	at org.springframework.web.servlet.mvc.method.annotation.ServletInvocableHandlerMethod.invokeAndHandle(ServletInvocableHandlerMethod.java:117)
	at org.springframework.web.servlet.mvc.method.annotation.RequestMappingHandlerAdapter.invokeHandlerMethod(RequestMappingHandlerAdapter.java:934)
	at org.springframework.web.servlet.mvc.method.annotation.RequestMappingHandlerAdapter.handleInternal(RequestMappingHandlerAdapter.java:853)
	at org.springframework.web.servlet.mvc.method.AbstractHandlerMethodAdapter.handle(AbstractHandlerMethodAdapter.java:86)
	at org.springframework.web.servlet.DispatcherServlet.doDispatch(DispatcherServlet.java:963)
	at org.springframework.web.servlet.DispatcherServlet.doService(DispatcherServlet.java:866)
	at org.springframework.web.servlet.FrameworkServlet.processRequest(FrameworkServlet.java:1000)
	at org.springframework.web.servlet.FrameworkServlet.doDelete(FrameworkServlet.java:925)
	at jakarta.servlet.http.HttpServlet.service(HttpServlet.java:651)
	at org.springframework.web.servlet.FrameworkServlet.service(FrameworkServlet.java:874)
	at jakarta.servlet.http.HttpServlet.service(HttpServlet.java:710)
	at org.apache.catalina.core.ApplicationFilterChain.doFilter(ApplicationFilterChain.java:128)
	at org.apache.tomcat.websocket.server.WsFilter.doFilter(WsFilter.java:53)
	at org.apache.catalina.core.ApplicationFilterChain.doFilter(ApplicationFilterChain.java:107)
	at org.springframework.web.filter.OncePerRequestFilter.doFilter(OncePerRequestFilter.java:110)
	at org.apache.catalina.core.ApplicationFilterChain.doFilter(ApplicationFilterChain.java:107)
	at org.springframework.web.filter.CompositeFilter$VirtualFilterChain.doFilter(CompositeFilter.java:108)
	at org.springframework.security.web.FilterChainProxy.lambda$doFilterInternal$2(FilterChainProxy.java:235)
	at org.springframework.security.web.FilterChainProxy$VirtualFilterChain.doFilter(FilterChainProxy.java:376)
	at org.springframework.security.web.access.intercept.AuthorizationFilter.doFilter(AuthorizationFilter.java:101)
	at org.springframework.security.web.FilterChainProxy$VirtualFilterChain.doFilter(FilterChainProxy.java:385)
	at org.springframework.security.web.access.ExceptionTranslationFilter.doFilter(ExceptionTranslationFilter.java:126)
	at org.springframework.security.web.access.ExceptionTranslationFilter.doFilter(ExceptionTranslationFilter.java:120)
	at org.springframework.security.web.FilterChainProxy$VirtualFilterChain.doFilter(FilterChainProxy.java:385)
	at org.springframework.security.web.session.SessionManagementFilter.doFilter(SessionManagementFilter.java:132)
	at org.springframework.security.web.session.SessionManagementFilter.doFilter(SessionManagementFilter.java:86)
	at org.springframework.security.web.FilterChainProxy$VirtualFilterChain.doFilter(FilterChainProxy.java:385)
	at org.springframework.security.web.authentication.AnonymousAuthenticationFilter.doFilter(AnonymousAuthenticationFilter.java:100)
	at org.springframework.security.web.FilterChainProxy$VirtualFilterChain.doFilter(FilterChainProxy.java:385)
	at org.springframework.security.web.servletapi.SecurityContextHolderAwareRequestFilter.doFilter(SecurityContextHolderAwareRequestFilter.java:181)
	at org.springframework.security.web.FilterChainProxy$VirtualFilterChain.doFilter(FilterChainProxy.java:385)
	at org.springframework.security.web.savedrequest.RequestCacheAwareFilter.doFilter(RequestCacheAwareFilter.java:63)
	at org.springframework.security.web.FilterChainProxy$VirtualFilterChain.doFilter(FilterChainProxy.java:385)
	at com.induspathfinder.app.security.JwtAuthenticationFilter.doFilterInternal(JwtAuthenticationFilter.java:77)
	at org.springframework.web.filter.OncePerRequestFilter.doFilter(OncePerRequestFilter.java:116)
	at org.springframework.security.web.FilterChainProxy$VirtualFilterChain.doFilter(FilterChainProxy.java:385)
	at org.springframework.security.web.authentication.logout.LogoutFilter.doFilter(LogoutFilter.java:110)
	at org.springframework.security.web.authentication.logout.LogoutFilter.doFilter(LogoutFilter.java:96)
	at org.springframework.security.web.FilterChainProxy$VirtualFilterChain.doFilter(FilterChainProxy.java:385)
	at org.springframework.web.filter.CorsFilter.doFilterInternal(CorsFilter.java:91)
	at org.springframework.web.filter.OncePerRequestFilter.doFilter(OncePerRequestFilter.java:116)
	at org.springframework.security.web.FilterChainProxy$VirtualFilterChain.doFilter(FilterChainProxy.java:385)
	at org.springframework.security.web.header.HeaderWriterFilter.doHeadersAfter(HeaderWriterFilter.java:90)
	at org.springframework.security.web.header.HeaderWriterFilter.doFilterInternal(HeaderWriterFilter.java:75)
	at org.springframework.web.filter.OncePerRequestFilter.doFilter(OncePerRequestFilter.java:116)
	at org.springframework.security.web.FilterChainProxy$VirtualFilterChain.doFilter(FilterChainProxy.java:385)
	at org.springframework.security.web.context.SecurityContextHolderFilter.doFilter(SecurityContextHolderFilter.java:82)
	at org.springframework.security.web.context.SecurityContextHolderFilter.doFilter(SecurityContextHolderFilter.java:69)
	at org.springframework.security.web.FilterChainProxy$VirtualFilterChain.doFilter(FilterChainProxy.java:385)
	at org.springframework.security.web.context.request.async.WebAsyncManagerIntegrationFilter.doFilterInternal(WebAsyncManagerIntegrationFilter.java:62)
	at org.springframework.web.filter.OncePerRequestFilter.doFilter(OncePerRequestFilter.java:116)
	at org.springframework.security.web.FilterChainProxy$VirtualFilterChain.doFilter(FilterChainProxy.java:385)
	at org.springframework.security.web.session.DisableEncodeUrlFilter.doFilterInternal(DisableEncodeUrlFilter.java:42)
	at org.springframework.web.filter.OncePerRequestFilter.doFilter(OncePerRequestFilter.java:116)
	at org.springframework.security.web.FilterChainProxy$VirtualFilterChain.doFilter(FilterChainProxy.java:385)
	at org.springframework.security.web.FilterChainProxy.doFilterInternal(FilterChainProxy.java:237)
	at org.springframework.security.web.FilterChainProxy.doFilter(FilterChainProxy.java:195)
	at org.springframework.web.filter.CompositeFilter$VirtualFilterChain.doFilter(CompositeFilter.java:113)
	at org.springframework.web.filter.ServletRequestPathFilter.doFilter(ServletRequestPathFilter.java:52)
	at org.springframework.web.filter.CompositeFilter$VirtualFilterChain.doFilter(CompositeFilter.java:113)
	at org.springframework.web.filter.CompositeFilter.doFilter(CompositeFilter.java:74)
	at org.springframework.security.config.annotation.web.configuration.WebSecurityConfiguration$CompositeFilterChainProxy.doFilter(WebSecurityConfiguration.java:317)
	at org.springframework.web.filter.DelegatingFilterProxy.invokeDelegate(DelegatingFilterProxy.java:355)
	at org.springframework.web.filter.DelegatingFilterProxy.doFilter(DelegatingFilterProxy.java:272)
	at org.apache.catalina.core.ApplicationFilterChain.doFilter(ApplicationFilterChain.java:107)
	at org.springframework.web.filter.RequestContextFilter.doFilterInternal(RequestContextFilter.java:100)
	at org.springframework.web.filter.OncePerRequestFilter.doFilter(OncePerRequestFilter.java:116)
	at org.apache.catalina.core.ApplicationFilterChain.doFilter(ApplicationFilterChain.java:107)
	at org.springframework.web.filter.FormContentFilter.doFilterInternal(FormContentFilter.java:93)
	at org.springframework.web.filter.OncePerRequestFilter.doFilter(OncePerRequestFilter.java:116)
	at org.apache.catalina.core.ApplicationFilterChain.doFilter(ApplicationFilterChain.java:107)
	at org.springframework.web.filter.CharacterEncodingFilter.doFilterInternal(CharacterEncodingFilter.java:199)
	at org.springframework.web.filter.OncePerRequestFilter.doFilter(OncePerRequestFilter.java:116)
	at org.apache.catalina.core.ApplicationFilterChain.doFilter(ApplicationFilterChain.java:107)
	at org.apache.catalina.core.StandardWrapperValve.invoke(StandardWrapperValve.java:165)
	at org.apache.catalina.core.StandardContextValve.invoke(StandardContextValve.java:77)
	at org.apache.catalina.authenticator.AuthenticatorBase.invoke(AuthenticatorBase.java:492)
	at org.apache.catalina.core.StandardHostValve.invoke(StandardHostValve.java:113)
	at org.apache.catalina.valves.ErrorReportValve.invoke(ErrorReportValve.java:83)
	at org.apache.catalina.core.StandardEngineValve.invoke(StandardEngineValve.java:72)
	at org.apache.catalina.connector.CoyoteAdapter.service(CoyoteAdapter.java:341)
	at org.apache.coyote.http11.Http11Processor.service(Http11Processor.java:397)
	at org.apache.coyote.AbstractProcessorLight.process(AbstractProcessorLight.java:63)
	at org.apache.coyote.AbstractProtocol$ConnectionHandler.process(AbstractProtocol.java:1272)
	at org.apache.tomcat.util.net.NioEndpoint$SocketProcessor.doRun(NioEndpoint.java:1801)
	at org.apache.tomcat.util.net.SocketProcessorBase.run(SocketProcessorBase.java:52)
	at org.apache.tomcat.util.threads.ThreadPoolExecutor.runWorker(ThreadPoolExecutor.java:946)
	at org.apache.tomcat.util.threads.ThreadPoolExecutor$Worker.run(ThreadPoolExecutor.java:480)
	at org.apache.tomcat.util.threads.TaskThread$WrappingRunnable.run(TaskThread.java:57)
	at java.base/java.lang.Thread.run(Thread.java:1583)
2026-09-22 17:09:56 WARN  [http-nio-0.0.0.0-8081-exec-4] ExceptionHandlerExceptionResolver - Resolved [com.induspathfinder.app.exception.BadRequestException: Project cannot be deleted because it contains activities. Please delete all activities first.]
2026-09-22 17:10:20 INFO  [http-nio-0.0.0.0-8081-exec-3] AuditLogServiceImpl - Audit log stored. auditId=710, userId=7, username=RakeshKumar@112
2026-09-22 17:10:20 ERROR [http-nio-0.0.0.0-8081-exec-3] AuditAspect - Audited method failed. class=ProjectServiceImpl, method=deleteProject, action=DELETE_PROJECT, screen=PROJECTS, screenId=11, userId=7, username=RakeshKumar@112, error=Project cannot be deleted because it contains activities. Please delete all activities first.
com.induspathfinder.app.exception.BadRequestException: Project cannot be deleted because it contains activities. Please delete all activities first.
	at com.induspathfinder.app.serviceimpl.ProjectServiceImpl.deleteProject(ProjectServiceImpl.java:384)
	at java.base/jdk.internal.reflect.DirectMethodHandleAccessor.invoke(DirectMethodHandleAccessor.java:103)
	at java.base/java.lang.reflect.Method.invoke(Method.java:580)
	at org.springframework.aop.support.AopUtils.invokeJoinpointUsingReflection(AopUtils.java:359)
	at org.springframework.aop.framework.ReflectiveMethodInvocation.invokeJoinpoint(ReflectiveMethodInvocation.java:190)
	at org.springframework.aop.framework.ReflectiveMethodInvocation.proceed(ReflectiveMethodInvocation.java:158)
	at org.springframework.aop.aspectj.MethodInvocationProceedingJoinPoint.proceed(MethodInvocationProceedingJoinPoint.java:82)
	at com.induspathfinder.app.aop.AuditAspect.auditMethod(AuditAspect.java:67)
	at java.base/jdk.internal.reflect.DirectMethodHandleAccessor.invoke(DirectMethodHandleAccessor.java:103)
	at java.base/java.lang.reflect.Method.invoke(Method.java:580)
	at org.springframework.aop.aspectj.AbstractAspectJAdvice.invokeAdviceMethodWithGivenArgs(AbstractAspectJAdvice.java:648)
	at org.springframework.aop.aspectj.AbstractAspectJAdvice.invokeAdviceMethod(AbstractAspectJAdvice.java:630)
	at org.springframework.aop.aspectj.AspectJAroundAdvice.invoke(AspectJAroundAdvice.java:70)
	at org.springframework.aop.framework.ReflectiveMethodInvocation.proceed(ReflectiveMethodInvocation.java:168)
	at org.springframework.transaction.interceptor.TransactionInterceptor$1.proceedWithInvocation(TransactionInterceptor.java:133)
	at org.springframework.transaction.interceptor.TransactionAspectSupport.invokeWithinTransaction(TransactionAspectSupport.java:371)
	at org.springframework.transaction.interceptor.TransactionInterceptor.invoke(TransactionInterceptor.java:130)
	at org.springframework.aop.framework.ReflectiveMethodInvocation.proceed(ReflectiveMethodInvocation.java:179)
	at org.springframework.aop.interceptor.ExposeInvocationInterceptor.invoke(ExposeInvocationInterceptor.java:96)
	at org.springframework.aop.framework.ReflectiveMethodInvocation.proceed(ReflectiveMethodInvocation.java:179)
	at org.springframework.aop.framework.CglibAopProxy$DynamicAdvisedInterceptor.intercept(CglibAopProxy.java:719)
	at com.induspathfinder.app.serviceimpl.ProjectServiceImpl$$SpringCGLIB$$0.deleteProject(<generated>)
	at com.induspathfinder.app.controller.ProjectController.deleteProject(ProjectController.java:80)
	at java.base/jdk.internal.reflect.DirectMethodHandleAccessor.invoke(DirectMethodHandleAccessor.java:103)
	at java.base/java.lang.reflect.Method.invoke(Method.java:580)
	at org.springframework.web.method.support.InvocableHandlerMethod.doInvoke(InvocableHandlerMethod.java:252)
	at org.springframework.web.method.support.InvocableHandlerMethod.invokeForRequest(InvocableHandlerMethod.java:184)
	at org.springframework.web.servlet.mvc.method.annotation.ServletInvocableHandlerMethod.invokeAndHandle(ServletInvocableHandlerMethod.java:117)
	at org.springframework.web.servlet.mvc.method.annotation.RequestMappingHandlerAdapter.invokeHandlerMethod(RequestMappingHandlerAdapter.java:934)
	at org.springframework.web.servlet.mvc.method.annotation.RequestMappingHandlerAdapter.handleInternal(RequestMappingHandlerAdapter.java:853)
	at org.springframework.web.servlet.mvc.method.AbstractHandlerMethodAdapter.handle(AbstractHandlerMethodAdapter.java:86)
	at org.springframework.web.servlet.DispatcherServlet.doDispatch(DispatcherServlet.java:963)
	at org.springframework.web.servlet.DispatcherServlet.doService(DispatcherServlet.java:866)
	at org.springframework.web.servlet.FrameworkServlet.processRequest(FrameworkServlet.java:1000)
	at org.springframework.web.servlet.FrameworkServlet.doDelete(FrameworkServlet.java:925)
	at jakarta.servlet.http.HttpServlet.service(HttpServlet.java:651)
	at org.springframework.web.servlet.FrameworkServlet.service(FrameworkServlet.java:874)
	at jakarta.servlet.http.HttpServlet.service(HttpServlet.java:710)
	at org.apache.catalina.core.ApplicationFilterChain.doFilter(ApplicationFilterChain.java:128)
	at org.apache.tomcat.websocket.server.WsFilter.doFilter(WsFilter.java:53)
	at org.apache.catalina.core.ApplicationFilterChain.doFilter(ApplicationFilterChain.java:107)
	at org.springframework.web.filter.OncePerRequestFilter.doFilter(OncePerRequestFilter.java:110)
	at org.apache.catalina.core.ApplicationFilterChain.doFilter(ApplicationFilterChain.java:107)
	at org.springframework.web.filter.CompositeFilter$VirtualFilterChain.doFilter(CompositeFilter.java:108)
	at org.springframework.security.web.FilterChainProxy.lambda$doFilterInternal$2(FilterChainProxy.java:235)
	at org.springframework.security.web.FilterChainProxy$VirtualFilterChain.doFilter(FilterChainProxy.java:376)
	at org.springframework.security.web.access.intercept.AuthorizationFilter.doFilter(AuthorizationFilter.java:101)
	at org.springframework.security.web.FilterChainProxy$VirtualFilterChain.doFilter(FilterChainProxy.java:385)
	at org.springframework.security.web.access.ExceptionTranslationFilter.doFilter(ExceptionTranslationFilter.java:126)
	at org.springframework.security.web.access.ExceptionTranslationFilter.doFilter(ExceptionTranslationFilter.java:120)
	at org.springframework.security.web.FilterChainProxy$VirtualFilterChain.doFilter(FilterChainProxy.java:385)
	at org.springframework.security.web.session.SessionManagementFilter.doFilter(SessionManagementFilter.java:132)
	at org.springframework.security.web.session.SessionManagementFilter.doFilter(SessionManagementFilter.java:86)
	at org.springframework.security.web.FilterChainProxy$VirtualFilterChain.doFilter(FilterChainProxy.java:385)
	at org.springframework.security.web.authentication.AnonymousAuthenticationFilter.doFilter(AnonymousAuthenticationFilter.java:100)
	at org.springframework.security.web.FilterChainProxy$VirtualFilterChain.doFilter(FilterChainProxy.java:385)
	at org.springframework.security.web.servletapi.SecurityContextHolderAwareRequestFilter.doFilter(SecurityContextHolderAwareRequestFilter.java:181)
	at org.springframework.security.web.FilterChainProxy$VirtualFilterChain.doFilter(FilterChainProxy.java:385)
	at org.springframework.security.web.savedrequest.RequestCacheAwareFilter.doFilter(RequestCacheAwareFilter.java:63)
	at org.springframework.security.web.FilterChainProxy$VirtualFilterChain.doFilter(FilterChainProxy.java:385)
	at com.induspathfinder.app.security.JwtAuthenticationFilter.doFilterInternal(JwtAuthenticationFilter.java:77)
	at org.springframework.web.filter.OncePerRequestFilter.doFilter(OncePerRequestFilter.java:116)
	at org.springframework.security.web.FilterChainProxy$VirtualFilterChain.doFilter(FilterChainProxy.java:385)
	at org.springframework.security.web.authentication.logout.LogoutFilter.doFilter(LogoutFilter.java:110)
	at org.springframework.security.web.authentication.logout.LogoutFilter.doFilter(LogoutFilter.java:96)
	at org.springframework.security.web.FilterChainProxy$VirtualFilterChain.doFilter(FilterChainProxy.java:385)
	at org.springframework.web.filter.CorsFilter.doFilterInternal(CorsFilter.java:91)
	at org.springframework.web.filter.OncePerRequestFilter.doFilter(OncePerRequestFilter.java:116)
	at org.springframework.security.web.FilterChainProxy$VirtualFilterChain.doFilter(FilterChainProxy.java:385)
	at org.springframework.security.web.header.HeaderWriterFilter.doHeadersAfter(HeaderWriterFilter.java:90)
	at org.springframework.security.web.header.HeaderWriterFilter.doFilterInternal(HeaderWriterFilter.java:75)
	at org.springframework.web.filter.OncePerRequestFilter.doFilter(OncePerRequestFilter.java:116)
	at org.springframework.security.web.FilterChainProxy$VirtualFilterChain.doFilter(FilterChainProxy.java:385)
	at org.springframework.security.web.context.SecurityContextHolderFilter.doFilter(SecurityContextHolderFilter.java:82)
	at org.springframework.security.web.context.SecurityContextHolderFilter.doFilter(SecurityContextHolderFilter.java:69)
	at org.springframework.security.web.FilterChainProxy$VirtualFilterChain.doFilter(FilterChainProxy.java:385)
	at org.springframework.security.web.context.request.async.WebAsyncManagerIntegrationFilter.doFilterInternal(WebAsyncManagerIntegrationFilter.java:62)
	at org.springframework.web.filter.OncePerRequestFilter.doFilter(OncePerRequestFilter.java:116)
	at org.springframework.security.web.FilterChainProxy$VirtualFilterChain.doFilter(FilterChainProxy.java:385)
	at org.springframework.security.web.session.DisableEncodeUrlFilter.doFilterInternal(DisableEncodeUrlFilter.java:42)
	at org.springframework.web.filter.OncePerRequestFilter.doFilter(OncePerRequestFilter.java:116)
	at org.springframework.security.web.FilterChainProxy$VirtualFilterChain.doFilter(FilterChainProxy.java:385)
	at org.springframework.security.web.FilterChainProxy.doFilterInternal(FilterChainProxy.java:237)
	at org.springframework.security.web.FilterChainProxy.doFilter(FilterChainProxy.java:195)
	at org.springframework.web.filter.CompositeFilter$VirtualFilterChain.doFilter(CompositeFilter.java:113)
	at org.springframework.web.filter.ServletRequestPathFilter.doFilter(ServletRequestPathFilter.java:52)
	at org.springframework.web.filter.CompositeFilter$VirtualFilterChain.doFilter(CompositeFilter.java:113)
	at org.springframework.web.filter.CompositeFilter.doFilter(CompositeFilter.java:74)
	at org.springframework.security.config.annotation.web.configuration.WebSecurityConfiguration$CompositeFilterChainProxy.doFilter(WebSecurityConfiguration.java:317)
	at org.springframework.web.filter.DelegatingFilterProxy.invokeDelegate(DelegatingFilterProxy.java:355)
	at org.springframework.web.filter.DelegatingFilterProxy.doFilter(DelegatingFilterProxy.java:272)
	at org.apache.catalina.core.ApplicationFilterChain.doFilter(ApplicationFilterChain.java:107)
	at org.springframework.web.filter.RequestContextFilter.doFilterInternal(RequestContextFilter.java:100)
	at org.springframework.web.filter.OncePerRequestFilter.doFilter(OncePerRequestFilter.java:116)
	at org.apache.catalina.core.ApplicationFilterChain.doFilter(ApplicationFilterChain.java:107)
	at org.springframework.web.filter.FormContentFilter.doFilterInternal(FormContentFilter.java:93)
	at org.springframework.web.filter.OncePerRequestFilter.doFilter(OncePerRequestFilter.java:116)
	at org.apache.catalina.core.ApplicationFilterChain.doFilter(ApplicationFilterChain.java:107)
	at org.springframework.web.filter.CharacterEncodingFilter.doFilterInternal(CharacterEncodingFilter.java:199)
	at org.springframework.web.filter.OncePerRequestFilter.doFilter(OncePerRequestFilter.java:116)
	at org.apache.catalina.core.ApplicationFilterChain.doFilter(ApplicationFilterChain.java:107)
	at org.apache.catalina.core.StandardWrapperValve.invoke(StandardWrapperValve.java:165)
	at org.apache.catalina.core.StandardContextValve.invoke(StandardContextValve.java:77)
	at org.apache.catalina.authenticator.AuthenticatorBase.invoke(AuthenticatorBase.java:492)
	at org.apache.catalina.core.StandardHostValve.invoke(StandardHostValve.java:113)
	at org.apache.catalina.valves.ErrorReportValve.invoke(ErrorReportValve.java:83)
	at org.apache.catalina.core.StandardEngineValve.invoke(StandardEngineValve.java:72)
	at org.apache.catalina.connector.CoyoteAdapter.service(CoyoteAdapter.java:341)
	at org.apache.coyote.http11.Http11Processor.service(Http11Processor.java:397)
	at org.apache.coyote.AbstractProcessorLight.process(AbstractProcessorLight.java:63)
	at org.apache.coyote.AbstractProtocol$ConnectionHandler.process(AbstractProtocol.java:1272)
	at org.apache.tomcat.util.net.NioEndpoint$SocketProcessor.doRun(NioEndpoint.java:1801)
	at org.apache.tomcat.util.net.SocketProcessorBase.run(SocketProcessorBase.java:52)
	at org.apache.tomcat.util.threads.ThreadPoolExecutor.runWorker(ThreadPoolExecutor.java:946)
	at org.apache.tomcat.util.threads.ThreadPoolExecutor$Worker.run(ThreadPoolExecutor.java:480)
	at org.apache.tomcat.util.threads.TaskThread$WrappingRunnable.run(TaskThread.java:57)
	at java.base/java.lang.Thread.run(Thread.java:1583)
2026-09-22 17:10:20 WARN  [http-nio-0.0.0.0-8081-exec-3] ExceptionHandlerExceptionResolver - Resolved [com.induspathfinder.app.exception.BadRequestException: Project cannot be deleted because it contains activities. Please delete all activities first.]
2026-09-22 17:10:35 INFO  [http-nio-0.0.0.0-8081-exec-4] NotificationServiceImpl - Notifications fetched for userId=7. page=0, size=10, totalElements=11
2026-09-22 17:11:10 INFO  [http-nio-0.0.0.0-8081-exec-4] NotificationServiceImpl - Notifications fetched for userId=7. page=0, size=10, totalElements=11
2026-09-22 17:11:25 INFO  [http-nio-0.0.0.0-8081-exec-2] JasperUtil - Starting Jasper PDF generation. templatePath=reports/ProjectReport.jrxml, records=1
2026-09-22 17:11:25 INFO  [http-nio-0.0.0.0-8081-exec-2] JasperUtil - Jasper template loaded successfully: reports/ProjectReport.jrxml
2026-09-22 17:11:25 INFO  [http-nio-0.0.0.0-8081-exec-2] JasperUtil - JasperReports runtime version=6.21.5-74d586df47b25dbd05bd0957999819196e59934a
2026-09-22 17:11:28 INFO  [http-nio-0.0.0.0-8081-exec-2] JasperUtil - Jasper template compiled successfully: reports/ProjectReport.jrxml
2026-09-22 17:11:31 INFO  [http-nio-0.0.0.0-8081-exec-2] JasperUtil - Jasper PDF generated successfully. templatePath=reports/ProjectReport.jrxml, bytes=1690
2026-09-22 17:11:31 INFO  [http-nio-0.0.0.0-8081-exec-2] NotificationServiceImpl - Notification created successfully. notificationId=165, userId=7
2026-09-22 17:11:31 INFO  [http-nio-0.0.0.0-8081-exec-2] AuditLogServiceImpl - Audit log stored. auditId=711, userId=7, username=RakeshKumar@112
2026-09-22 17:11:31 INFO  [http-nio-0.0.0.0-8081-exec-2] AuditAspect - Audited successful method. class=NotificationServiceImpl, method=createNotification, action=CREATE_NOTIFICATION, screen=NOTIFICATIONS, screenId=null, userId=7, username=SYSTEM
2026-09-22 17:11:31 INFO  [http-nio-0.0.0.0-8081-exec-2] ReportServiceImpl - Report generated successfully. projectId=11, reportType=PROJECT, exportFormat=PDF, fileName=project-report.pdf
2026-09-22 17:11:31 INFO  [http-nio-0.0.0.0-8081-exec-2] AuditLogServiceImpl - Audit log stored. auditId=712, userId=7, username=RakeshKumar@112
2026-09-22 17:11:31 INFO  [http-nio-0.0.0.0-8081-exec-2] AuditAspect - Audited successful method. class=ReportServiceImpl, method=generateReport, action=GENERATE_REPORT, screen=REPORTS, screenId=11, userId=7, username=RakeshKumar@112
2026-09-22 17:11:35 INFO  [http-nio-0.0.0.0-8081-exec-3] NotificationServiceImpl - Notifications fetched for userId=7. page=0, size=10, totalElements=12
2026-09-22 17:11:39 INFO  [http-nio-0.0.0.0-8081-exec-1] NotificationServiceImpl - Notification created successfully. notificationId=166, userId=7
2026-09-22 17:11:39 INFO  [http-nio-0.0.0.0-8081-exec-1] AuditLogServiceImpl - Audit log stored. auditId=713, userId=7, username=RakeshKumar@112
2026-09-22 17:11:39 INFO  [http-nio-0.0.0.0-8081-exec-1] AuditAspect - Audited successful method. class=NotificationServiceImpl, method=createNotification, action=CREATE_NOTIFICATION, screen=NOTIFICATIONS, screenId=null, userId=7, username=SYSTEM
2026-09-22 17:11:39 INFO  [http-nio-0.0.0.0-8081-exec-1] ReportServiceImpl - Report generated successfully. projectId=11, reportType=PROJECT, exportFormat=EXCEL, fileName=project-report.xlsx
2026-09-22 17:11:39 INFO  [http-nio-0.0.0.0-8081-exec-1] AuditLogServiceImpl - Audit log stored. auditId=714, userId=7, username=RakeshKumar@112
2026-09-22 17:11:39 INFO  [http-nio-0.0.0.0-8081-exec-1] AuditAspect - Audited successful method. class=ReportServiceImpl, method=generateReport, action=GENERATE_REPORT, screen=REPORTS, screenId=11, userId=7, username=RakeshKumar@112
2026-09-22 17:11:45 INFO  [http-nio-0.0.0.0-8081-exec-6] NotificationServiceImpl - Notification created successfully. notificationId=167, userId=7
2026-09-22 17:11:45 INFO  [http-nio-0.0.0.0-8081-exec-6] AuditLogServiceImpl - Audit log stored. auditId=715, userId=7, username=RakeshKumar@112
2026-09-22 17:11:45 INFO  [http-nio-0.0.0.0-8081-exec-6] AuditAspect - Audited successful method. class=NotificationServiceImpl, method=createNotification, action=CREATE_NOTIFICATION, screen=NOTIFICATIONS, screenId=null, userId=7, username=SYSTEM
2026-09-22 17:11:45 INFO  [http-nio-0.0.0.0-8081-exec-6] ReportServiceImpl - Report generated successfully. projectId=11, reportType=PROJECT, exportFormat=CSV, fileName=project-report.csv
2026-09-22 17:11:45 INFO  [http-nio-0.0.0.0-8081-exec-6] AuditLogServiceImpl - Audit log stored. auditId=716, userId=7, username=RakeshKumar@112
2026-09-22 17:11:45 INFO  [http-nio-0.0.0.0-8081-exec-6] AuditAspect - Audited successful method. class=ReportServiceImpl, method=generateReport, action=GENERATE_REPORT, screen=REPORTS, screenId=11, userId=7, username=RakeshKumar@112
2026-09-22 17:11:53 INFO  [http-nio-0.0.0.0-8081-exec-7] JasperUtil - Starting Jasper PDF generation. templatePath=reports/ActivityReport.jrxml, records=2
2026-09-22 17:11:53 INFO  [http-nio-0.0.0.0-8081-exec-7] JasperUtil - Jasper template loaded successfully: reports/ActivityReport.jrxml
2026-09-22 17:11:53 INFO  [http-nio-0.0.0.0-8081-exec-7] JasperUtil - JasperReports runtime version=6.21.5-74d586df47b25dbd05bd0957999819196e59934a
2026-09-22 17:11:53 INFO  [http-nio-0.0.0.0-8081-exec-7] JasperUtil - Jasper template compiled successfully: reports/ActivityReport.jrxml
2026-09-22 17:11:53 INFO  [http-nio-0.0.0.0-8081-exec-7] JasperUtil - Jasper PDF generated successfully. templatePath=reports/ActivityReport.jrxml, bytes=1826
2026-09-22 17:11:53 INFO  [http-nio-0.0.0.0-8081-exec-7] NotificationServiceImpl - Notification created successfully. notificationId=168, userId=7
2026-09-22 17:11:53 INFO  [http-nio-0.0.0.0-8081-exec-7] AuditLogServiceImpl - Audit log stored. auditId=717, userId=7, username=RakeshKumar@112
2026-09-22 17:11:53 INFO  [http-nio-0.0.0.0-8081-exec-7] AuditAspect - Audited successful method. class=NotificationServiceImpl, method=createNotification, action=CREATE_NOTIFICATION, screen=NOTIFICATIONS, screenId=null, userId=7, username=SYSTEM
2026-09-22 17:11:53 INFO  [http-nio-0.0.0.0-8081-exec-7] ReportServiceImpl - Report generated successfully. projectId=11, reportType=ACTIVITY, exportFormat=PDF, fileName=activity-report.pdf
2026-09-22 17:11:53 INFO  [http-nio-0.0.0.0-8081-exec-7] AuditLogServiceImpl - Audit log stored. auditId=718, userId=7, username=RakeshKumar@112
2026-09-22 17:11:53 INFO  [http-nio-0.0.0.0-8081-exec-7] AuditAspect - Audited successful method. class=ReportServiceImpl, method=generateReport, action=GENERATE_REPORT, screen=REPORTS, screenId=11, userId=7, username=RakeshKumar@112
2026-09-22 17:11:59 INFO  [http-nio-0.0.0.0-8081-exec-10] NotificationServiceImpl - Notification created successfully. notificationId=169, userId=7
2026-09-22 17:11:59 INFO  [http-nio-0.0.0.0-8081-exec-10] AuditLogServiceImpl - Audit log stored. auditId=719, userId=7, username=RakeshKumar@112
2026-09-22 17:11:59 INFO  [http-nio-0.0.0.0-8081-exec-10] AuditAspect - Audited successful method. class=NotificationServiceImpl, method=createNotification, action=CREATE_NOTIFICATION, screen=NOTIFICATIONS, screenId=null, userId=7, username=SYSTEM
2026-09-22 17:11:59 INFO  [http-nio-0.0.0.0-8081-exec-10] ReportServiceImpl - Report generated successfully. projectId=11, reportType=ACTIVITY, exportFormat=EXCEL, fileName=activity-report.xlsx
2026-09-22 17:11:59 INFO  [http-nio-0.0.0.0-8081-exec-10] AuditLogServiceImpl - Audit log stored. auditId=720, userId=7, username=RakeshKumar@112
2026-09-22 17:11:59 INFO  [http-nio-0.0.0.0-8081-exec-10] AuditAspect - Audited successful method. class=ReportServiceImpl, method=generateReport, action=GENERATE_REPORT, screen=REPORTS, screenId=11, userId=7, username=RakeshKumar@112
2026-09-22 17:12:04 INFO  [http-nio-0.0.0.0-8081-exec-8] NotificationServiceImpl - Notification created successfully. notificationId=170, userId=7
2026-09-22 17:12:04 INFO  [http-nio-0.0.0.0-8081-exec-8] AuditLogServiceImpl - Audit log stored. auditId=721, userId=7, username=RakeshKumar@112
2026-09-22 17:12:04 INFO  [http-nio-0.0.0.0-8081-exec-8] AuditAspect - Audited successful method. class=NotificationServiceImpl, method=createNotification, action=CREATE_NOTIFICATION, screen=NOTIFICATIONS, screenId=null, userId=7, username=SYSTEM
2026-09-22 17:12:04 INFO  [http-nio-0.0.0.0-8081-exec-8] ReportServiceImpl - Report generated successfully. projectId=11, reportType=ACTIVITY, exportFormat=CSV, fileName=activity-report.csv
2026-09-22 17:12:04 INFO  [http-nio-0.0.0.0-8081-exec-8] AuditLogServiceImpl - Audit log stored. auditId=722, userId=7, username=RakeshKumar@112
2026-09-22 17:12:04 INFO  [http-nio-0.0.0.0-8081-exec-8] AuditAspect - Audited successful method. class=ReportServiceImpl, method=generateReport, action=GENERATE_REPORT, screen=REPORTS, screenId=11, userId=7, username=RakeshKumar@112
2026-09-22 17:12:08 INFO  [http-nio-0.0.0.0-8081-exec-3] NotificationServiceImpl - Notification created successfully. notificationId=171, userId=7
2026-09-22 17:12:08 INFO  [http-nio-0.0.0.0-8081-exec-3] AuditLogServiceImpl - Audit log stored. auditId=723, userId=7, username=RakeshKumar@112
2026-09-22 17:12:08 INFO  [http-nio-0.0.0.0-8081-exec-3] AuditAspect - Audited successful method. class=NotificationServiceImpl, method=createNotification, action=CREATE_NOTIFICATION, screen=NOTIFICATIONS, screenId=null, userId=7, username=SYSTEM
2026-09-22 17:12:08 INFO  [http-nio-0.0.0.0-8081-exec-3] ReportServiceImpl - Report generated successfully. projectId=11, reportType=DEPENDENCY, exportFormat=CSV, fileName=dependency-report.csv
2026-09-22 17:12:08 INFO  [http-nio-0.0.0.0-8081-exec-3] AuditLogServiceImpl - Audit log stored. auditId=724, userId=7, username=RakeshKumar@112
2026-09-22 17:12:08 INFO  [http-nio-0.0.0.0-8081-exec-3] AuditAspect - Audited successful method. class=ReportServiceImpl, method=generateReport, action=GENERATE_REPORT, screen=REPORTS, screenId=11, userId=7, username=RakeshKumar@112
2026-09-22 17:12:14 INFO  [http-nio-0.0.0.0-8081-exec-4] NotificationServiceImpl - Notification created successfully. notificationId=172, userId=7
2026-09-22 17:12:14 INFO  [http-nio-0.0.0.0-8081-exec-4] AuditLogServiceImpl - Audit log stored. auditId=725, userId=7, username=RakeshKumar@112
2026-09-22 17:12:14 INFO  [http-nio-0.0.0.0-8081-exec-4] AuditAspect - Audited successful method. class=NotificationServiceImpl, method=createNotification, action=CREATE_NOTIFICATION, screen=NOTIFICATIONS, screenId=null, userId=7, username=SYSTEM
2026-09-22 17:12:14 INFO  [http-nio-0.0.0.0-8081-exec-4] ReportServiceImpl - Report generated successfully. projectId=11, reportType=DEPENDENCY, exportFormat=EXCEL, fileName=dependency-report.xlsx
2026-09-22 17:12:14 INFO  [http-nio-0.0.0.0-8081-exec-4] AuditLogServiceImpl - Audit log stored. auditId=726, userId=7, username=RakeshKumar@112
2026-09-22 17:12:14 INFO  [http-nio-0.0.0.0-8081-exec-4] AuditAspect - Audited successful method. class=ReportServiceImpl, method=generateReport, action=GENERATE_REPORT, screen=REPORTS, screenId=11, userId=7, username=RakeshKumar@112
2026-09-22 17:12:18 INFO  [http-nio-0.0.0.0-8081-exec-6] JasperUtil - Starting Jasper PDF generation. templatePath=reports/DependencyReport.jrxml, records=1
2026-09-22 17:12:18 INFO  [http-nio-0.0.0.0-8081-exec-6] JasperUtil - Jasper template loaded successfully: reports/DependencyReport.jrxml
2026-09-22 17:12:18 INFO  [http-nio-0.0.0.0-8081-exec-6] JasperUtil - JasperReports runtime version=6.21.5-74d586df47b25dbd05bd0957999819196e59934a
2026-09-22 17:12:19 INFO  [http-nio-0.0.0.0-8081-exec-6] JasperUtil - Jasper template compiled successfully: reports/DependencyReport.jrxml
2026-09-22 17:12:19 INFO  [http-nio-0.0.0.0-8081-exec-6] JasperUtil - Jasper PDF generated successfully. templatePath=reports/DependencyReport.jrxml, bytes=1671
2026-09-22 17:12:19 INFO  [http-nio-0.0.0.0-8081-exec-6] NotificationServiceImpl - Notification created successfully. notificationId=173, userId=7
2026-09-22 17:12:19 INFO  [http-nio-0.0.0.0-8081-exec-6] AuditLogServiceImpl - Audit log stored. auditId=727, userId=7, username=RakeshKumar@112
2026-09-22 17:12:19 INFO  [http-nio-0.0.0.0-8081-exec-6] AuditAspect - Audited successful method. class=NotificationServiceImpl, method=createNotification, action=CREATE_NOTIFICATION, screen=NOTIFICATIONS, screenId=null, userId=7, username=SYSTEM
2026-09-22 17:12:19 INFO  [http-nio-0.0.0.0-8081-exec-6] ReportServiceImpl - Report generated successfully. projectId=11, reportType=DEPENDENCY, exportFormat=PDF, fileName=dependency-report.pdf
2026-09-22 17:12:19 INFO  [http-nio-0.0.0.0-8081-exec-6] AuditLogServiceImpl - Audit log stored. auditId=728, userId=7, username=RakeshKumar@112
2026-09-22 17:12:19 INFO  [http-nio-0.0.0.0-8081-exec-6] AuditAspect - Audited successful method. class=ReportServiceImpl, method=generateReport, action=GENERATE_REPORT, screen=REPORTS, screenId=11, userId=7, username=RakeshKumar@112
2026-09-22 17:12:25 INFO  [http-nio-0.0.0.0-8081-exec-7] NotificationServiceImpl - Notification created successfully. notificationId=174, userId=7
2026-09-22 17:12:25 INFO  [http-nio-0.0.0.0-8081-exec-7] AuditLogServiceImpl - Audit log stored. auditId=729, userId=7, username=RakeshKumar@112
2026-09-22 17:12:25 INFO  [http-nio-0.0.0.0-8081-exec-7] AuditAspect - Audited successful method. class=NotificationServiceImpl, method=createNotification, action=CREATE_NOTIFICATION, screen=NOTIFICATIONS, screenId=null, userId=7, username=SYSTEM
2026-09-22 17:12:25 INFO  [http-nio-0.0.0.0-8081-exec-7] AuditLogServiceImpl - Audit log stored. auditId=730, userId=7, username=RakeshKumar@112
2026-09-22 17:12:25 INFO  [http-nio-0.0.0.0-8081-exec-7] AuditAspect - Audited successful method. class=CPMServiceImpl, method=calculateCPM, action=RUN_CPM_ANALYSIS, screen=CPM_ANALYSIS, screenId=11, userId=7, username=RakeshKumar@112
2026-09-22 17:12:25 INFO  [http-nio-0.0.0.0-8081-exec-7] JasperUtil - Starting Jasper PDF generation. templatePath=reports/CPMReport.jrxml, records=2
2026-09-22 17:12:25 INFO  [http-nio-0.0.0.0-8081-exec-7] JasperUtil - Jasper template loaded successfully: reports/CPMReport.jrxml
2026-09-22 17:12:25 INFO  [http-nio-0.0.0.0-8081-exec-7] JasperUtil - JasperReports runtime version=6.21.5-74d586df47b25dbd05bd0957999819196e59934a
2026-09-22 17:12:25 INFO  [http-nio-0.0.0.0-8081-exec-7] JasperUtil - Jasper template compiled successfully: reports/CPMReport.jrxml
2026-09-22 17:12:25 INFO  [http-nio-0.0.0.0-8081-exec-7] JasperUtil - Jasper PDF generated successfully. templatePath=reports/CPMReport.jrxml, bytes=1741
2026-09-22 17:12:25 INFO  [http-nio-0.0.0.0-8081-exec-7] NotificationServiceImpl - Notification created successfully. notificationId=175, userId=7
2026-09-22 17:12:25 INFO  [http-nio-0.0.0.0-8081-exec-7] AuditLogServiceImpl - Audit log stored. auditId=731, userId=7, username=RakeshKumar@112
2026-09-22 17:12:25 INFO  [http-nio-0.0.0.0-8081-exec-7] AuditAspect - Audited successful method. class=NotificationServiceImpl, method=createNotification, action=CREATE_NOTIFICATION, screen=NOTIFICATIONS, screenId=null, userId=7, username=SYSTEM
2026-09-22 17:12:25 INFO  [http-nio-0.0.0.0-8081-exec-7] ReportServiceImpl - Report generated successfully. projectId=11, reportType=CPM, exportFormat=PDF, fileName=cpm-report.pdf
2026-09-22 17:12:25 INFO  [http-nio-0.0.0.0-8081-exec-7] AuditLogServiceImpl - Audit log stored. auditId=732, userId=7, username=RakeshKumar@112
2026-09-22 17:12:25 INFO  [http-nio-0.0.0.0-8081-exec-7] AuditAspect - Audited successful method. class=ReportServiceImpl, method=generateReport, action=GENERATE_REPORT, screen=REPORTS, screenId=11, userId=7, username=RakeshKumar@112
2026-09-22 17:12:33 INFO  [http-nio-0.0.0.0-8081-exec-10] NotificationServiceImpl - Notification created successfully. notificationId=176, userId=7
2026-09-22 17:12:33 INFO  [http-nio-0.0.0.0-8081-exec-10] AuditLogServiceImpl - Audit log stored. auditId=733, userId=7, username=RakeshKumar@112
2026-09-22 17:12:33 INFO  [http-nio-0.0.0.0-8081-exec-10] AuditAspect - Audited successful method. class=NotificationServiceImpl, method=createNotification, action=CREATE_NOTIFICATION, screen=NOTIFICATIONS, screenId=null, userId=7, username=SYSTEM
2026-09-22 17:12:33 INFO  [http-nio-0.0.0.0-8081-exec-10] AuditLogServiceImpl - Audit log stored. auditId=734, userId=7, username=RakeshKumar@112
2026-09-22 17:12:33 INFO  [http-nio-0.0.0.0-8081-exec-10] AuditAspect - Audited successful method. class=CPMServiceImpl, method=calculateCPM, action=RUN_CPM_ANALYSIS, screen=CPM_ANALYSIS, screenId=11, userId=7, username=RakeshKumar@112
2026-09-22 17:12:33 INFO  [http-nio-0.0.0.0-8081-exec-10] NotificationServiceImpl - Notification created successfully. notificationId=177, userId=7
2026-09-22 17:12:33 INFO  [http-nio-0.0.0.0-8081-exec-10] AuditLogServiceImpl - Audit log stored. auditId=735, userId=7, username=RakeshKumar@112
2026-09-22 17:12:33 INFO  [http-nio-0.0.0.0-8081-exec-10] AuditAspect - Audited successful method. class=NotificationServiceImpl, method=createNotification, action=CREATE_NOTIFICATION, screen=NOTIFICATIONS, screenId=null, userId=7, username=SYSTEM
2026-09-22 17:12:33 INFO  [http-nio-0.0.0.0-8081-exec-10] ReportServiceImpl - Report generated successfully. projectId=11, reportType=CPM, exportFormat=EXCEL, fileName=cpm-report.xlsx
2026-09-22 17:12:33 INFO  [http-nio-0.0.0.0-8081-exec-10] AuditLogServiceImpl - Audit log stored. auditId=736, userId=7, username=RakeshKumar@112
2026-09-22 17:12:33 INFO  [http-nio-0.0.0.0-8081-exec-10] AuditAspect - Audited successful method. class=ReportServiceImpl, method=generateReport, action=GENERATE_REPORT, screen=REPORTS, screenId=11, userId=7, username=RakeshKumar@112
2026-09-22 17:12:36 INFO  [http-nio-0.0.0.0-8081-exec-8] NotificationServiceImpl - Notifications fetched for userId=7. page=0, size=10, totalElements=24
2026-09-22 17:12:40 INFO  [http-nio-0.0.0.0-8081-exec-1] NotificationServiceImpl - Notification created successfully. notificationId=178, userId=7
2026-09-22 17:12:40 INFO  [http-nio-0.0.0.0-8081-exec-1] AuditLogServiceImpl - Audit log stored. auditId=737, userId=7, username=RakeshKumar@112
2026-09-22 17:12:40 INFO  [http-nio-0.0.0.0-8081-exec-1] AuditAspect - Audited successful method. class=NotificationServiceImpl, method=createNotification, action=CREATE_NOTIFICATION, screen=NOTIFICATIONS, screenId=null, userId=7, username=SYSTEM
2026-09-22 17:12:40 INFO  [http-nio-0.0.0.0-8081-exec-1] AuditLogServiceImpl - Audit log stored. auditId=738, userId=7, username=RakeshKumar@112
2026-09-22 17:12:40 INFO  [http-nio-0.0.0.0-8081-exec-1] AuditAspect - Audited successful method. class=CPMServiceImpl, method=calculateCPM, action=RUN_CPM_ANALYSIS, screen=CPM_ANALYSIS, screenId=11, userId=7, username=RakeshKumar@112
2026-09-22 17:12:40 INFO  [http-nio-0.0.0.0-8081-exec-1] NotificationServiceImpl - Notification created successfully. notificationId=179, userId=7
2026-09-22 17:12:40 INFO  [http-nio-0.0.0.0-8081-exec-1] AuditLogServiceImpl - Audit log stored. auditId=739, userId=7, username=RakeshKumar@112
2026-09-22 17:12:40 INFO  [http-nio-0.0.0.0-8081-exec-1] AuditAspect - Audited successful method. class=NotificationServiceImpl, method=createNotification, action=CREATE_NOTIFICATION, screen=NOTIFICATIONS, screenId=null, userId=7, username=SYSTEM
2026-09-22 17:12:40 INFO  [http-nio-0.0.0.0-8081-exec-1] ReportServiceImpl - Report generated successfully. projectId=11, reportType=CPM, exportFormat=CSV, fileName=cpm-report.csv
2026-09-22 17:12:40 INFO  [http-nio-0.0.0.0-8081-exec-1] AuditLogServiceImpl - Audit log stored. auditId=740, userId=7, username=RakeshKumar@112
2026-09-22 17:12:40 INFO  [http-nio-0.0.0.0-8081-exec-1] AuditAspect - Audited successful method. class=ReportServiceImpl, method=generateReport, action=GENERATE_REPORT, screen=REPORTS, screenId=11, userId=7, username=RakeshKumar@112
2026-09-22 17:12:46 INFO  [http-nio-0.0.0.0-8081-exec-6] NotificationServiceImpl - Notification created successfully. notificationId=180, userId=7
2026-09-22 17:12:46 INFO  [http-nio-0.0.0.0-8081-exec-6] AuditLogServiceImpl - Audit log stored. auditId=741, userId=7, username=RakeshKumar@112
2026-09-22 17:12:46 INFO  [http-nio-0.0.0.0-8081-exec-6] AuditAspect - Audited successful method. class=NotificationServiceImpl, method=createNotification, action=CREATE_NOTIFICATION, screen=NOTIFICATIONS, screenId=null, userId=7, username=SYSTEM
2026-09-22 17:12:46 INFO  [http-nio-0.0.0.0-8081-exec-6] AuditLogServiceImpl - Audit log stored. auditId=742, userId=7, username=RakeshKumar@112
2026-09-22 17:12:46 INFO  [http-nio-0.0.0.0-8081-exec-6] AuditAspect - Audited successful method. class=FloatAnalysisServiceImpl, method=runFloatAnalysis, action=RUN_FLOAT_ANALYSIS, screen=FLOAT_ANALYSIS, screenId=11, userId=7, username=RakeshKumar@112
2026-09-22 17:12:46 INFO  [http-nio-0.0.0.0-8081-exec-6] JasperUtil - Starting Jasper PDF generation. templatePath=reports/FloatReport.jrxml, records=2
2026-09-22 17:12:46 INFO  [http-nio-0.0.0.0-8081-exec-6] JasperUtil - Jasper template loaded successfully: reports/FloatReport.jrxml
2026-09-22 17:12:46 INFO  [http-nio-0.0.0.0-8081-exec-6] JasperUtil - JasperReports runtime version=6.21.5-74d586df47b25dbd05bd0957999819196e59934a
2026-09-22 17:12:46 INFO  [http-nio-0.0.0.0-8081-exec-6] JasperUtil - Jasper template compiled successfully: reports/FloatReport.jrxml
2026-09-22 17:12:46 INFO  [http-nio-0.0.0.0-8081-exec-6] JasperUtil - Jasper PDF generated successfully. templatePath=reports/FloatReport.jrxml, bytes=1688
2026-09-22 17:12:46 INFO  [http-nio-0.0.0.0-8081-exec-6] NotificationServiceImpl - Notification created successfully. notificationId=181, userId=7
2026-09-22 17:12:46 INFO  [http-nio-0.0.0.0-8081-exec-6] AuditLogServiceImpl - Audit log stored. auditId=743, userId=7, username=RakeshKumar@112
2026-09-22 17:12:46 INFO  [http-nio-0.0.0.0-8081-exec-6] AuditAspect - Audited successful method. class=NotificationServiceImpl, method=createNotification, action=CREATE_NOTIFICATION, screen=NOTIFICATIONS, screenId=null, userId=7, username=SYSTEM
2026-09-22 17:12:46 INFO  [http-nio-0.0.0.0-8081-exec-6] ReportServiceImpl - Report generated successfully. projectId=11, reportType=FLOAT, exportFormat=PDF, fileName=float-report.pdf
2026-09-22 17:12:46 INFO  [http-nio-0.0.0.0-8081-exec-6] AuditLogServiceImpl - Audit log stored. auditId=744, userId=7, username=RakeshKumar@112
2026-09-22 17:12:46 INFO  [http-nio-0.0.0.0-8081-exec-6] AuditAspect - Audited successful method. class=ReportServiceImpl, method=generateReport, action=GENERATE_REPORT, screen=REPORTS, screenId=11, userId=7, username=RakeshKumar@112
2026-09-22 17:12:52 INFO  [http-nio-0.0.0.0-8081-exec-7] NotificationServiceImpl - Notification created successfully. notificationId=182, userId=7
2026-09-22 17:12:52 INFO  [http-nio-0.0.0.0-8081-exec-7] AuditLogServiceImpl - Audit log stored. auditId=745, userId=7, username=RakeshKumar@112
2026-09-22 17:12:52 INFO  [http-nio-0.0.0.0-8081-exec-7] AuditAspect - Audited successful method. class=NotificationServiceImpl, method=createNotification, action=CREATE_NOTIFICATION, screen=NOTIFICATIONS, screenId=null, userId=7, username=SYSTEM
2026-09-22 17:12:52 INFO  [http-nio-0.0.0.0-8081-exec-7] AuditLogServiceImpl - Audit log stored. auditId=746, userId=7, username=RakeshKumar@112
2026-09-22 17:12:52 INFO  [http-nio-0.0.0.0-8081-exec-7] AuditAspect - Audited successful method. class=FloatAnalysisServiceImpl, method=runFloatAnalysis, action=RUN_FLOAT_ANALYSIS, screen=FLOAT_ANALYSIS, screenId=11, userId=7, username=RakeshKumar@112
2026-09-22 17:12:52 INFO  [http-nio-0.0.0.0-8081-exec-7] NotificationServiceImpl - Notification created successfully. notificationId=183, userId=7
2026-09-22 17:12:52 INFO  [http-nio-0.0.0.0-8081-exec-7] AuditLogServiceImpl - Audit log stored. auditId=747, userId=7, username=RakeshKumar@112
2026-09-22 17:12:52 INFO  [http-nio-0.0.0.0-8081-exec-7] AuditAspect - Audited successful method. class=NotificationServiceImpl, method=createNotification, action=CREATE_NOTIFICATION, screen=NOTIFICATIONS, screenId=null, userId=7, username=SYSTEM
2026-09-22 17:12:52 INFO  [http-nio-0.0.0.0-8081-exec-7] ReportServiceImpl - Report generated successfully. projectId=11, reportType=FLOAT, exportFormat=EXCEL, fileName=float-report.xlsx
2026-09-22 17:12:52 INFO  [http-nio-0.0.0.0-8081-exec-7] AuditLogServiceImpl - Audit log stored. auditId=748, userId=7, username=RakeshKumar@112
2026-09-22 17:12:52 INFO  [http-nio-0.0.0.0-8081-exec-7] AuditAspect - Audited successful method. class=ReportServiceImpl, method=generateReport, action=GENERATE_REPORT, screen=REPORTS, screenId=11, userId=7, username=RakeshKumar@112
2026-09-22 17:12:58 INFO  [http-nio-0.0.0.0-8081-exec-10] NotificationServiceImpl - Notification created successfully. notificationId=184, userId=7
2026-09-22 17:12:58 INFO  [http-nio-0.0.0.0-8081-exec-10] AuditLogServiceImpl - Audit log stored. auditId=749, userId=7, username=RakeshKumar@112
2026-09-22 17:12:58 INFO  [http-nio-0.0.0.0-8081-exec-10] AuditAspect - Audited successful method. class=NotificationServiceImpl, method=createNotification, action=CREATE_NOTIFICATION, screen=NOTIFICATIONS, screenId=null, userId=7, username=SYSTEM
2026-09-22 17:12:58 INFO  [http-nio-0.0.0.0-8081-exec-10] AuditLogServiceImpl - Audit log stored. auditId=750, userId=7, username=RakeshKumar@112
2026-09-22 17:12:58 INFO  [http-nio-0.0.0.0-8081-exec-10] AuditAspect - Audited successful method. class=FloatAnalysisServiceImpl, method=runFloatAnalysis, action=RUN_FLOAT_ANALYSIS, screen=FLOAT_ANALYSIS, screenId=11, userId=7, username=RakeshKumar@112
2026-09-22 17:12:58 INFO  [http-nio-0.0.0.0-8081-exec-10] NotificationServiceImpl - Notification created successfully. notificationId=185, userId=7
2026-09-22 17:12:58 INFO  [http-nio-0.0.0.0-8081-exec-10] AuditLogServiceImpl - Audit log stored. auditId=751, userId=7, username=RakeshKumar@112
2026-09-22 17:12:58 INFO  [http-nio-0.0.0.0-8081-exec-10] AuditAspect - Audited successful method. class=NotificationServiceImpl, method=createNotification, action=CREATE_NOTIFICATION, screen=NOTIFICATIONS, screenId=null, userId=7, username=SYSTEM
2026-09-22 17:12:58 INFO  [http-nio-0.0.0.0-8081-exec-10] ReportServiceImpl - Report generated successfully. projectId=11, reportType=FLOAT, exportFormat=CSV, fileName=float-report.csv
2026-09-22 17:12:58 INFO  [http-nio-0.0.0.0-8081-exec-10] AuditLogServiceImpl - Audit log stored. auditId=752, userId=7, username=RakeshKumar@112
2026-09-22 17:12:58 INFO  [http-nio-0.0.0.0-8081-exec-10] AuditAspect - Audited successful method. class=ReportServiceImpl, method=generateReport, action=GENERATE_REPORT, screen=REPORTS, screenId=11, userId=7, username=RakeshKumar@112
2026-09-22 17:13:03 INFO  [http-nio-0.0.0.0-8081-exec-8] NotificationServiceImpl - Notifications fetched for userId=7. page=0, size=10, totalElements=32
2026-09-22 17:13:05 INFO  [http-nio-0.0.0.0-8081-exec-1] NotificationServiceImpl - Notification marked as read. notificationId=179, userId=7
2026-09-22 17:13:05 INFO  [http-nio-0.0.0.0-8081-exec-1] AuditLogServiceImpl - Audit log stored. auditId=753, userId=7, username=RakeshKumar@112
2026-09-22 17:13:05 INFO  [http-nio-0.0.0.0-8081-exec-1] AuditAspect - Audited successful method. class=NotificationServiceImpl, method=markAsRead, action=MARK_NOTIFICATION_READ, screen=NOTIFICATIONS, screenId=179, userId=7, username=RakeshKumar@112
2026-09-22 17:13:05 INFO  [http-nio-0.0.0.0-8081-exec-4] NotificationServiceImpl - Notifications fetched for userId=7. page=0, size=10, totalElements=32
2026-09-22 17:13:09 INFO  [http-nio-0.0.0.0-8081-exec-5] NotificationServiceImpl - Notifications fetched for userId=7. page=0, size=10, totalElements=32
2026-09-22 17:13:11 INFO  [http-nio-0.0.0.0-8081-exec-7] NotificationServiceImpl - Notifications fetched for userId=7. page=0, size=10, totalElements=32
2026-09-22 17:13:18 INFO  [http-nio-0.0.0.0-8081-exec-10] NotificationServiceImpl - Notifications fetched for userId=7. page=0, size=10, totalElements=32
2026-09-22 17:13:24 INFO  [http-nio-0.0.0.0-8081-exec-8] DashboardServiceImpl - Project Manager dashboard fetched. userId=7, totalProjects=1, totalActivities=2, totalDependencies=1
2026-09-22 17:13:30 INFO  [http-nio-0.0.0.0-8081-exec-6] NotificationServiceImpl - Notifications fetched for userId=7. page=0, size=10, totalElements=31
2026-09-22 17:13:32 INFO  [http-nio-0.0.0.0-8081-exec-5] NotificationServiceImpl - Notifications fetched for userId=7. page=0, size=10, totalElements=1
2026-09-22 17:13:36 INFO  [http-nio-0.0.0.0-8081-exec-9] NotificationServiceImpl - Notifications fetched for userId=7. page=0, size=10, totalElements=31
2026-09-22 17:14:02 INFO  [http-nio-0.0.0.0-8081-exec-1] AuditLogServiceImpl - Audit log stored. auditId=754, userId=7, username=RakeshKumar@112
2026-09-22 17:14:02 ERROR [http-nio-0.0.0.0-8081-exec-1] AuditAspect - Audited method failed. class=ActivityServiceImpl, method=deleteActivity, action=DELETE_ACTIVITY, screen=ACTIVITIES, screenId=null, userId=7, username=RakeshKumar@112, error=Activity cannot be deleted because it contains Dependencies. Please delete all dependencies first.
com.induspathfinder.app.exception.BadRequestException: Activity cannot be deleted because it contains Dependencies. Please delete all dependencies first.
	at com.induspathfinder.app.serviceimpl.ActivityServiceImpl.deleteActivity(ActivityServiceImpl.java:267)
	at java.base/jdk.internal.reflect.DirectMethodHandleAccessor.invoke(DirectMethodHandleAccessor.java:103)
	at java.base/java.lang.reflect.Method.invoke(Method.java:580)
	at org.springframework.aop.support.AopUtils.invokeJoinpointUsingReflection(AopUtils.java:359)
	at org.springframework.aop.framework.ReflectiveMethodInvocation.invokeJoinpoint(ReflectiveMethodInvocation.java:190)
	at org.springframework.aop.framework.ReflectiveMethodInvocation.proceed(ReflectiveMethodInvocation.java:158)
	at org.springframework.aop.aspectj.MethodInvocationProceedingJoinPoint.proceed(MethodInvocationProceedingJoinPoint.java:82)
	at com.induspathfinder.app.aop.AuditAspect.auditMethod(AuditAspect.java:67)
	at java.base/jdk.internal.reflect.DirectMethodHandleAccessor.invoke(DirectMethodHandleAccessor.java:103)
	at java.base/java.lang.reflect.Method.invoke(Method.java:580)
	at org.springframework.aop.aspectj.AbstractAspectJAdvice.invokeAdviceMethodWithGivenArgs(AbstractAspectJAdvice.java:648)
	at org.springframework.aop.aspectj.AbstractAspectJAdvice.invokeAdviceMethod(AbstractAspectJAdvice.java:630)
	at org.springframework.aop.aspectj.AspectJAroundAdvice.invoke(AspectJAroundAdvice.java:70)
	at org.springframework.aop.framework.ReflectiveMethodInvocation.proceed(ReflectiveMethodInvocation.java:168)
	at org.springframework.transaction.interceptor.TransactionInterceptor$1.proceedWithInvocation(TransactionInterceptor.java:133)
	at org.springframework.transaction.interceptor.TransactionAspectSupport.invokeWithinTransaction(TransactionAspectSupport.java:371)
	at org.springframework.transaction.interceptor.TransactionInterceptor.invoke(TransactionInterceptor.java:130)
	at org.springframework.aop.framework.ReflectiveMethodInvocation.proceed(ReflectiveMethodInvocation.java:179)
	at org.springframework.aop.interceptor.ExposeInvocationInterceptor.invoke(ExposeInvocationInterceptor.java:96)
	at org.springframework.aop.framework.ReflectiveMethodInvocation.proceed(ReflectiveMethodInvocation.java:179)
	at org.springframework.aop.framework.CglibAopProxy$DynamicAdvisedInterceptor.intercept(CglibAopProxy.java:719)
	at com.induspathfinder.app.serviceimpl.ActivityServiceImpl$$SpringCGLIB$$0.deleteActivity(<generated>)
	at com.induspathfinder.app.controller.ActivityController.deleteActivity(ActivityController.java:68)
	at java.base/jdk.internal.reflect.DirectMethodHandleAccessor.invoke(DirectMethodHandleAccessor.java:103)
	at java.base/java.lang.reflect.Method.invoke(Method.java:580)
	at org.springframework.web.method.support.InvocableHandlerMethod.doInvoke(InvocableHandlerMethod.java:252)
	at org.springframework.web.method.support.InvocableHandlerMethod.invokeForRequest(InvocableHandlerMethod.java:184)
	at org.springframework.web.servlet.mvc.method.annotation.ServletInvocableHandlerMethod.invokeAndHandle(ServletInvocableHandlerMethod.java:117)
	at org.springframework.web.servlet.mvc.method.annotation.RequestMappingHandlerAdapter.invokeHandlerMethod(RequestMappingHandlerAdapter.java:934)
	at org.springframework.web.servlet.mvc.method.annotation.RequestMappingHandlerAdapter.handleInternal(RequestMappingHandlerAdapter.java:853)
	at org.springframework.web.servlet.mvc.method.AbstractHandlerMethodAdapter.handle(AbstractHandlerMethodAdapter.java:86)
	at org.springframework.web.servlet.DispatcherServlet.doDispatch(DispatcherServlet.java:963)
	at org.springframework.web.servlet.DispatcherServlet.doService(DispatcherServlet.java:866)
	at org.springframework.web.servlet.FrameworkServlet.processRequest(FrameworkServlet.java:1000)
	at org.springframework.web.servlet.FrameworkServlet.doDelete(FrameworkServlet.java:925)
	at jakarta.servlet.http.HttpServlet.service(HttpServlet.java:651)
	at org.springframework.web.servlet.FrameworkServlet.service(FrameworkServlet.java:874)
	at jakarta.servlet.http.HttpServlet.service(HttpServlet.java:710)
	at org.apache.catalina.core.ApplicationFilterChain.doFilter(ApplicationFilterChain.java:128)
	at org.apache.tomcat.websocket.server.WsFilter.doFilter(WsFilter.java:53)
	at org.apache.catalina.core.ApplicationFilterChain.doFilter(ApplicationFilterChain.java:107)
	at org.springframework.web.filter.OncePerRequestFilter.doFilter(OncePerRequestFilter.java:110)
	at org.apache.catalina.core.ApplicationFilterChain.doFilter(ApplicationFilterChain.java:107)
	at org.springframework.web.filter.CompositeFilter$VirtualFilterChain.doFilter(CompositeFilter.java:108)
	at org.springframework.security.web.FilterChainProxy.lambda$doFilterInternal$2(FilterChainProxy.java:235)
	at org.springframework.security.web.FilterChainProxy$VirtualFilterChain.doFilter(FilterChainProxy.java:376)
	at org.springframework.security.web.access.intercept.AuthorizationFilter.doFilter(AuthorizationFilter.java:101)
	at org.springframework.security.web.FilterChainProxy$VirtualFilterChain.doFilter(FilterChainProxy.java:385)
	at org.springframework.security.web.access.ExceptionTranslationFilter.doFilter(ExceptionTranslationFilter.java:126)
	at org.springframework.security.web.access.ExceptionTranslationFilter.doFilter(ExceptionTranslationFilter.java:120)
	at org.springframework.security.web.FilterChainProxy$VirtualFilterChain.doFilter(FilterChainProxy.java:385)
	at org.springframework.security.web.session.SessionManagementFilter.doFilter(SessionManagementFilter.java:132)
	at org.springframework.security.web.session.SessionManagementFilter.doFilter(SessionManagementFilter.java:86)
	at org.springframework.security.web.FilterChainProxy$VirtualFilterChain.doFilter(FilterChainProxy.java:385)
	at org.springframework.security.web.authentication.AnonymousAuthenticationFilter.doFilter(AnonymousAuthenticationFilter.java:100)
	at org.springframework.security.web.FilterChainProxy$VirtualFilterChain.doFilter(FilterChainProxy.java:385)
	at org.springframework.security.web.servletapi.SecurityContextHolderAwareRequestFilter.doFilter(SecurityContextHolderAwareRequestFilter.java:181)
	at org.springframework.security.web.FilterChainProxy$VirtualFilterChain.doFilter(FilterChainProxy.java:385)
	at org.springframework.security.web.savedrequest.RequestCacheAwareFilter.doFilter(RequestCacheAwareFilter.java:63)
	at org.springframework.security.web.FilterChainProxy$VirtualFilterChain.doFilter(FilterChainProxy.java:385)
	at com.induspathfinder.app.security.JwtAuthenticationFilter.doFilterInternal(JwtAuthenticationFilter.java:77)
	at org.springframework.web.filter.OncePerRequestFilter.doFilter(OncePerRequestFilter.java:116)
	at org.springframework.security.web.FilterChainProxy$VirtualFilterChain.doFilter(FilterChainProxy.java:385)
	at org.springframework.security.web.authentication.logout.LogoutFilter.doFilter(LogoutFilter.java:110)
	at org.springframework.security.web.authentication.logout.LogoutFilter.doFilter(LogoutFilter.java:96)
	at org.springframework.security.web.FilterChainProxy$VirtualFilterChain.doFilter(FilterChainProxy.java:385)
	at org.springframework.web.filter.CorsFilter.doFilterInternal(CorsFilter.java:91)
	at org.springframework.web.filter.OncePerRequestFilter.doFilter(OncePerRequestFilter.java:116)
	at org.springframework.security.web.FilterChainProxy$VirtualFilterChain.doFilter(FilterChainProxy.java:385)
	at org.springframework.security.web.header.HeaderWriterFilter.doHeadersAfter(HeaderWriterFilter.java:90)
	at org.springframework.security.web.header.HeaderWriterFilter.doFilterInternal(HeaderWriterFilter.java:75)
	at org.springframework.web.filter.OncePerRequestFilter.doFilter(OncePerRequestFilter.java:116)
	at org.springframework.security.web.FilterChainProxy$VirtualFilterChain.doFilter(FilterChainProxy.java:385)
	at org.springframework.security.web.context.SecurityContextHolderFilter.doFilter(SecurityContextHolderFilter.java:82)
	at org.springframework.security.web.context.SecurityContextHolderFilter.doFilter(SecurityContextHolderFilter.java:69)
	at org.springframework.security.web.FilterChainProxy$VirtualFilterChain.doFilter(FilterChainProxy.java:385)
	at org.springframework.security.web.context.request.async.WebAsyncManagerIntegrationFilter.doFilterInternal(WebAsyncManagerIntegrationFilter.java:62)
	at org.springframework.web.filter.OncePerRequestFilter.doFilter(OncePerRequestFilter.java:116)
	at org.springframework.security.web.FilterChainProxy$VirtualFilterChain.doFilter(FilterChainProxy.java:385)
	at org.springframework.security.web.session.DisableEncodeUrlFilter.doFilterInternal(DisableEncodeUrlFilter.java:42)
	at org.springframework.web.filter.OncePerRequestFilter.doFilter(OncePerRequestFilter.java:116)
	at org.springframework.security.web.FilterChainProxy$VirtualFilterChain.doFilter(FilterChainProxy.java:385)
	at org.springframework.security.web.FilterChainProxy.doFilterInternal(FilterChainProxy.java:237)
	at org.springframework.security.web.FilterChainProxy.doFilter(FilterChainProxy.java:195)
	at org.springframework.web.filter.CompositeFilter$VirtualFilterChain.doFilter(CompositeFilter.java:113)
	at org.springframework.web.filter.ServletRequestPathFilter.doFilter(ServletRequestPathFilter.java:52)
	at org.springframework.web.filter.CompositeFilter$VirtualFilterChain.doFilter(CompositeFilter.java:113)
	at org.springframework.web.filter.CompositeFilter.doFilter(CompositeFilter.java:74)
	at org.springframework.security.config.annotation.web.configuration.WebSecurityConfiguration$CompositeFilterChainProxy.doFilter(WebSecurityConfiguration.java:317)
	at org.springframework.web.filter.DelegatingFilterProxy.invokeDelegate(DelegatingFilterProxy.java:355)
	at org.springframework.web.filter.DelegatingFilterProxy.doFilter(DelegatingFilterProxy.java:272)
	at org.apache.catalina.core.ApplicationFilterChain.doFilter(ApplicationFilterChain.java:107)
	at org.springframework.web.filter.RequestContextFilter.doFilterInternal(RequestContextFilter.java:100)
	at org.springframework.web.filter.OncePerRequestFilter.doFilter(OncePerRequestFilter.java:116)
	at org.apache.catalina.core.ApplicationFilterChain.doFilter(ApplicationFilterChain.java:107)
	at org.springframework.web.filter.FormContentFilter.doFilterInternal(FormContentFilter.java:93)
	at org.springframework.web.filter.OncePerRequestFilter.doFilter(OncePerRequestFilter.java:116)
	at org.apache.catalina.core.ApplicationFilterChain.doFilter(ApplicationFilterChain.java:107)
	at org.springframework.web.filter.CharacterEncodingFilter.doFilterInternal(CharacterEncodingFilter.java:199)
	at org.springframework.web.filter.OncePerRequestFilter.doFilter(OncePerRequestFilter.java:116)
	at org.apache.catalina.core.ApplicationFilterChain.doFilter(ApplicationFilterChain.java:107)
	at org.apache.catalina.core.StandardWrapperValve.invoke(StandardWrapperValve.java:165)
	at org.apache.catalina.core.StandardContextValve.invoke(StandardContextValve.java:77)
	at org.apache.catalina.authenticator.AuthenticatorBase.invoke(AuthenticatorBase.java:492)
	at org.apache.catalina.core.StandardHostValve.invoke(StandardHostValve.java:113)
	at org.apache.catalina.valves.ErrorReportValve.invoke(ErrorReportValve.java:83)
	at org.apache.catalina.core.StandardEngineValve.invoke(StandardEngineValve.java:72)
	at org.apache.catalina.connector.CoyoteAdapter.service(CoyoteAdapter.java:341)
	at org.apache.coyote.http11.Http11Processor.service(Http11Processor.java:397)
	at org.apache.coyote.AbstractProcessorLight.process(AbstractProcessorLight.java:63)
	at org.apache.coyote.AbstractProtocol$ConnectionHandler.process(AbstractProtocol.java:1272)
	at org.apache.tomcat.util.net.NioEndpoint$SocketProcessor.doRun(NioEndpoint.java:1801)
	at org.apache.tomcat.util.net.SocketProcessorBase.run(SocketProcessorBase.java:52)
	at org.apache.tomcat.util.threads.ThreadPoolExecutor.runWorker(ThreadPoolExecutor.java:946)
	at org.apache.tomcat.util.threads.ThreadPoolExecutor$Worker.run(ThreadPoolExecutor.java:480)
	at org.apache.tomcat.util.threads.TaskThread$WrappingRunnable.run(TaskThread.java:57)
	at java.base/java.lang.Thread.run(Thread.java:1583)
2026-09-22 17:14:02 WARN  [http-nio-0.0.0.0-8081-exec-1] ExceptionHandlerExceptionResolver - Resolved [com.induspathfinder.app.exception.BadRequestException: Activity cannot be deleted because it contains Dependencies. Please delete all dependencies first.]
2026-09-22 17:14:09 INFO  [http-nio-0.0.0.0-8081-exec-6] AuditLogServiceImpl - Audit log stored. auditId=755, userId=7, username=RakeshKumar@112
2026-09-22 17:14:09 INFO  [http-nio-0.0.0.0-8081-exec-6] AuditAspect - Audited successful method. class=ActivityServiceImpl, method=updateActivity, action=UPDATE_ACTIVITY, screen=ACTIVITIES, screenId=null, userId=7, username=RakeshKumar@112
2026-09-22 17:14:21 INFO  [http-nio-0.0.0.0-8081-exec-5] AuditLogServiceImpl - Audit log stored. auditId=756, userId=7, username=RakeshKumar@112
2026-09-22 17:14:21 INFO  [http-nio-0.0.0.0-8081-exec-5] AuditAspect - Audited successful method. class=DependencyServiceImpl, method=updateDependency, action=UPDATE_DEPENDENCY, screen=DEPENDENCIES, screenId=28, userId=7, username=RakeshKumar@112
2026-09-22 17:14:36 INFO  [http-nio-0.0.0.0-8081-exec-3] NotificationServiceImpl - Notifications fetched for userId=7. page=0, size=10, totalElements=31
2026-09-22 17:14:45 INFO  [http-nio-0.0.0.0-8081-exec-1] DashboardServiceImpl - Project Manager dashboard fetched. userId=7, totalProjects=1, totalActivities=2, totalDependencies=1
2026-09-22 17:15:05 WARN  [http-nio-0.0.0.0-8081-exec-5] AuditAspect - Unable to evaluate audit numeric expression. expression=#result.userId, error=EL1007E: Property or field 'userId' cannot be found on null
2026-09-22 17:15:05 WARN  [http-nio-0.0.0.0-8081-exec-5] AuditAspect - Unable to evaluate audit numeric expression. expression=#result.userId, error=EL1007E: Property or field 'userId' cannot be found on null
2026-09-22 17:15:05 WARN  [http-nio-0.0.0.0-8081-exec-5] AuditAspect - Unable to evaluate audit text expression. expression=#result.userName, error=EL1007E: Property or field 'userName' cannot be found on null
2026-09-22 17:15:05 INFO  [http-nio-0.0.0.0-8081-exec-5] AuditLogServiceImpl - Audit log stored. auditId=757, userId=null, username=SYSTEM
2026-09-22 17:15:05 ERROR [http-nio-0.0.0.0-8081-exec-5] AuditAspect - Audited method failed. class=AuthServiceImpl, method=login, action=LOGIN, screen=AUTHENTICATION, screenId=null, userId=null, username=SYSTEM, error=Invalid Email or Password
com.induspathfinder.app.exception.ResourceNotFoundException: Invalid Email or Password
	at com.induspathfinder.app.serviceimpl.AuthServiceImpl.lambda$1(AuthServiceImpl.java:237)
	at java.base/java.util.Optional.orElseThrow(Optional.java:403)
	at com.induspathfinder.app.serviceimpl.AuthServiceImpl.login(AuthServiceImpl.java:236)
	at java.base/jdk.internal.reflect.DirectMethodHandleAccessor.invoke(DirectMethodHandleAccessor.java:103)
	at java.base/java.lang.reflect.Method.invoke(Method.java:580)
	at org.springframework.aop.support.AopUtils.invokeJoinpointUsingReflection(AopUtils.java:359)
	at org.springframework.aop.framework.ReflectiveMethodInvocation.invokeJoinpoint(ReflectiveMethodInvocation.java:190)
	at org.springframework.aop.framework.ReflectiveMethodInvocation.proceed(ReflectiveMethodInvocation.java:158)
	at org.springframework.aop.aspectj.MethodInvocationProceedingJoinPoint.proceed(MethodInvocationProceedingJoinPoint.java:82)
	at com.induspathfinder.app.aop.AuditAspect.auditMethod(AuditAspect.java:67)
	at java.base/jdk.internal.reflect.DirectMethodHandleAccessor.invoke(DirectMethodHandleAccessor.java:103)
	at java.base/java.lang.reflect.Method.invoke(Method.java:580)
	at org.springframework.aop.aspectj.AbstractAspectJAdvice.invokeAdviceMethodWithGivenArgs(AbstractAspectJAdvice.java:648)
	at org.springframework.aop.aspectj.AbstractAspectJAdvice.invokeAdviceMethod(AbstractAspectJAdvice.java:630)
	at org.springframework.aop.aspectj.AspectJAroundAdvice.invoke(AspectJAroundAdvice.java:70)
	at org.springframework.aop.framework.ReflectiveMethodInvocation.proceed(ReflectiveMethodInvocation.java:168)
	at org.springframework.transaction.interceptor.TransactionInterceptor$1.proceedWithInvocation(TransactionInterceptor.java:133)
	at org.springframework.transaction.interceptor.TransactionAspectSupport.invokeWithinTransaction(TransactionAspectSupport.java:371)
	at org.springframework.transaction.interceptor.TransactionInterceptor.invoke(TransactionInterceptor.java:130)
	at org.springframework.aop.framework.ReflectiveMethodInvocation.proceed(ReflectiveMethodInvocation.java:179)
	at org.springframework.aop.interceptor.ExposeInvocationInterceptor.invoke(ExposeInvocationInterceptor.java:96)
	at org.springframework.aop.framework.ReflectiveMethodInvocation.proceed(ReflectiveMethodInvocation.java:179)
	at org.springframework.aop.framework.CglibAopProxy$DynamicAdvisedInterceptor.intercept(CglibAopProxy.java:719)
	at com.induspathfinder.app.serviceimpl.AuthServiceImpl$$SpringCGLIB$$0.login(<generated>)
	at com.induspathfinder.app.controller.AuthController.login(AuthController.java:43)
	at java.base/jdk.internal.reflect.DirectMethodHandleAccessor.invoke(DirectMethodHandleAccessor.java:103)
	at java.base/java.lang.reflect.Method.invoke(Method.java:580)
	at org.springframework.aop.support.AopUtils.invokeJoinpointUsingReflection(AopUtils.java:359)
	at org.springframework.aop.framework.ReflectiveMethodInvocation.invokeJoinpoint(ReflectiveMethodInvocation.java:190)
	at org.springframework.aop.framework.ReflectiveMethodInvocation.proceed(ReflectiveMethodInvocation.java:158)
	at org.springframework.validation.beanvalidation.MethodValidationInterceptor.invoke(MethodValidationInterceptor.java:172)
	at org.springframework.aop.framework.ReflectiveMethodInvocation.proceed(ReflectiveMethodInvocation.java:179)
	at org.springframework.aop.framework.CglibAopProxy$DynamicAdvisedInterceptor.intercept(CglibAopProxy.java:719)
	at com.induspathfinder.app.controller.AuthController$$SpringCGLIB$$0.login(<generated>)
	at java.base/jdk.internal.reflect.DirectMethodHandleAccessor.invoke(DirectMethodHandleAccessor.java:103)
	at java.base/java.lang.reflect.Method.invoke(Method.java:580)
	at org.springframework.web.method.support.InvocableHandlerMethod.doInvoke(InvocableHandlerMethod.java:252)
	at org.springframework.web.method.support.InvocableHandlerMethod.invokeForRequest(InvocableHandlerMethod.java:184)
	at org.springframework.web.servlet.mvc.method.annotation.ServletInvocableHandlerMethod.invokeAndHandle(ServletInvocableHandlerMethod.java:117)
	at org.springframework.web.servlet.mvc.method.annotation.RequestMappingHandlerAdapter.invokeHandlerMethod(RequestMappingHandlerAdapter.java:934)
	at org.springframework.web.servlet.mvc.method.annotation.RequestMappingHandlerAdapter.handleInternal(RequestMappingHandlerAdapter.java:853)
	at org.springframework.web.servlet.mvc.method.AbstractHandlerMethodAdapter.handle(AbstractHandlerMethodAdapter.java:86)
	at org.springframework.web.servlet.DispatcherServlet.doDispatch(DispatcherServlet.java:963)
	at org.springframework.web.servlet.DispatcherServlet.doService(DispatcherServlet.java:866)
	at org.springframework.web.servlet.FrameworkServlet.processRequest(FrameworkServlet.java:1000)
	at org.springframework.web.servlet.FrameworkServlet.doPost(FrameworkServlet.java:903)
	at jakarta.servlet.http.HttpServlet.service(HttpServlet.java:649)
	at org.springframework.web.servlet.FrameworkServlet.service(FrameworkServlet.java:874)
	at jakarta.servlet.http.HttpServlet.service(HttpServlet.java:710)
	at org.apache.catalina.core.ApplicationFilterChain.doFilter(ApplicationFilterChain.java:128)
	at org.apache.tomcat.websocket.server.WsFilter.doFilter(WsFilter.java:53)
	at org.apache.catalina.core.ApplicationFilterChain.doFilter(ApplicationFilterChain.java:107)
	at org.springframework.web.filter.OncePerRequestFilter.doFilter(OncePerRequestFilter.java:110)
	at org.apache.catalina.core.ApplicationFilterChain.doFilter(ApplicationFilterChain.java:107)
	at org.springframework.web.filter.CompositeFilter$VirtualFilterChain.doFilter(CompositeFilter.java:108)
	at org.springframework.security.web.FilterChainProxy.lambda$doFilterInternal$2(FilterChainProxy.java:235)
	at org.springframework.security.web.FilterChainProxy$VirtualFilterChain.doFilter(FilterChainProxy.java:376)
	at org.springframework.security.web.access.intercept.AuthorizationFilter.doFilter(AuthorizationFilter.java:101)
	at org.springframework.security.web.FilterChainProxy$VirtualFilterChain.doFilter(FilterChainProxy.java:385)
	at org.springframework.security.web.access.ExceptionTranslationFilter.doFilter(ExceptionTranslationFilter.java:126)
	at org.springframework.security.web.access.ExceptionTranslationFilter.doFilter(ExceptionTranslationFilter.java:120)
	at org.springframework.security.web.FilterChainProxy$VirtualFilterChain.doFilter(FilterChainProxy.java:385)
	at org.springframework.security.web.session.SessionManagementFilter.doFilter(SessionManagementFilter.java:132)
	at org.springframework.security.web.session.SessionManagementFilter.doFilter(SessionManagementFilter.java:86)
	at org.springframework.security.web.FilterChainProxy$VirtualFilterChain.doFilter(FilterChainProxy.java:385)
	at org.springframework.security.web.authentication.AnonymousAuthenticationFilter.doFilter(AnonymousAuthenticationFilter.java:100)
	at org.springframework.security.web.FilterChainProxy$VirtualFilterChain.doFilter(FilterChainProxy.java:385)
	at org.springframework.security.web.servletapi.SecurityContextHolderAwareRequestFilter.doFilter(SecurityContextHolderAwareRequestFilter.java:181)
	at org.springframework.security.web.FilterChainProxy$VirtualFilterChain.doFilter(FilterChainProxy.java:385)
	at org.springframework.security.web.savedrequest.RequestCacheAwareFilter.doFilter(RequestCacheAwareFilter.java:63)
	at org.springframework.security.web.FilterChainProxy$VirtualFilterChain.doFilter(FilterChainProxy.java:385)
	at com.induspathfinder.app.security.JwtAuthenticationFilter.doFilterInternal(JwtAuthenticationFilter.java:77)
	at org.springframework.web.filter.OncePerRequestFilter.doFilter(OncePerRequestFilter.java:116)
	at org.springframework.security.web.FilterChainProxy$VirtualFilterChain.doFilter(FilterChainProxy.java:385)
	at org.springframework.security.web.authentication.logout.LogoutFilter.doFilter(LogoutFilter.java:110)
	at org.springframework.security.web.authentication.logout.LogoutFilter.doFilter(LogoutFilter.java:96)
	at org.springframework.security.web.FilterChainProxy$VirtualFilterChain.doFilter(FilterChainProxy.java:385)
	at org.springframework.web.filter.CorsFilter.doFilterInternal(CorsFilter.java:91)
	at org.springframework.web.filter.OncePerRequestFilter.doFilter(OncePerRequestFilter.java:116)
	at org.springframework.security.web.FilterChainProxy$VirtualFilterChain.doFilter(FilterChainProxy.java:385)
	at org.springframework.security.web.header.HeaderWriterFilter.doHeadersAfter(HeaderWriterFilter.java:90)
	at org.springframework.security.web.header.HeaderWriterFilter.doFilterInternal(HeaderWriterFilter.java:75)
	at org.springframework.web.filter.OncePerRequestFilter.doFilter(OncePerRequestFilter.java:116)
	at org.springframework.security.web.FilterChainProxy$VirtualFilterChain.doFilter(FilterChainProxy.java:385)
	at org.springframework.security.web.context.SecurityContextHolderFilter.doFilter(SecurityContextHolderFilter.java:82)
	at org.springframework.security.web.context.SecurityContextHolderFilter.doFilter(SecurityContextHolderFilter.java:69)
	at org.springframework.security.web.FilterChainProxy$VirtualFilterChain.doFilter(FilterChainProxy.java:385)
	at org.springframework.security.web.context.request.async.WebAsyncManagerIntegrationFilter.doFilterInternal(WebAsyncManagerIntegrationFilter.java:62)
	at org.springframework.web.filter.OncePerRequestFilter.doFilter(OncePerRequestFilter.java:116)
	at org.springframework.security.web.FilterChainProxy$VirtualFilterChain.doFilter(FilterChainProxy.java:385)
	at org.springframework.security.web.session.DisableEncodeUrlFilter.doFilterInternal(DisableEncodeUrlFilter.java:42)
	at org.springframework.web.filter.OncePerRequestFilter.doFilter(OncePerRequestFilter.java:116)
	at org.springframework.security.web.FilterChainProxy$VirtualFilterChain.doFilter(FilterChainProxy.java:385)
	at org.springframework.security.web.FilterChainProxy.doFilterInternal(FilterChainProxy.java:237)
	at org.springframework.security.web.FilterChainProxy.doFilter(FilterChainProxy.java:195)
	at org.springframework.web.filter.CompositeFilter$VirtualFilterChain.doFilter(CompositeFilter.java:113)
	at org.springframework.web.filter.ServletRequestPathFilter.doFilter(ServletRequestPathFilter.java:52)
	at org.springframework.web.filter.CompositeFilter$VirtualFilterChain.doFilter(CompositeFilter.java:113)
	at org.springframework.web.filter.CompositeFilter.doFilter(CompositeFilter.java:74)
	at org.springframework.security.config.annotation.web.configuration.WebSecurityConfiguration$CompositeFilterChainProxy.doFilter(WebSecurityConfiguration.java:317)
	at org.springframework.web.filter.DelegatingFilterProxy.invokeDelegate(DelegatingFilterProxy.java:355)
	at org.springframework.web.filter.DelegatingFilterProxy.doFilter(DelegatingFilterProxy.java:272)
	at org.apache.catalina.core.ApplicationFilterChain.doFilter(ApplicationFilterChain.java:107)
	at org.springframework.web.filter.RequestContextFilter.doFilterInternal(RequestContextFilter.java:100)
	at org.springframework.web.filter.OncePerRequestFilter.doFilter(OncePerRequestFilter.java:116)
	at org.apache.catalina.core.ApplicationFilterChain.doFilter(ApplicationFilterChain.java:107)
	at org.springframework.web.filter.FormContentFilter.doFilterInternal(FormContentFilter.java:93)
	at org.springframework.web.filter.OncePerRequestFilter.doFilter(OncePerRequestFilter.java:116)
	at org.apache.catalina.core.ApplicationFilterChain.doFilter(ApplicationFilterChain.java:107)
	at org.springframework.web.filter.CharacterEncodingFilter.doFilterInternal(CharacterEncodingFilter.java:199)
	at org.springframework.web.filter.OncePerRequestFilter.doFilter(OncePerRequestFilter.java:116)
	at org.apache.catalina.core.ApplicationFilterChain.doFilter(ApplicationFilterChain.java:107)
	at org.apache.catalina.core.StandardWrapperValve.invoke(StandardWrapperValve.java:165)
	at org.apache.catalina.core.StandardContextValve.invoke(StandardContextValve.java:77)
	at org.apache.catalina.authenticator.AuthenticatorBase.invoke(AuthenticatorBase.java:492)
	at org.apache.catalina.core.StandardHostValve.invoke(StandardHostValve.java:113)
	at org.apache.catalina.valves.ErrorReportValve.invoke(ErrorReportValve.java:83)
	at org.apache.catalina.core.StandardEngineValve.invoke(StandardEngineValve.java:72)
	at org.apache.catalina.connector.CoyoteAdapter.service(CoyoteAdapter.java:341)
	at org.apache.coyote.http11.Http11Processor.service(Http11Processor.java:397)
	at org.apache.coyote.AbstractProcessorLight.process(AbstractProcessorLight.java:63)
	at org.apache.coyote.AbstractProtocol$ConnectionHandler.process(AbstractProtocol.java:1272)
	at org.apache.tomcat.util.net.NioEndpoint$SocketProcessor.doRun(NioEndpoint.java:1801)
	at org.apache.tomcat.util.net.SocketProcessorBase.run(SocketProcessorBase.java:52)
	at org.apache.tomcat.util.threads.ThreadPoolExecutor.runWorker(ThreadPoolExecutor.java:946)
	at org.apache.tomcat.util.threads.ThreadPoolExecutor$Worker.run(ThreadPoolExecutor.java:480)
	at org.apache.tomcat.util.threads.TaskThread$WrappingRunnable.run(TaskThread.java:57)
	at java.base/java.lang.Thread.run(Thread.java:1583)
2026-09-22 17:15:05 WARN  [http-nio-0.0.0.0-8081-exec-5] ExceptionHandlerExceptionResolver - Resolved [com.induspathfinder.app.exception.ResourceNotFoundException: Invalid Email or Password]
2026-09-22 17:15:11 INFO  [http-nio-0.0.0.0-8081-exec-9] AuditLogServiceImpl - Audit log stored. auditId=758, userId=2, username=Manoj.dava
2026-09-22 17:15:11 INFO  [http-nio-0.0.0.0-8081-exec-9] AuditAspect - Audited successful method. class=AuthServiceImpl, method=login, action=LOGIN, screen=AUTHENTICATION, screenId=2, userId=2, username=Manoj.dava
2026-09-22 17:15:11 INFO  [http-nio-0.0.0.0-8081-exec-8] NotificationServiceImpl - Notifications fetched for userId=2. page=0, size=10, totalElements=1
2026-09-22 17:15:11 INFO  [http-nio-0.0.0.0-8081-exec-3] DashboardServiceImpl - Admin dashboard fetched. totalOrganizations=7, totalProjects=7
2026-09-22 17:16:11 INFO  [http-nio-0.0.0.0-8081-exec-9] NotificationServiceImpl - Notifications fetched for userId=2. page=0, size=10, totalElements=1
2026-09-22 17:17:11 INFO  [http-nio-0.0.0.0-8081-exec-4] NotificationServiceImpl - Notifications fetched for userId=2. page=0, size=10, totalElements=1
2026-09-22 17:18:11 INFO  [http-nio-0.0.0.0-8081-exec-9] NotificationServiceImpl - Notifications fetched for userId=2. page=0, size=10, totalElements=1
2026-09-22 17:19:11 INFO  [http-nio-0.0.0.0-8081-exec-9] NotificationServiceImpl - Notifications fetched for userId=2. page=0, size=10, totalElements=1
2026-09-22 17:20:04 INFO  [http-nio-0.0.0.0-8081-exec-5] AuditLogServiceImpl - Audit log stored. auditId=759, userId=2, username=Manoj.dava
2026-09-22 17:20:04 INFO  [http-nio-0.0.0.0-8081-exec-5] AuditAspect - Audited successful method. class=CategoryServiceImpl, method=createCategory, action=CREATE_CATEGORY, screen=CATEGORIES, screenId=7, userId=2, username=Manoj.dava
2026-09-22 17:20:11 INFO  [http-nio-0.0.0.0-8081-exec-10] NotificationServiceImpl - Notifications fetched for userId=2. page=0, size=10, totalElements=1
2026-09-22 17:20:13 INFO  [http-nio-0.0.0.0-8081-exec-3] AuditLogServiceImpl - Audit log stored. auditId=760, userId=2, username=Manoj.dava
2026-09-22 17:20:13 INFO  [http-nio-0.0.0.0-8081-exec-3] AuditAspect - Audited successful method. class=CategoryServiceImpl, method=updateCategory, action=UPDATE_CATEGORY, screen=CATEGORIES, screenId=7, userId=2, username=Manoj.dava
2026-09-22 17:20:32 INFO  [http-nio-0.0.0.0-8081-exec-5] AuditLogServiceImpl - Audit log stored. auditId=761, userId=2, username=Manoj.dava
2026-09-22 17:20:32 INFO  [http-nio-0.0.0.0-8081-exec-5] AuditAspect - Audited successful method. class=CategoryServiceImpl, method=updateCategory, action=UPDATE_CATEGORY, screen=CATEGORIES, screenId=7, userId=2, username=Manoj.dava
2026-09-22 17:20:45 INFO  [http-nio-0.0.0.0-8081-exec-10] AuditLogServiceImpl - Audit log stored. auditId=762, userId=2, username=Manoj.dava
2026-09-22 17:20:45 INFO  [http-nio-0.0.0.0-8081-exec-10] AuditAspect - Audited successful method. class=CategoryServiceImpl, method=updateCategory, action=UPDATE_CATEGORY, screen=CATEGORIES, screenId=7, userId=2, username=Manoj.dava
2026-09-22 17:20:51 INFO  [http-nio-0.0.0.0-8081-exec-1] AuditLogServiceImpl - Audit logs searched. page=0, size=10, totalElements=736
2026-09-22 17:21:09 INFO  [http-nio-0.0.0.0-8081-exec-5] AuditLogServiceImpl - Audit logs searched. page=0, size=10, totalElements=122
2026-09-22 17:21:10 INFO  [http-nio-0.0.0.0-8081-exec-7] AuditLogServiceImpl - Audit logs searched. page=0, size=10, totalElements=36
2026-09-22 17:21:12 INFO  [http-nio-0.0.0.0-8081-exec-2] NotificationServiceImpl - Notifications fetched for userId=2. page=0, size=10, totalElements=1
2026-09-22 17:21:29 INFO  [http-nio-0.0.0.0-8081-exec-8] AuditLogServiceImpl - Audit logs searched. page=0, size=10, totalElements=122
2026-09-22 17:21:29 INFO  [http-nio-0.0.0.0-8081-exec-3] AuditLogServiceImpl - Audit logs searched. page=0, size=10, totalElements=736
2026-09-22 17:21:31 INFO  [http-nio-0.0.0.0-8081-exec-4] AuditLogServiceImpl - Audit logs searched. page=0, size=10, totalElements=597
2026-09-22 17:21:32 INFO  [http-nio-0.0.0.0-8081-exec-1] AuditLogServiceImpl - Audit logs searched. page=0, size=10, totalElements=0
2026-09-22 17:21:38 INFO  [http-nio-0.0.0.0-8081-exec-5] AuditLogServiceImpl - Audit logs searched. page=0, size=10, totalElements=78
2026-09-22 17:21:41 INFO  [http-nio-0.0.0.0-8081-exec-7] AuditLogServiceImpl - Audit logs searched. page=0, size=10, totalElements=27
2026-09-22 17:21:42 INFO  [http-nio-0.0.0.0-8081-exec-9] AuditLogServiceImpl - Audit logs searched. page=0, size=10, totalElements=0
2026-09-22 17:21:42 INFO  [http-nio-0.0.0.0-8081-exec-2] AuditLogServiceImpl - Audit logs searched. page=0, size=10, totalElements=0
2026-09-22 17:21:42 INFO  [http-nio-0.0.0.0-8081-exec-10] AuditLogServiceImpl - Audit logs searched. page=0, size=10, totalElements=0
2026-09-22 17:21:47 INFO  [http-nio-0.0.0.0-8081-exec-3] AuditLogServiceImpl - Audit logs searched. page=0, size=10, totalElements=736
2026-09-22 17:21:50 INFO  [http-nio-0.0.0.0-8081-exec-4] AuditLogServiceImpl - Audit logs searched. page=0, size=10, totalElements=0
2026-09-22 17:21:52 INFO  [http-nio-0.0.0.0-8081-exec-6] AuditLogServiceImpl - Audit logs searched. page=0, size=10, totalElements=0
2026-09-22 17:22:03 INFO  [http-nio-0.0.0.0-8081-exec-7] AuditLogServiceImpl - Audit logs searched. page=0, size=10, totalElements=0
2026-09-22 17:22:03 INFO  [http-nio-0.0.0.0-8081-exec-9] AuditLogServiceImpl - Audit logs searched. page=0, size=10, totalElements=0
2026-09-22 17:22:12 INFO  [http-nio-0.0.0.0-8081-exec-10] NotificationServiceImpl - Notifications fetched for userId=2. page=0, size=10, totalElements=1
2026-09-22 17:22:12 INFO  [http-nio-0.0.0.0-8081-exec-3] AuditLogServiceImpl - Audit logs searched. page=0, size=10, totalElements=736
2026-09-22 17:23:24 INFO  [http-nio-0.0.0.0-8081-exec-1] AuditLogServiceImpl - Audit logs searched. page=0, size=10, totalElements=736
2026-09-22 17:23:36 INFO  [http-nio-0.0.0.0-8081-exec-5] NotificationServiceImpl - Notifications fetched for userId=2. page=0, size=10, totalElements=1
2026-09-22 17:23:55 INFO  [http-nio-0.0.0.0-8081-exec-9] AuditLogServiceImpl - Audit logs searched. page=0, size=10, totalElements=374
2026-09-22 17:23:56 INFO  [http-nio-0.0.0.0-8081-exec-2] AuditLogServiceImpl - Audit logs searched. page=0, size=10, totalElements=342
2026-09-22 17:23:56 INFO  [http-nio-0.0.0.0-8081-exec-10] AuditLogServiceImpl - Audit logs searched. page=0, size=10, totalElements=342
2026-09-22 17:23:57 INFO  [http-nio-0.0.0.0-8081-exec-8] AuditLogServiceImpl - Audit logs searched. page=0, size=10, totalElements=342
2026-09-22 17:23:57 INFO  [http-nio-0.0.0.0-8081-exec-3] AuditLogServiceImpl - Audit logs searched. page=0, size=10, totalElements=342
2026-09-22 17:23:57 INFO  [http-nio-0.0.0.0-8081-exec-4] AuditLogServiceImpl - Audit logs searched. page=0, size=10, totalElements=342
2026-09-22 17:23:57 INFO  [http-nio-0.0.0.0-8081-exec-1] AuditLogServiceImpl - Audit logs searched. page=0, size=10, totalElements=342
2026-09-22 17:23:57 INFO  [http-nio-0.0.0.0-8081-exec-6] AuditLogServiceImpl - Audit logs searched. page=0, size=10, totalElements=342
2026-09-22 17:23:57 INFO  [http-nio-0.0.0.0-8081-exec-5] AuditLogServiceImpl - Audit logs searched. page=0, size=10, totalElements=342
2026-09-22 17:23:57 INFO  [http-nio-0.0.0.0-8081-exec-7] AuditLogServiceImpl - Audit logs searched. page=0, size=10, totalElements=342
2026-09-22 17:23:57 INFO  [http-nio-0.0.0.0-8081-exec-9] AuditLogServiceImpl - Audit logs searched. page=0, size=10, totalElements=342
2026-09-22 17:23:57 INFO  [http-nio-0.0.0.0-8081-exec-2] AuditLogServiceImpl - Audit logs searched. page=0, size=10, totalElements=342
2026-09-22 17:23:57 INFO  [http-nio-0.0.0.0-8081-exec-10] AuditLogServiceImpl - Audit logs searched. page=0, size=10, totalElements=342
2026-09-22 17:23:57 INFO  [http-nio-0.0.0.0-8081-exec-8] AuditLogServiceImpl - Audit logs searched. page=0, size=10, totalElements=342
2026-09-22 17:23:57 INFO  [http-nio-0.0.0.0-8081-exec-3] AuditLogServiceImpl - Audit logs searched. page=0, size=10, totalElements=342
2026-09-22 17:23:57 INFO  [http-nio-0.0.0.0-8081-exec-4] AuditLogServiceImpl - Audit logs searched. page=0, size=10, totalElements=342
2026-09-22 17:23:57 INFO  [http-nio-0.0.0.0-8081-exec-1] AuditLogServiceImpl - Audit logs searched. page=0, size=10, totalElements=342
2026-09-22 17:23:57 INFO  [http-nio-0.0.0.0-8081-exec-6] AuditLogServiceImpl - Audit logs searched. page=0, size=10, totalElements=342
2026-09-22 17:23:57 INFO  [http-nio-0.0.0.0-8081-exec-5] AuditLogServiceImpl - Audit logs searched. page=0, size=10, totalElements=342
2026-09-22 17:23:57 INFO  [http-nio-0.0.0.0-8081-exec-7] AuditLogServiceImpl - Audit logs searched. page=0, size=10, totalElements=342
2026-09-22 17:23:57 INFO  [http-nio-0.0.0.0-8081-exec-9] AuditLogServiceImpl - Audit logs searched. page=0, size=10, totalElements=342
2026-09-22 17:23:58 INFO  [http-nio-0.0.0.0-8081-exec-8] AuditLogServiceImpl - Audit logs searched. page=0, size=10, totalElements=342
2026-09-22 17:23:58 INFO  [http-nio-0.0.0.0-8081-exec-10] AuditLogServiceImpl - Audit logs searched. page=0, size=10, totalElements=342
2026-09-22 17:23:58 INFO  [http-nio-0.0.0.0-8081-exec-2] AuditLogServiceImpl - Audit logs searched. page=0, size=10, totalElements=342
2026-09-22 17:23:58 INFO  [http-nio-0.0.0.0-8081-exec-3] AuditLogServiceImpl - Audit logs searched. page=0, size=10, totalElements=342
2026-09-22 17:23:58 INFO  [http-nio-0.0.0.0-8081-exec-4] AuditLogServiceImpl - Audit logs searched. page=0, size=10, totalElements=342
2026-09-22 17:24:00 INFO  [http-nio-0.0.0.0-8081-exec-1] AuditLogServiceImpl - Audit logs searched. page=0, size=10, totalElements=736
2026-09-22 17:24:08 INFO  [http-nio-0.0.0.0-8081-exec-5] AuditLogServiceImpl - Audit logs searched. page=0, size=10, totalElements=122
2026-09-22 17:24:09 INFO  [http-nio-0.0.0.0-8081-exec-7] AuditLogServiceImpl - Audit logs searched. page=0, size=10, totalElements=36
2026-09-22 17:24:09 INFO  [http-nio-0.0.0.0-8081-exec-9] AuditLogServiceImpl - Audit logs searched. page=0, size=10, totalElements=36
2026-09-22 17:24:09 INFO  [http-nio-0.0.0.0-8081-exec-8] AuditLogServiceImpl - Audit logs searched. page=0, size=10, totalElements=36
2026-09-22 17:24:10 INFO  [http-nio-0.0.0.0-8081-exec-10] AuditLogServiceImpl - Audit logs searched. page=0, size=10, totalElements=36
2026-09-22 17:24:10 INFO  [http-nio-0.0.0.0-8081-exec-2] AuditLogServiceImpl - Audit logs searched. page=0, size=10, totalElements=36
2026-09-22 17:24:16 INFO  [http-nio-0.0.0.0-8081-exec-4] AuditLogServiceImpl - Audit logs searched. page=0, size=10, totalElements=0
2026-09-22 17:24:16 INFO  [http-nio-0.0.0.0-8081-exec-1] AuditLogServiceImpl - Audit logs searched. page=0, size=10, totalElements=0
2026-09-22 17:24:27 INFO  [http-nio-0.0.0.0-8081-exec-5] AuditLogServiceImpl - Audit logs searched. page=0, size=50, totalElements=36
2026-09-22 17:24:36 INFO  [http-nio-0.0.0.0-8081-exec-9] NotificationServiceImpl - Notifications fetched for userId=2. page=0, size=10, totalElements=1
2026-09-22 17:24:39 INFO  [http-nio-0.0.0.0-8081-exec-10] AuditLogServiceImpl - Audit logs searched. page=0, size=50, totalElements=36
2026-09-22 17:24:40 INFO  [http-nio-0.0.0.0-8081-exec-2] AuditLogServiceImpl - Audit logs searched. page=0, size=50, totalElements=36
2026-09-22 17:24:40 INFO  [http-nio-0.0.0.0-8081-exec-3] AuditLogServiceImpl - Audit logs searched. page=0, size=50, totalElements=36
2026-09-22 17:24:40 INFO  [http-nio-0.0.0.0-8081-exec-4] AuditLogServiceImpl - Audit logs searched. page=0, size=50, totalElements=36
2026-09-22 17:24:40 INFO  [http-nio-0.0.0.0-8081-exec-1] AuditLogServiceImpl - Audit logs searched. page=0, size=50, totalElements=122
2026-09-22 17:24:40 INFO  [http-nio-0.0.0.0-8081-exec-6] AuditLogServiceImpl - Audit logs searched. page=0, size=50, totalElements=736
2026-09-22 17:24:49 INFO  [http-nio-0.0.0.0-8081-exec-2] AuditLogServiceImpl - Audit logs searched. page=0, size=50, totalElements=334
2026-09-22 17:24:49 INFO  [http-nio-0.0.0.0-8081-exec-3] AuditLogServiceImpl - Audit logs searched. page=0, size=50, totalElements=32
2026-09-22 17:24:49 INFO  [http-nio-0.0.0.0-8081-exec-4] AuditLogServiceImpl - Audit logs searched. page=0, size=50, totalElements=32
2026-09-22 17:24:50 INFO  [http-nio-0.0.0.0-8081-exec-1] AuditLogServiceImpl - Audit logs searched. page=0, size=50, totalElements=32
2026-09-22 17:24:50 INFO  [http-nio-0.0.0.0-8081-exec-6] AuditLogServiceImpl - Audit logs searched. page=0, size=50, totalElements=32
2026-09-22 17:24:53 INFO  [http-nio-0.0.0.0-8081-exec-9] AuditLogServiceImpl - Audit logs searched. page=0, size=50, totalElements=32
2026-09-22 17:25:00 INFO  [http-nio-0.0.0.0-8081-exec-5] AuditLogServiceImpl - Audit logs searched. page=0, size=50, totalElements=736
2026-09-22 17:25:04 INFO  [http-nio-0.0.0.0-8081-exec-8] AuditLogServiceImpl - Audit logs searched. page=0, size=50, totalElements=112
2026-09-22 17:25:11 INFO  [http-nio-0.0.0.0-8081-exec-2] AuditLogServiceImpl - Audit logs searched. page=0, size=50, totalElements=112
2026-09-22 17:25:17 INFO  [http-nio-0.0.0.0-8081-exec-4] AuditLogServiceImpl - Audit log details fetched. auditId=762
2026-09-22 17:25:27 INFO  [http-nio-0.0.0.0-8081-exec-6] AuditLogServiceImpl - Audit logs searched. page=0, size=50, totalElements=0
2026-09-22 17:25:37 INFO  [http-nio-0.0.0.0-8081-exec-7] AuditLogServiceImpl - Audit logs searched. page=0, size=50, totalElements=112
2026-09-22 17:25:37 INFO  [http-nio-0.0.0.0-8081-exec-8] NotificationServiceImpl - Notifications fetched for userId=2. page=0, size=10, totalElements=1
2026-09-22 17:25:46 INFO  [http-nio-0.0.0.0-8081-exec-2] AuditLogServiceImpl - Audit logs searched. page=0, size=50, totalElements=736
2026-09-22 17:25:51 INFO  [http-nio-0.0.0.0-8081-exec-4] AuditLogServiceImpl - Audit logs searched. page=0, size=50, totalElements=122
2026-09-22 17:25:52 INFO  [http-nio-0.0.0.0-8081-exec-1] AuditLogServiceImpl - Audit logs searched. page=0, size=50, totalElements=36
2026-09-22 17:25:52 INFO  [http-nio-0.0.0.0-8081-exec-6] AuditLogServiceImpl - Audit logs searched. page=0, size=50, totalElements=36
2026-09-22 17:25:53 INFO  [http-nio-0.0.0.0-8081-exec-9] AuditLogServiceImpl - Audit logs searched. page=0, size=50, totalElements=36
2026-09-22 17:25:53 INFO  [http-nio-0.0.0.0-8081-exec-7] AuditLogServiceImpl - Audit logs searched. page=0, size=50, totalElements=36
2026-09-22 17:25:53 INFO  [http-nio-0.0.0.0-8081-exec-5] AuditLogServiceImpl - Audit logs searched. page=0, size=50, totalElements=36
2026-09-22 17:26:04 INFO  [http-nio-0.0.0.0-8081-exec-10] AuditLogServiceImpl - Audit logs searched. page=0, size=50, totalElements=36
2026-09-22 17:26:04 INFO  [http-nio-0.0.0.0-8081-exec-2] AuditLogServiceImpl - Audit logs searched. page=0, size=50, totalElements=0
2026-09-22 17:26:05 INFO  [http-nio-0.0.0.0-8081-exec-3] AuditLogServiceImpl - Audit logs searched. page=0, size=50, totalElements=0
2026-09-22 17:26:05 INFO  [http-nio-0.0.0.0-8081-exec-4] AuditLogServiceImpl - Audit logs searched. page=0, size=50, totalElements=0
2026-09-22 17:26:09 INFO  [http-nio-0.0.0.0-8081-exec-6] AuditLogServiceImpl - Audit logs searched. page=0, size=50, totalElements=36
2026-09-22 17:26:16 INFO  [http-nio-0.0.0.0-8081-exec-7] AuditLogServiceImpl - Audit logs searched. page=0, size=50, totalElements=0
2026-09-22 17:26:16 INFO  [http-nio-0.0.0.0-8081-exec-5] AuditLogServiceImpl - Audit logs searched. page=0, size=50, totalElements=0
2026-09-22 17:26:24 INFO  [http-nio-0.0.0.0-8081-exec-10] AuditLogServiceImpl - Audit log details fetched. auditId=762
2026-09-22 17:26:31 INFO  [http-nio-0.0.0.0-8081-exec-3] AuditLogServiceImpl - Audit logs searched. page=0, size=50, totalElements=36
2026-09-22 17:26:32 INFO  [http-nio-0.0.0.0-8081-exec-4] AuditLogServiceImpl - Audit logs searched. page=0, size=50, totalElements=36
2026-09-22 17:26:32 INFO  [http-nio-0.0.0.0-8081-exec-1] AuditLogServiceImpl - Audit logs searched. page=0, size=50, totalElements=36
2026-09-22 17:26:32 INFO  [http-nio-0.0.0.0-8081-exec-6] AuditLogServiceImpl - Audit logs searched. page=0, size=50, totalElements=36
2026-09-22 17:26:32 INFO  [http-nio-0.0.0.0-8081-exec-9] AuditLogServiceImpl - Audit logs searched. page=0, size=50, totalElements=122
2026-09-22 17:26:32 INFO  [http-nio-0.0.0.0-8081-exec-7] AuditLogServiceImpl - Audit logs searched. page=0, size=50, totalElements=736
2026-09-22 17:26:33 INFO  [http-nio-0.0.0.0-8081-exec-5] AuditLogServiceImpl - Audit logs searched. page=0, size=50, totalElements=0
2026-09-22 17:26:37 INFO  [http-nio-0.0.0.0-8081-exec-10] NotificationServiceImpl - Notifications fetched for userId=2. page=0, size=10, totalElements=1
2026-09-22 17:26:38 INFO  [http-nio-0.0.0.0-8081-exec-3] AuditLogServiceImpl - Audit logs searched. page=0, size=50, totalElements=0
2026-09-22 17:26:39 INFO  [http-nio-0.0.0.0-8081-exec-4] AuditLogServiceImpl - Audit logs searched. page=0, size=50, totalElements=0
2026-09-22 17:26:39 INFO  [http-nio-0.0.0.0-8081-exec-1] AuditLogServiceImpl - Audit logs searched. page=0, size=50, totalElements=0
2026-09-22 17:26:40 INFO  [http-nio-0.0.0.0-8081-exec-6] AuditLogServiceImpl - Audit logs searched. page=0, size=50, totalElements=0
2026-09-22 17:26:40 INFO  [http-nio-0.0.0.0-8081-exec-9] AuditLogServiceImpl - Audit logs searched. page=0, size=50, totalElements=0
2026-09-22 17:26:49 INFO  [http-nio-0.0.0.0-8081-exec-5] AuditLogServiceImpl - Audit logs searched. page=0, size=50, totalElements=122
2026-09-22 17:26:50 INFO  [http-nio-0.0.0.0-8081-exec-8] AuditLogServiceImpl - Audit logs searched. page=0, size=50, totalElements=36
2026-09-22 17:26:51 INFO  [http-nio-0.0.0.0-8081-exec-10] AuditLogServiceImpl - Audit logs searched. page=0, size=50, totalElements=36
2026-09-22 17:26:52 INFO  [http-nio-0.0.0.0-8081-exec-2] AuditLogServiceImpl - Audit logs searched. page=0, size=50, totalElements=36
2026-09-22 17:26:53 INFO  [http-nio-0.0.0.0-8081-exec-3] AuditLogServiceImpl - Audit logs searched. page=0, size=50, totalElements=36
2026-09-22 17:26:53 INFO  [http-nio-0.0.0.0-8081-exec-4] AuditLogServiceImpl - Audit logs searched. page=0, size=50, totalElements=36
2026-09-22 17:27:00 INFO  [http-nio-0.0.0.0-8081-exec-6] AuditLogServiceImpl - Audit logs searched. page=0, size=50, totalElements=736
2026-09-22 17:27:10 INFO  [http-nio-0.0.0.0-8081-exec-7] AuditLogServiceImpl - Audit logs searched. page=0, size=50, totalElements=318
2026-09-22 17:27:10 INFO  [http-nio-0.0.0.0-8081-exec-5] AuditLogServiceImpl - Audit logs searched. page=0, size=50, totalElements=210
2026-09-22 17:27:12 INFO  [http-nio-0.0.0.0-8081-exec-8] AuditLogServiceImpl - Audit logs searched. page=0, size=50, totalElements=175
2026-09-22 17:27:12 INFO  [http-nio-0.0.0.0-8081-exec-10] AuditLogServiceImpl - Audit logs searched. page=0, size=50, totalElements=175
2026-09-22 17:27:19 INFO  [http-nio-0.0.0.0-8081-exec-3] AuditLogServiceImpl - Audit logs searched. page=0, size=50, totalElements=736
2026-09-22 17:27:22 INFO  [http-nio-0.0.0.0-8081-exec-4] AuditLogServiceImpl - Audit logs searched. page=0, size=50, totalElements=240
2026-09-22 17:27:23 INFO  [http-nio-0.0.0.0-8081-exec-1] AuditLogServiceImpl - Audit logs searched. page=0, size=50, totalElements=37
2026-09-22 17:27:23 INFO  [http-nio-0.0.0.0-8081-exec-6] AuditLogServiceImpl - Audit logs searched. page=0, size=50, totalElements=37
2026-09-22 17:27:25 INFO  [http-nio-0.0.0.0-8081-exec-7] AuditLogServiceImpl - Audit logs searched. page=0, size=50, totalElements=31
2026-09-22 17:27:31 INFO  [http-nio-0.0.0.0-8081-exec-8] AuditLogServiceImpl - Audit logs searched. page=0, size=50, totalElements=538
2026-09-22 17:27:32 INFO  [http-nio-0.0.0.0-8081-exec-10] AuditLogServiceImpl - Audit logs searched. page=0, size=50, totalElements=64
2026-09-22 17:27:33 INFO  [http-nio-0.0.0.0-8081-exec-2] AuditLogServiceImpl - Audit logs searched. page=0, size=50, totalElements=64
2026-09-22 17:27:33 INFO  [http-nio-0.0.0.0-8081-exec-3] AuditLogServiceImpl - Audit logs searched. page=0, size=50, totalElements=64
2026-09-22 17:27:37 INFO  [http-nio-0.0.0.0-8081-exec-1] NotificationServiceImpl - Notifications fetched for userId=2. page=0, size=10, totalElements=1
2026-09-22 17:27:39 INFO  [http-nio-0.0.0.0-8081-exec-9] AuditLogServiceImpl - Audit logs searched. page=0, size=50, totalElements=736
2026-09-22 17:27:42 INFO  [http-nio-0.0.0.0-8081-exec-7] AuditLogServiceImpl - Audit logs searched. page=0, size=50, totalElements=648
2026-09-22 17:27:43 INFO  [http-nio-0.0.0.0-8081-exec-5] AuditLogServiceImpl - Audit logs searched. page=0, size=50, totalElements=648
2026-09-22 17:27:44 INFO  [http-nio-0.0.0.0-8081-exec-10] AuditLogServiceImpl - Audit logs searched. page=0, size=50, totalElements=332
2026-09-22 17:27:44 INFO  [http-nio-0.0.0.0-8081-exec-2] AuditLogServiceImpl - Audit logs searched. page=0, size=50, totalElements=332
2026-09-22 17:27:58 INFO  [http-nio-0.0.0.0-8081-exec-4] NotificationServiceImpl - Notifications fetched for userId=2. page=0, size=10, totalElements=2
2026-09-22 17:28:01 INFO  [http-nio-0.0.0.0-8081-exec-7] AuditLogServiceImpl - Audit logs searched. page=0, size=10, totalElements=736
2026-09-22 17:28:18 INFO  [http-nio-0.0.0.0-8081-exec-2] AuditLogServiceImpl - Audit logs searched. page=0, size=10, totalElements=736
2026-09-22 17:28:23 INFO  [http-nio-0.0.0.0-8081-exec-4] NotificationServiceImpl - Notifications fetched for userId=2. page=0, size=10, totalElements=1
2026-09-22 17:28:24 INFO  [http-nio-0.0.0.0-8081-exec-1] NotificationServiceImpl - Notifications fetched for userId=2. page=0, size=10, totalElements=1
2026-09-22 17:28:31 INFO  [http-nio-0.0.0.0-8081-exec-9] NotificationServiceImpl - Notifications fetched for userId=2. page=0, size=10, totalElements=2
2026-09-22 17:28:33 INFO  [http-nio-0.0.0.0-8081-exec-5] DashboardServiceImpl - Admin dashboard fetched. totalOrganizations=7, totalProjects=7
2026-09-22 17:28:37 INFO  [http-nio-0.0.0.0-8081-exec-3] NotificationServiceImpl - Notifications fetched for userId=2. page=0, size=10, totalElements=1
2026-09-22 17:28:39 INFO  [http-nio-0.0.0.0-8081-exec-9] AuditLogServiceImpl - Audit logs searched. page=0, size=10, totalElements=736
2026-09-22 17:29:23 INFO  [http-nio-0.0.0.0-8081-exec-10] NotificationServiceImpl - Notification created successfully. notificationId=186, userId=2
2026-09-22 17:29:23 INFO  [http-nio-0.0.0.0-8081-exec-10] AuditLogServiceImpl - Audit log stored. auditId=763, userId=2, username=Manoj.dava
2026-09-22 17:29:23 INFO  [http-nio-0.0.0.0-8081-exec-10] AuditAspect - Audited successful method. class=NotificationServiceImpl, method=createNotification, action=CREATE_NOTIFICATION, screen=NOTIFICATIONS, screenId=null, userId=2, username=SYSTEM
2026-09-22 17:29:37 INFO  [http-nio-0.0.0.0-8081-exec-3] NotificationServiceImpl - Notifications fetched for userId=2. page=0, size=10, totalElements=1
2026-09-22 17:30:21 WARN  [http-nio-0.0.0.0-8081-exec-10] error - HHH000247: ErrorCode: 1205, SQLState: 40001
2026-09-22 17:30:21 WARN  [http-nio-0.0.0.0-8081-exec-10] error - Lock wait timeout exceeded; try restarting transaction
2026-09-22 17:30:21 ERROR [http-nio-0.0.0.0-8081-exec-10] AuditAspect - Unable to save audit log. action=CHANGE_PASSWORD, screen=PROFILE, screenId=2, userId=2, username=Manoj.dava, error=could not execute statement [Lock wait timeout exceeded; try restarting transaction] [insert into audit_logs (action_date,action_name,action_screen,action_screen_id,details,user_id,username) values (?,?,?,?,?,?,?)]; SQL [insert into audit_logs (action_date,action_name,action_screen,action_screen_id,details,user_id,username) values (?,?,?,?,?,?,?)]
org.springframework.dao.CannotAcquireLockException: could not execute statement [Lock wait timeout exceeded; try restarting transaction] [insert into audit_logs (action_date,action_name,action_screen,action_screen_id,details,user_id,username) values (?,?,?,?,?,?,?)]; SQL [insert into audit_logs (action_date,action_name,action_screen,action_screen_id,details,user_id,username) values (?,?,?,?,?,?,?)]
	at org.springframework.orm.jpa.hibernate.HibernateExceptionTranslator.convertHibernateAccessException(HibernateExceptionTranslator.java:162)
	at org.springframework.orm.jpa.hibernate.HibernateExceptionTranslator.convertHibernateAccessException(HibernateExceptionTranslator.java:131)
	at org.springframework.orm.jpa.hibernate.HibernateExceptionTranslator.translateExceptionIfPossible(HibernateExceptionTranslator.java:109)
	at org.springframework.orm.jpa.vendor.HibernateJpaDialect.translateExceptionIfPossible(HibernateJpaDialect.java:223)
	at org.springframework.orm.jpa.AbstractEntityManagerFactoryBean.translateExceptionIfPossible(AbstractEntityManagerFactoryBean.java:577)
	at org.springframework.dao.support.ChainedPersistenceExceptionTranslator.translateExceptionIfPossible(ChainedPersistenceExceptionTranslator.java:61)
	at org.springframework.dao.support.DataAccessUtils.translateIfNecessary(DataAccessUtils.java:346)
	at org.springframework.dao.support.PersistenceExceptionTranslationInterceptor.invoke(PersistenceExceptionTranslationInterceptor.java:157)
	at org.springframework.aop.framework.ReflectiveMethodInvocation.proceed(ReflectiveMethodInvocation.java:179)
	at org.springframework.data.jpa.repository.support.CrudMethodMetadataPostProcessor$CrudMethodMetadataPopulatingMethodInterceptor.invoke(CrudMethodMetadataPostProcessor.java:166)
	at org.springframework.aop.framework.ReflectiveMethodInvocation.proceed(ReflectiveMethodInvocation.java:179)
	at org.springframework.aop.framework.JdkDynamicAopProxy.invoke(JdkDynamicAopProxy.java:222)
	at jdk.proxy4/jdk.proxy4.$Proxy165.save(Unknown Source)
	at com.induspathfinder.app.serviceimpl.AuditLogServiceImpl.saveAuditLog(AuditLogServiceImpl.java:105)
	at java.base/jdk.internal.reflect.DirectMethodHandleAccessor.invoke(DirectMethodHandleAccessor.java:103)
	at java.base/java.lang.reflect.Method.invoke(Method.java:580)
	at org.springframework.aop.support.AopUtils.invokeJoinpointUsingReflection(AopUtils.java:359)
	at org.springframework.aop.framework.ReflectiveMethodInvocation.invokeJoinpoint(ReflectiveMethodInvocation.java:190)
	at org.springframework.aop.framework.ReflectiveMethodInvocation.proceed(ReflectiveMethodInvocation.java:158)
	at org.springframework.transaction.interceptor.TransactionInterceptor$1.proceedWithInvocation(TransactionInterceptor.java:133)
	at org.springframework.transaction.interceptor.TransactionAspectSupport.invokeWithinTransaction(TransactionAspectSupport.java:371)
	at org.springframework.transaction.interceptor.TransactionInterceptor.invoke(TransactionInterceptor.java:130)
	at org.springframework.aop.framework.ReflectiveMethodInvocation.proceed(ReflectiveMethodInvocation.java:179)
	at org.springframework.aop.framework.CglibAopProxy$DynamicAdvisedInterceptor.intercept(CglibAopProxy.java:719)
	at com.induspathfinder.app.serviceimpl.AuditLogServiceImpl$$SpringCGLIB$$0.saveAuditLog(<generated>)
	at com.induspathfinder.app.aop.AuditAspect.saveAuditSafely(AuditAspect.java:429)
	at com.induspathfinder.app.aop.AuditAspect.auditMethod(AuditAspect.java:105)
	at java.base/jdk.internal.reflect.DirectMethodHandleAccessor.invoke(DirectMethodHandleAccessor.java:103)
	at java.base/java.lang.reflect.Method.invoke(Method.java:580)
	at org.springframework.aop.aspectj.AbstractAspectJAdvice.invokeAdviceMethodWithGivenArgs(AbstractAspectJAdvice.java:648)
	at org.springframework.aop.aspectj.AbstractAspectJAdvice.invokeAdviceMethod(AbstractAspectJAdvice.java:630)
	at org.springframework.aop.aspectj.AspectJAroundAdvice.invoke(AspectJAroundAdvice.java:70)
	at org.springframework.aop.framework.ReflectiveMethodInvocation.proceed(ReflectiveMethodInvocation.java:168)
	at org.springframework.transaction.interceptor.TransactionInterceptor$1.proceedWithInvocation(TransactionInterceptor.java:133)
	at org.springframework.transaction.interceptor.TransactionAspectSupport.invokeWithinTransaction(TransactionAspectSupport.java:371)
	at org.springframework.transaction.interceptor.TransactionInterceptor.invoke(TransactionInterceptor.java:130)
	at org.springframework.aop.framework.ReflectiveMethodInvocation.proceed(ReflectiveMethodInvocation.java:179)
	at org.springframework.aop.interceptor.ExposeInvocationInterceptor.invoke(ExposeInvocationInterceptor.java:96)
	at org.springframework.aop.framework.ReflectiveMethodInvocation.proceed(ReflectiveMethodInvocation.java:179)
	at org.springframework.aop.framework.CglibAopProxy$DynamicAdvisedInterceptor.intercept(CglibAopProxy.java:719)
	at com.induspathfinder.app.serviceimpl.ProfileServiceImpl$$SpringCGLIB$$0.changePassword(<generated>)
	at com.induspathfinder.app.controller.ProfileController.changePassword(ProfileController.java:60)
	at java.base/jdk.internal.reflect.DirectMethodHandleAccessor.invoke(DirectMethodHandleAccessor.java:103)
	at java.base/java.lang.reflect.Method.invoke(Method.java:580)
	at org.springframework.aop.support.AopUtils.invokeJoinpointUsingReflection(AopUtils.java:359)
	at org.springframework.aop.framework.ReflectiveMethodInvocation.invokeJoinpoint(ReflectiveMethodInvocation.java:190)
	at org.springframework.aop.framework.ReflectiveMethodInvocation.proceed(ReflectiveMethodInvocation.java:158)
	at org.springframework.security.authorization.method.AuthorizationManagerBeforeMethodInterceptor.proceed(AuthorizationManagerBeforeMethodInterceptor.java:271)
	at org.springframework.security.authorization.method.AuthorizationManagerBeforeMethodInterceptor.attemptAuthorization(AuthorizationManagerBeforeMethodInterceptor.java:266)
	at org.springframework.security.authorization.method.AuthorizationManagerBeforeMethodInterceptor.invoke(AuthorizationManagerBeforeMethodInterceptor.java:197)
	at org.springframework.security.config.annotation.method.configuration.DeferringMethodInterceptor.invoke(DeferringMethodInterceptor.java:44)
	at org.springframework.aop.framework.ReflectiveMethodInvocation.proceed(ReflectiveMethodInvocation.java:179)
	at org.springframework.aop.framework.CglibAopProxy$DynamicAdvisedInterceptor.intercept(CglibAopProxy.java:719)
	at com.induspathfinder.app.controller.ProfileController$$SpringCGLIB$$0.changePassword(<generated>)
	at java.base/jdk.internal.reflect.DirectMethodHandleAccessor.invoke(DirectMethodHandleAccessor.java:103)
	at java.base/java.lang.reflect.Method.invoke(Method.java:580)
	at org.springframework.web.method.support.InvocableHandlerMethod.doInvoke(InvocableHandlerMethod.java:252)
	at org.springframework.web.method.support.InvocableHandlerMethod.invokeForRequest(InvocableHandlerMethod.java:184)
	at org.springframework.web.servlet.mvc.method.annotation.ServletInvocableHandlerMethod.invokeAndHandle(ServletInvocableHandlerMethod.java:117)
	at org.springframework.web.servlet.mvc.method.annotation.RequestMappingHandlerAdapter.invokeHandlerMethod(RequestMappingHandlerAdapter.java:934)
	at org.springframework.web.servlet.mvc.method.annotation.RequestMappingHandlerAdapter.handleInternal(RequestMappingHandlerAdapter.java:853)
	at org.springframework.web.servlet.mvc.method.AbstractHandlerMethodAdapter.handle(AbstractHandlerMethodAdapter.java:86)
	at org.springframework.web.servlet.DispatcherServlet.doDispatch(DispatcherServlet.java:963)
	at org.springframework.web.servlet.DispatcherServlet.doService(DispatcherServlet.java:866)
	at org.springframework.web.servlet.FrameworkServlet.processRequest(FrameworkServlet.java:1000)
	at org.springframework.web.servlet.FrameworkServlet.doPut(FrameworkServlet.java:914)
	at jakarta.servlet.http.HttpServlet.service(HttpServlet.java:650)
	at org.springframework.web.servlet.FrameworkServlet.service(FrameworkServlet.java:874)
	at jakarta.servlet.http.HttpServlet.service(HttpServlet.java:710)
	at org.apache.catalina.core.ApplicationFilterChain.doFilter(ApplicationFilterChain.java:128)
	at org.apache.tomcat.websocket.server.WsFilter.doFilter(WsFilter.java:53)
	at org.apache.catalina.core.ApplicationFilterChain.doFilter(ApplicationFilterChain.java:107)
	at org.springframework.web.filter.OncePerRequestFilter.doFilter(OncePerRequestFilter.java:110)
	at org.apache.catalina.core.ApplicationFilterChain.doFilter(ApplicationFilterChain.java:107)
	at org.springframework.web.filter.CompositeFilter$VirtualFilterChain.doFilter(CompositeFilter.java:108)
	at org.springframework.security.web.FilterChainProxy.lambda$doFilterInternal$2(FilterChainProxy.java:235)
	at org.springframework.security.web.FilterChainProxy$VirtualFilterChain.doFilter(FilterChainProxy.java:376)
	at org.springframework.security.web.access.intercept.AuthorizationFilter.doFilter(AuthorizationFilter.java:101)
	at org.springframework.security.web.FilterChainProxy$VirtualFilterChain.doFilter(FilterChainProxy.java:385)
	at org.springframework.security.web.access.ExceptionTranslationFilter.doFilter(ExceptionTranslationFilter.java:126)
	at org.springframework.security.web.access.ExceptionTranslationFilter.doFilter(ExceptionTranslationFilter.java:120)
	at org.springframework.security.web.FilterChainProxy$VirtualFilterChain.doFilter(FilterChainProxy.java:385)
	at org.springframework.security.web.session.SessionManagementFilter.doFilter(SessionManagementFilter.java:132)
	at org.springframework.security.web.session.SessionManagementFilter.doFilter(SessionManagementFilter.java:86)
	at org.springframework.security.web.FilterChainProxy$VirtualFilterChain.doFilter(FilterChainProxy.java:385)
	at org.springframework.security.web.authentication.AnonymousAuthenticationFilter.doFilter(AnonymousAuthenticationFilter.java:100)
	at org.springframework.security.web.FilterChainProxy$VirtualFilterChain.doFilter(FilterChainProxy.java:385)
	at org.springframework.security.web.servletapi.SecurityContextHolderAwareRequestFilter.doFilter(SecurityContextHolderAwareRequestFilter.java:181)
	at org.springframework.security.web.FilterChainProxy$VirtualFilterChain.doFilter(FilterChainProxy.java:385)
	at org.springframework.security.web.savedrequest.RequestCacheAwareFilter.doFilter(RequestCacheAwareFilter.java:63)
	at org.springframework.security.web.FilterChainProxy$VirtualFilterChain.doFilter(FilterChainProxy.java:385)
	at com.induspathfinder.app.security.JwtAuthenticationFilter.doFilterInternal(JwtAuthenticationFilter.java:77)
	at org.springframework.web.filter.OncePerRequestFilter.doFilter(OncePerRequestFilter.java:116)
	at org.springframework.security.web.FilterChainProxy$VirtualFilterChain.doFilter(FilterChainProxy.java:385)
	at org.springframework.security.web.authentication.logout.LogoutFilter.doFilter(LogoutFilter.java:110)
	at org.springframework.security.web.authentication.logout.LogoutFilter.doFilter(LogoutFilter.java:96)
	at org.springframework.security.web.FilterChainProxy$VirtualFilterChain.doFilter(FilterChainProxy.java:385)
	at org.springframework.web.filter.CorsFilter.doFilterInternal(CorsFilter.java:91)
	at org.springframework.web.filter.OncePerRequestFilter.doFilter(OncePerRequestFilter.java:116)
	at org.springframework.security.web.FilterChainProxy$VirtualFilterChain.doFilter(FilterChainProxy.java:385)
	at org.springframework.security.web.header.HeaderWriterFilter.doHeadersAfter(HeaderWriterFilter.java:90)
	at org.springframework.security.web.header.HeaderWriterFilter.doFilterInternal(HeaderWriterFilter.java:75)
	at org.springframework.web.filter.OncePerRequestFilter.doFilter(OncePerRequestFilter.java:116)
	at org.springframework.security.web.FilterChainProxy$VirtualFilterChain.doFilter(FilterChainProxy.java:385)
	at org.springframework.security.web.context.SecurityContextHolderFilter.doFilter(SecurityContextHolderFilter.java:82)
	at org.springframework.security.web.context.SecurityContextHolderFilter.doFilter(SecurityContextHolderFilter.java:69)
	at org.springframework.security.web.FilterChainProxy$VirtualFilterChain.doFilter(FilterChainProxy.java:385)
	at org.springframework.security.web.context.request.async.WebAsyncManagerIntegrationFilter.doFilterInternal(WebAsyncManagerIntegrationFilter.java:62)
	at org.springframework.web.filter.OncePerRequestFilter.doFilter(OncePerRequestFilter.java:116)
	at org.springframework.security.web.FilterChainProxy$VirtualFilterChain.doFilter(FilterChainProxy.java:385)
	at org.springframework.security.web.session.DisableEncodeUrlFilter.doFilterInternal(DisableEncodeUrlFilter.java:42)
	at org.springframework.web.filter.OncePerRequestFilter.doFilter(OncePerRequestFilter.java:116)
	at org.springframework.security.web.FilterChainProxy$VirtualFilterChain.doFilter(FilterChainProxy.java:385)
	at org.springframework.security.web.FilterChainProxy.doFilterInternal(FilterChainProxy.java:237)
	at org.springframework.security.web.FilterChainProxy.doFilter(FilterChainProxy.java:195)
	at org.springframework.web.filter.CompositeFilter$VirtualFilterChain.doFilter(CompositeFilter.java:113)
	at org.springframework.web.filter.ServletRequestPathFilter.doFilter(ServletRequestPathFilter.java:52)
	at org.springframework.web.filter.CompositeFilter$VirtualFilterChain.doFilter(CompositeFilter.java:113)
	at org.springframework.web.filter.CompositeFilter.doFilter(CompositeFilter.java:74)
	at org.springframework.security.config.annotation.web.configuration.WebSecurityConfiguration$CompositeFilterChainProxy.doFilter(WebSecurityConfiguration.java:317)
	at org.springframework.web.filter.DelegatingFilterProxy.invokeDelegate(DelegatingFilterProxy.java:355)
	at org.springframework.web.filter.DelegatingFilterProxy.doFilter(DelegatingFilterProxy.java:272)
	at org.apache.catalina.core.ApplicationFilterChain.doFilter(ApplicationFilterChain.java:107)
	at org.springframework.web.filter.RequestContextFilter.doFilterInternal(RequestContextFilter.java:100)
	at org.springframework.web.filter.OncePerRequestFilter.doFilter(OncePerRequestFilter.java:116)
	at org.apache.catalina.core.ApplicationFilterChain.doFilter(ApplicationFilterChain.java:107)
	at org.springframework.web.filter.FormContentFilter.doFilterInternal(FormContentFilter.java:93)
	at org.springframework.web.filter.OncePerRequestFilter.doFilter(OncePerRequestFilter.java:116)
	at org.apache.catalina.core.ApplicationFilterChain.doFilter(ApplicationFilterChain.java:107)
	at org.springframework.web.filter.CharacterEncodingFilter.doFilterInternal(CharacterEncodingFilter.java:199)
	at org.springframework.web.filter.OncePerRequestFilter.doFilter(OncePerRequestFilter.java:116)
	at org.apache.catalina.core.ApplicationFilterChain.doFilter(ApplicationFilterChain.java:107)
	at org.apache.catalina.core.StandardWrapperValve.invoke(StandardWrapperValve.java:165)
	at org.apache.catalina.core.StandardContextValve.invoke(StandardContextValve.java:77)
	at org.apache.catalina.authenticator.AuthenticatorBase.invoke(AuthenticatorBase.java:492)
	at org.apache.catalina.core.StandardHostValve.invoke(StandardHostValve.java:113)
	at org.apache.catalina.valves.ErrorReportValve.invoke(ErrorReportValve.java:83)
	at org.apache.catalina.core.StandardEngineValve.invoke(StandardEngineValve.java:72)
	at org.apache.catalina.connector.CoyoteAdapter.service(CoyoteAdapter.java:341)
	at org.apache.coyote.http11.Http11Processor.service(Http11Processor.java:397)
	at org.apache.coyote.AbstractProcessorLight.process(AbstractProcessorLight.java:63)
	at org.apache.coyote.AbstractProtocol$ConnectionHandler.process(AbstractProtocol.java:1272)
	at org.apache.tomcat.util.net.NioEndpoint$SocketProcessor.doRun(NioEndpoint.java:1801)
	at org.apache.tomcat.util.net.SocketProcessorBase.run(SocketProcessorBase.java:52)
	at org.apache.tomcat.util.threads.ThreadPoolExecutor.runWorker(ThreadPoolExecutor.java:946)
	at org.apache.tomcat.util.threads.ThreadPoolExecutor$Worker.run(ThreadPoolExecutor.java:480)
	at org.apache.tomcat.util.threads.TaskThread$WrappingRunnable.run(TaskThread.java:57)
	at java.base/java.lang.Thread.run(Thread.java:1583)
Caused by: org.hibernate.exception.LockTimeoutException: could not execute statement [Lock wait timeout exceeded; try restarting transaction] [insert into audit_logs (action_date,action_name,action_screen,action_screen_id,details,user_id,username) values (?,?,?,?,?,?,?)]
	at org.hibernate.dialect.MySQLDialect.lambda$buildSQLExceptionConversionDelegate$0(MySQLDialect.java:1276)
	at org.hibernate.exception.internal.StandardSQLExceptionConverter.convert(StandardSQLExceptionConverter.java:34)
	at org.hibernate.engine.jdbc.spi.SqlExceptionHelper.convert(SqlExceptionHelper.java:115)
	at org.hibernate.engine.jdbc.internal.ResultSetReturnImpl.executeUpdate(ResultSetReturnImpl.java:189)
	at org.hibernate.id.insert.GetGeneratedKeysDelegate.performMutation(GetGeneratedKeysDelegate.java:96)
	at org.hibernate.engine.jdbc.mutation.internal.MutationExecutorSingleNonBatched.performNonBatchedOperations(MutationExecutorSingleNonBatched.java:45)
	at org.hibernate.engine.jdbc.mutation.internal.AbstractMutationExecutor.execute(AbstractMutationExecutor.java:65)
	at org.hibernate.engine.jdbc.mutation.internal.AbstractMutationExecutor.execute(AbstractMutationExecutor.java:54)
	at org.hibernate.persister.entity.mutation.InsertCoordinatorStandard.doStaticInserts(InsertCoordinatorStandard.java:183)
	at org.hibernate.persister.entity.mutation.InsertCoordinatorStandard.coordinateInsert(InsertCoordinatorStandard.java:123)
	at org.hibernate.persister.entity.mutation.InsertCoordinatorStandard.insert(InsertCoordinatorStandard.java:87)
	at org.hibernate.action.internal.EntityIdentityInsertAction.execute(EntityIdentityInsertAction.java:87)
	at org.hibernate.engine.spi.ActionQueue.execute(ActionQueue.java:667)
	at org.hibernate.engine.spi.ActionQueue.addResolvedEntityInsertAction(ActionQueue.java:291)
	at org.hibernate.engine.spi.ActionQueue.addInsertAction(ActionQueue.java:270)
	at org.hibernate.engine.spi.ActionQueue.addAction(ActionQueue.java:322)
	at org.hibernate.event.internal.AbstractSaveEventListener.addInsertAction(AbstractSaveEventListener.java:384)
	at org.hibernate.event.internal.AbstractSaveEventListener.performSaveOrReplicate(AbstractSaveEventListener.java:298)
	at org.hibernate.event.internal.AbstractSaveEventListener.performSave(AbstractSaveEventListener.java:228)
	at org.hibernate.event.internal.AbstractSaveEventListener.saveWithGeneratedId(AbstractSaveEventListener.java:144)
	at org.hibernate.event.internal.DefaultPersistEventListener.entityIsTransient(DefaultPersistEventListener.java:144)
	at org.hibernate.event.internal.DefaultPersistEventListener.persist(DefaultPersistEventListener.java:91)
	at org.hibernate.event.internal.DefaultPersistEventListener.onPersist(DefaultPersistEventListener.java:75)
	at org.hibernate.event.internal.DefaultPersistEventListener.onPersist(DefaultPersistEventListener.java:51)
	at org.hibernate.event.service.internal.EventListenerGroupImpl.fireEventOnEachListener(EventListenerGroupImpl.java:138)
	at org.hibernate.internal.SessionImpl.firePersist(SessionImpl.java:695)
	at org.hibernate.internal.SessionImpl.persist(SessionImpl.java:678)
	at java.base/jdk.internal.reflect.DirectMethodHandleAccessor.invoke(DirectMethodHandleAccessor.java:103)
	at java.base/java.lang.reflect.Method.invoke(Method.java:580)
	at org.springframework.orm.jpa.SharedEntityManagerCreator$SharedEntityHandlerInvocationHandler.invokeMethod(SharedEntityManagerCreator.java:239)
	at org.springframework.orm.jpa.SharedEntityManagerCreator$SharedEntityManagerInvocationHandler.invoke(SharedEntityManagerCreator.java:383)
	at jdk.proxy4/jdk.proxy4.$Proxy161.persist(Unknown Source)
	at org.springframework.data.jpa.repository.support.SimpleJpaRepository.save(SimpleJpaRepository.java:664)
	at java.base/jdk.internal.reflect.DirectMethodHandleAccessor.invoke(DirectMethodHandleAccessor.java:103)
	at java.base/java.lang.reflect.Method.invoke(Method.java:580)
	at org.springframework.aop.support.AopUtils.invokeJoinpointUsingReflection(AopUtils.java:359)
	at org.springframework.data.repository.core.support.RepositoryMethodInvoker$RepositoryFragmentMethodInvoker.lambda$new$0(RepositoryMethodInvoker.java:278)
	at org.springframework.data.repository.core.support.RepositoryMethodInvoker.doInvoke(RepositoryMethodInvoker.java:169)
	at org.springframework.data.repository.core.support.RepositoryMethodInvoker.invoke(RepositoryMethodInvoker.java:158)
	at org.springframework.data.repository.core.support.RepositoryComposition$RepositoryFragments.invoke(RepositoryComposition.java:545)
	at org.springframework.data.repository.core.support.RepositoryComposition.invoke(RepositoryComposition.java:290)
	at org.springframework.data.repository.core.support.RepositoryFactorySupport$ImplementationMethodExecutionInterceptor.invoke(RepositoryFactorySupport.java:690)
	at org.springframework.aop.framework.ReflectiveMethodInvocation.proceed(ReflectiveMethodInvocation.java:179)
	at org.springframework.data.repository.core.support.QueryExecutorMethodInterceptor.doInvoke(QueryExecutorMethodInterceptor.java:171)
	at org.springframework.data.repository.core.support.QueryExecutorMethodInterceptor.invoke(QueryExecutorMethodInterceptor.java:146)
	at org.springframework.aop.framework.ReflectiveMethodInvocation.proceed(ReflectiveMethodInvocation.java:179)
	at org.springframework.data.projection.DefaultMethodInvokingMethodInterceptor.invoke(DefaultMethodInvokingMethodInterceptor.java:69)
	at org.springframework.aop.framework.ReflectiveMethodInvocation.proceed(ReflectiveMethodInvocation.java:179)
	at org.springframework.transaction.interceptor.TransactionInterceptor$1.proceedWithInvocation(TransactionInterceptor.java:133)
	at org.springframework.transaction.interceptor.TransactionAspectSupport.invokeWithinTransaction(TransactionAspectSupport.java:371)
	at org.springframework.transaction.interceptor.TransactionInterceptor.invoke(TransactionInterceptor.java:130)
	at org.springframework.aop.framework.ReflectiveMethodInvocation.proceed(ReflectiveMethodInvocation.java:179)
	at org.springframework.dao.support.PersistenceExceptionTranslationInterceptor.invoke(PersistenceExceptionTranslationInterceptor.java:135)
	... 140 more
Caused by: com.mysql.cj.jdbc.exceptions.MySQLTransactionRollbackException: Lock wait timeout exceeded; try restarting transaction
	at com.mysql.cj.jdbc.exceptions.SQLError.createSQLException(SQLError.java:115)
	at com.mysql.cj.jdbc.exceptions.SQLExceptionsMapping.translateException(SQLExceptionsMapping.java:114)
	at com.mysql.cj.jdbc.ClientPreparedStatement.executeInternal(ClientPreparedStatement.java:988)
	at com.mysql.cj.jdbc.ClientPreparedStatement.executeUpdateInternal(ClientPreparedStatement.java:1166)
	at com.mysql.cj.jdbc.ClientPreparedStatement.executeUpdateInternal(ClientPreparedStatement.java:1101)
	at com.mysql.cj.jdbc.ClientPreparedStatement.executeLargeUpdate(ClientPreparedStatement.java:1448)
	at com.mysql.cj.jdbc.ClientPreparedStatement.executeUpdate(ClientPreparedStatement.java:1084)
	at com.zaxxer.hikari.pool.ProxyPreparedStatement.executeUpdate(ProxyPreparedStatement.java:61)
	at com.zaxxer.hikari.pool.HikariProxyPreparedStatement.executeUpdate(HikariProxyPreparedStatement.java)
	at org.hibernate.engine.jdbc.internal.ResultSetReturnImpl.executeUpdate(ResultSetReturnImpl.java:185)
	... 189 more
2026-09-22 17:30:21 INFO  [http-nio-0.0.0.0-8081-exec-10] AuditAspect - Audited successful method. class=ProfileServiceImpl, method=changePassword, action=CHANGE_PASSWORD, screen=PROFILE, screenId=2, userId=2, username=Manoj.dava
2026-09-22 17:30:21 INFO  [http-nio-0.0.0.0-8081-exec-1] NotificationServiceImpl - Notification created successfully. notificationId=187, userId=2
2026-09-22 17:30:21 INFO  [http-nio-0.0.0.0-8081-exec-1] AuditLogServiceImpl - Audit log stored. auditId=765, userId=2, username=Manoj.dava
2026-09-22 17:30:21 INFO  [http-nio-0.0.0.0-8081-exec-1] AuditAspect - Audited successful method. class=NotificationServiceImpl, method=createNotification, action=CREATE_NOTIFICATION, screen=NOTIFICATIONS, screenId=null, userId=2, username=SYSTEM
2026-09-22 17:30:22 INFO  [http-nio-0.0.0.0-8081-exec-9] DashboardServiceImpl - Admin dashboard fetched. totalOrganizations=7, totalProjects=7
2026-09-22 17:30:37 INFO  [http-nio-0.0.0.0-8081-exec-5] NotificationServiceImpl - Notifications fetched for userId=2. page=0, size=10, totalElements=2
2026-09-22 17:31:18 WARN  [http-nio-0.0.0.0-8081-exec-1] error - HHH000247: ErrorCode: 1205, SQLState: 40001
2026-09-22 17:31:18 WARN  [http-nio-0.0.0.0-8081-exec-1] error - Lock wait timeout exceeded; try restarting transaction
2026-09-22 17:31:18 ERROR [http-nio-0.0.0.0-8081-exec-1] AuditAspect - Unable to save audit log. action=CHANGE_PASSWORD, screen=PROFILE, screenId=2, userId=2, username=Manoj.dava, error=could not execute statement [Lock wait timeout exceeded; try restarting transaction] [insert into audit_logs (action_date,action_name,action_screen,action_screen_id,details,user_id,username) values (?,?,?,?,?,?,?)]; SQL [insert into audit_logs (action_date,action_name,action_screen,action_screen_id,details,user_id,username) values (?,?,?,?,?,?,?)]
org.springframework.dao.CannotAcquireLockException: could not execute statement [Lock wait timeout exceeded; try restarting transaction] [insert into audit_logs (action_date,action_name,action_screen,action_screen_id,details,user_id,username) values (?,?,?,?,?,?,?)]; SQL [insert into audit_logs (action_date,action_name,action_screen,action_screen_id,details,user_id,username) values (?,?,?,?,?,?,?)]
	at org.springframework.orm.jpa.hibernate.HibernateExceptionTranslator.convertHibernateAccessException(HibernateExceptionTranslator.java:162)
	at org.springframework.orm.jpa.hibernate.HibernateExceptionTranslator.convertHibernateAccessException(HibernateExceptionTranslator.java:131)
	at org.springframework.orm.jpa.hibernate.HibernateExceptionTranslator.translateExceptionIfPossible(HibernateExceptionTranslator.java:109)
	at org.springframework.orm.jpa.vendor.HibernateJpaDialect.translateExceptionIfPossible(HibernateJpaDialect.java:223)
	at org.springframework.orm.jpa.AbstractEntityManagerFactoryBean.translateExceptionIfPossible(AbstractEntityManagerFactoryBean.java:577)
	at org.springframework.dao.support.ChainedPersistenceExceptionTranslator.translateExceptionIfPossible(ChainedPersistenceExceptionTranslator.java:61)
	at org.springframework.dao.support.DataAccessUtils.translateIfNecessary(DataAccessUtils.java:346)
	at org.springframework.dao.support.PersistenceExceptionTranslationInterceptor.invoke(PersistenceExceptionTranslationInterceptor.java:157)
	at org.springframework.aop.framework.ReflectiveMethodInvocation.proceed(ReflectiveMethodInvocation.java:179)
	at org.springframework.data.jpa.repository.support.CrudMethodMetadataPostProcessor$CrudMethodMetadataPopulatingMethodInterceptor.invoke(CrudMethodMetadataPostProcessor.java:166)
	at org.springframework.aop.framework.ReflectiveMethodInvocation.proceed(ReflectiveMethodInvocation.java:179)
	at org.springframework.aop.framework.JdkDynamicAopProxy.invoke(JdkDynamicAopProxy.java:222)
	at jdk.proxy4/jdk.proxy4.$Proxy165.save(Unknown Source)
	at com.induspathfinder.app.serviceimpl.AuditLogServiceImpl.saveAuditLog(AuditLogServiceImpl.java:105)
	at java.base/jdk.internal.reflect.DirectMethodHandleAccessor.invoke(DirectMethodHandleAccessor.java:103)
	at java.base/java.lang.reflect.Method.invoke(Method.java:580)
	at org.springframework.aop.support.AopUtils.invokeJoinpointUsingReflection(AopUtils.java:359)
	at org.springframework.aop.framework.ReflectiveMethodInvocation.invokeJoinpoint(ReflectiveMethodInvocation.java:190)
	at org.springframework.aop.framework.ReflectiveMethodInvocation.proceed(ReflectiveMethodInvocation.java:158)
	at org.springframework.transaction.interceptor.TransactionInterceptor$1.proceedWithInvocation(TransactionInterceptor.java:133)
	at org.springframework.transaction.interceptor.TransactionAspectSupport.invokeWithinTransaction(TransactionAspectSupport.java:371)
	at org.springframework.transaction.interceptor.TransactionInterceptor.invoke(TransactionInterceptor.java:130)
	at org.springframework.aop.framework.ReflectiveMethodInvocation.proceed(ReflectiveMethodInvocation.java:179)
	at org.springframework.aop.framework.CglibAopProxy$DynamicAdvisedInterceptor.intercept(CglibAopProxy.java:719)
	at com.induspathfinder.app.serviceimpl.AuditLogServiceImpl$$SpringCGLIB$$0.saveAuditLog(<generated>)
	at com.induspathfinder.app.aop.AuditAspect.saveAuditSafely(AuditAspect.java:429)
	at com.induspathfinder.app.aop.AuditAspect.auditMethod(AuditAspect.java:105)
	at java.base/jdk.internal.reflect.DirectMethodHandleAccessor.invoke(DirectMethodHandleAccessor.java:103)
	at java.base/java.lang.reflect.Method.invoke(Method.java:580)
	at org.springframework.aop.aspectj.AbstractAspectJAdvice.invokeAdviceMethodWithGivenArgs(AbstractAspectJAdvice.java:648)
	at org.springframework.aop.aspectj.AbstractAspectJAdvice.invokeAdviceMethod(AbstractAspectJAdvice.java:630)
	at org.springframework.aop.aspectj.AspectJAroundAdvice.invoke(AspectJAroundAdvice.java:70)
	at org.springframework.aop.framework.ReflectiveMethodInvocation.proceed(ReflectiveMethodInvocation.java:168)
	at org.springframework.transaction.interceptor.TransactionInterceptor$1.proceedWithInvocation(TransactionInterceptor.java:133)
	at org.springframework.transaction.interceptor.TransactionAspectSupport.invokeWithinTransaction(TransactionAspectSupport.java:371)
	at org.springframework.transaction.interceptor.TransactionInterceptor.invoke(TransactionInterceptor.java:130)
	at org.springframework.aop.framework.ReflectiveMethodInvocation.proceed(ReflectiveMethodInvocation.java:179)
	at org.springframework.aop.interceptor.ExposeInvocationInterceptor.invoke(ExposeInvocationInterceptor.java:96)
	at org.springframework.aop.framework.ReflectiveMethodInvocation.proceed(ReflectiveMethodInvocation.java:179)
	at org.springframework.aop.framework.CglibAopProxy$DynamicAdvisedInterceptor.intercept(CglibAopProxy.java:719)
	at com.induspathfinder.app.serviceimpl.ProfileServiceImpl$$SpringCGLIB$$0.changePassword(<generated>)
	at com.induspathfinder.app.controller.ProfileController.changePassword(ProfileController.java:60)
	at java.base/jdk.internal.reflect.DirectMethodHandleAccessor.invoke(DirectMethodHandleAccessor.java:103)
	at java.base/java.lang.reflect.Method.invoke(Method.java:580)
	at org.springframework.aop.support.AopUtils.invokeJoinpointUsingReflection(AopUtils.java:359)
	at org.springframework.aop.framework.ReflectiveMethodInvocation.invokeJoinpoint(ReflectiveMethodInvocation.java:190)
	at org.springframework.aop.framework.ReflectiveMethodInvocation.proceed(ReflectiveMethodInvocation.java:158)
	at org.springframework.security.authorization.method.AuthorizationManagerBeforeMethodInterceptor.proceed(AuthorizationManagerBeforeMethodInterceptor.java:271)
	at org.springframework.security.authorization.method.AuthorizationManagerBeforeMethodInterceptor.attemptAuthorization(AuthorizationManagerBeforeMethodInterceptor.java:266)
	at org.springframework.security.authorization.method.AuthorizationManagerBeforeMethodInterceptor.invoke(AuthorizationManagerBeforeMethodInterceptor.java:197)
	at org.springframework.security.config.annotation.method.configuration.DeferringMethodInterceptor.invoke(DeferringMethodInterceptor.java:44)
	at org.springframework.aop.framework.ReflectiveMethodInvocation.proceed(ReflectiveMethodInvocation.java:179)
	at org.springframework.aop.framework.CglibAopProxy$DynamicAdvisedInterceptor.intercept(CglibAopProxy.java:719)
	at com.induspathfinder.app.controller.ProfileController$$SpringCGLIB$$0.changePassword(<generated>)
	at java.base/jdk.internal.reflect.DirectMethodHandleAccessor.invoke(DirectMethodHandleAccessor.java:103)
	at java.base/java.lang.reflect.Method.invoke(Method.java:580)
	at org.springframework.web.method.support.InvocableHandlerMethod.doInvoke(InvocableHandlerMethod.java:252)
	at org.springframework.web.method.support.InvocableHandlerMethod.invokeForRequest(InvocableHandlerMethod.java:184)
	at org.springframework.web.servlet.mvc.method.annotation.ServletInvocableHandlerMethod.invokeAndHandle(ServletInvocableHandlerMethod.java:117)
	at org.springframework.web.servlet.mvc.method.annotation.RequestMappingHandlerAdapter.invokeHandlerMethod(RequestMappingHandlerAdapter.java:934)
	at org.springframework.web.servlet.mvc.method.annotation.RequestMappingHandlerAdapter.handleInternal(RequestMappingHandlerAdapter.java:853)
	at org.springframework.web.servlet.mvc.method.AbstractHandlerMethodAdapter.handle(AbstractHandlerMethodAdapter.java:86)
	at org.springframework.web.servlet.DispatcherServlet.doDispatch(DispatcherServlet.java:963)
	at org.springframework.web.servlet.DispatcherServlet.doService(DispatcherServlet.java:866)
	at org.springframework.web.servlet.FrameworkServlet.processRequest(FrameworkServlet.java:1000)
	at org.springframework.web.servlet.FrameworkServlet.doPut(FrameworkServlet.java:914)
	at jakarta.servlet.http.HttpServlet.service(HttpServlet.java:650)
	at org.springframework.web.servlet.FrameworkServlet.service(FrameworkServlet.java:874)
	at jakarta.servlet.http.HttpServlet.service(HttpServlet.java:710)
	at org.apache.catalina.core.ApplicationFilterChain.doFilter(ApplicationFilterChain.java:128)
	at org.apache.tomcat.websocket.server.WsFilter.doFilter(WsFilter.java:53)
	at org.apache.catalina.core.ApplicationFilterChain.doFilter(ApplicationFilterChain.java:107)
	at org.springframework.web.filter.OncePerRequestFilter.doFilter(OncePerRequestFilter.java:110)
	at org.apache.catalina.core.ApplicationFilterChain.doFilter(ApplicationFilterChain.java:107)
	at org.springframework.web.filter.CompositeFilter$VirtualFilterChain.doFilter(CompositeFilter.java:108)
	at org.springframework.security.web.FilterChainProxy.lambda$doFilterInternal$2(FilterChainProxy.java:235)
	at org.springframework.security.web.FilterChainProxy$VirtualFilterChain.doFilter(FilterChainProxy.java:376)
	at org.springframework.security.web.access.intercept.AuthorizationFilter.doFilter(AuthorizationFilter.java:101)
	at org.springframework.security.web.FilterChainProxy$VirtualFilterChain.doFilter(FilterChainProxy.java:385)
	at org.springframework.security.web.access.ExceptionTranslationFilter.doFilter(ExceptionTranslationFilter.java:126)
	at org.springframework.security.web.access.ExceptionTranslationFilter.doFilter(ExceptionTranslationFilter.java:120)
	at org.springframework.security.web.FilterChainProxy$VirtualFilterChain.doFilter(FilterChainProxy.java:385)
	at org.springframework.security.web.session.SessionManagementFilter.doFilter(SessionManagementFilter.java:132)
	at org.springframework.security.web.session.SessionManagementFilter.doFilter(SessionManagementFilter.java:86)
	at org.springframework.security.web.FilterChainProxy$VirtualFilterChain.doFilter(FilterChainProxy.java:385)
	at org.springframework.security.web.authentication.AnonymousAuthenticationFilter.doFilter(AnonymousAuthenticationFilter.java:100)
	at org.springframework.security.web.FilterChainProxy$VirtualFilterChain.doFilter(FilterChainProxy.java:385)
	at org.springframework.security.web.servletapi.SecurityContextHolderAwareRequestFilter.doFilter(SecurityContextHolderAwareRequestFilter.java:181)
	at org.springframework.security.web.FilterChainProxy$VirtualFilterChain.doFilter(FilterChainProxy.java:385)
	at org.springframework.security.web.savedrequest.RequestCacheAwareFilter.doFilter(RequestCacheAwareFilter.java:63)
	at org.springframework.security.web.FilterChainProxy$VirtualFilterChain.doFilter(FilterChainProxy.java:385)
	at com.induspathfinder.app.security.JwtAuthenticationFilter.doFilterInternal(JwtAuthenticationFilter.java:77)
	at org.springframework.web.filter.OncePerRequestFilter.doFilter(OncePerRequestFilter.java:116)
	at org.springframework.security.web.FilterChainProxy$VirtualFilterChain.doFilter(FilterChainProxy.java:385)
	at org.springframework.security.web.authentication.logout.LogoutFilter.doFilter(LogoutFilter.java:110)
	at org.springframework.security.web.authentication.logout.LogoutFilter.doFilter(LogoutFilter.java:96)
	at org.springframework.security.web.FilterChainProxy$VirtualFilterChain.doFilter(FilterChainProxy.java:385)
	at org.springframework.web.filter.CorsFilter.doFilterInternal(CorsFilter.java:91)
	at org.springframework.web.filter.OncePerRequestFilter.doFilter(OncePerRequestFilter.java:116)
	at org.springframework.security.web.FilterChainProxy$VirtualFilterChain.doFilter(FilterChainProxy.java:385)
	at org.springframework.security.web.header.HeaderWriterFilter.doHeadersAfter(HeaderWriterFilter.java:90)
	at org.springframework.security.web.header.HeaderWriterFilter.doFilterInternal(HeaderWriterFilter.java:75)
	at org.springframework.web.filter.OncePerRequestFilter.doFilter(OncePerRequestFilter.java:116)
	at org.springframework.security.web.FilterChainProxy$VirtualFilterChain.doFilter(FilterChainProxy.java:385)
	at org.springframework.security.web.context.SecurityContextHolderFilter.doFilter(SecurityContextHolderFilter.java:82)
	at org.springframework.security.web.context.SecurityContextHolderFilter.doFilter(SecurityContextHolderFilter.java:69)
	at org.springframework.security.web.FilterChainProxy$VirtualFilterChain.doFilter(FilterChainProxy.java:385)
	at org.springframework.security.web.context.request.async.WebAsyncManagerIntegrationFilter.doFilterInternal(WebAsyncManagerIntegrationFilter.java:62)
	at org.springframework.web.filter.OncePerRequestFilter.doFilter(OncePerRequestFilter.java:116)
	at org.springframework.security.web.FilterChainProxy$VirtualFilterChain.doFilter(FilterChainProxy.java:385)
	at org.springframework.security.web.session.DisableEncodeUrlFilter.doFilterInternal(DisableEncodeUrlFilter.java:42)
	at org.springframework.web.filter.OncePerRequestFilter.doFilter(OncePerRequestFilter.java:116)
	at org.springframework.security.web.FilterChainProxy$VirtualFilterChain.doFilter(FilterChainProxy.java:385)
	at org.springframework.security.web.FilterChainProxy.doFilterInternal(FilterChainProxy.java:237)
	at org.springframework.security.web.FilterChainProxy.doFilter(FilterChainProxy.java:195)
	at org.springframework.web.filter.CompositeFilter$VirtualFilterChain.doFilter(CompositeFilter.java:113)
	at org.springframework.web.filter.ServletRequestPathFilter.doFilter(ServletRequestPathFilter.java:52)
	at org.springframework.web.filter.CompositeFilter$VirtualFilterChain.doFilter(CompositeFilter.java:113)
	at org.springframework.web.filter.CompositeFilter.doFilter(CompositeFilter.java:74)
	at org.springframework.security.config.annotation.web.configuration.WebSecurityConfiguration$CompositeFilterChainProxy.doFilter(WebSecurityConfiguration.java:317)
	at org.springframework.web.filter.DelegatingFilterProxy.invokeDelegate(DelegatingFilterProxy.java:355)
	at org.springframework.web.filter.DelegatingFilterProxy.doFilter(DelegatingFilterProxy.java:272)
	at org.apache.catalina.core.ApplicationFilterChain.doFilter(ApplicationFilterChain.java:107)
	at org.springframework.web.filter.RequestContextFilter.doFilterInternal(RequestContextFilter.java:100)
	at org.springframework.web.filter.OncePerRequestFilter.doFilter(OncePerRequestFilter.java:116)
	at org.apache.catalina.core.ApplicationFilterChain.doFilter(ApplicationFilterChain.java:107)
	at org.springframework.web.filter.FormContentFilter.doFilterInternal(FormContentFilter.java:93)
	at org.springframework.web.filter.OncePerRequestFilter.doFilter(OncePerRequestFilter.java:116)
	at org.apache.catalina.core.ApplicationFilterChain.doFilter(ApplicationFilterChain.java:107)
	at org.springframework.web.filter.CharacterEncodingFilter.doFilterInternal(CharacterEncodingFilter.java:199)
	at org.springframework.web.filter.OncePerRequestFilter.doFilter(OncePerRequestFilter.java:116)
	at org.apache.catalina.core.ApplicationFilterChain.doFilter(ApplicationFilterChain.java:107)
	at org.apache.catalina.core.StandardWrapperValve.invoke(StandardWrapperValve.java:165)
	at org.apache.catalina.core.StandardContextValve.invoke(StandardContextValve.java:77)
	at org.apache.catalina.authenticator.AuthenticatorBase.invoke(AuthenticatorBase.java:492)
	at org.apache.catalina.core.StandardHostValve.invoke(StandardHostValve.java:113)
	at org.apache.catalina.valves.ErrorReportValve.invoke(ErrorReportValve.java:83)
	at org.apache.catalina.core.StandardEngineValve.invoke(StandardEngineValve.java:72)
	at org.apache.catalina.connector.CoyoteAdapter.service(CoyoteAdapter.java:341)
	at org.apache.coyote.http11.Http11Processor.service(Http11Processor.java:397)
	at org.apache.coyote.AbstractProcessorLight.process(AbstractProcessorLight.java:63)
	at org.apache.coyote.AbstractProtocol$ConnectionHandler.process(AbstractProtocol.java:1272)
	at org.apache.tomcat.util.net.NioEndpoint$SocketProcessor.doRun(NioEndpoint.java:1801)
	at org.apache.tomcat.util.net.SocketProcessorBase.run(SocketProcessorBase.java:52)
	at org.apache.tomcat.util.threads.ThreadPoolExecutor.runWorker(ThreadPoolExecutor.java:946)
	at org.apache.tomcat.util.threads.ThreadPoolExecutor$Worker.run(ThreadPoolExecutor.java:480)
	at org.apache.tomcat.util.threads.TaskThread$WrappingRunnable.run(TaskThread.java:57)
	at java.base/java.lang.Thread.run(Thread.java:1583)
Caused by: org.hibernate.exception.LockTimeoutException: could not execute statement [Lock wait timeout exceeded; try restarting transaction] [insert into audit_logs (action_date,action_name,action_screen,action_screen_id,details,user_id,username) values (?,?,?,?,?,?,?)]
	at org.hibernate.dialect.MySQLDialect.lambda$buildSQLExceptionConversionDelegate$0(MySQLDialect.java:1276)
	at org.hibernate.exception.internal.StandardSQLExceptionConverter.convert(StandardSQLExceptionConverter.java:34)
	at org.hibernate.engine.jdbc.spi.SqlExceptionHelper.convert(SqlExceptionHelper.java:115)
	at org.hibernate.engine.jdbc.internal.ResultSetReturnImpl.executeUpdate(ResultSetReturnImpl.java:189)
	at org.hibernate.id.insert.GetGeneratedKeysDelegate.performMutation(GetGeneratedKeysDelegate.java:96)
	at org.hibernate.engine.jdbc.mutation.internal.MutationExecutorSingleNonBatched.performNonBatchedOperations(MutationExecutorSingleNonBatched.java:45)
	at org.hibernate.engine.jdbc.mutation.internal.AbstractMutationExecutor.execute(AbstractMutationExecutor.java:65)
	at org.hibernate.engine.jdbc.mutation.internal.AbstractMutationExecutor.execute(AbstractMutationExecutor.java:54)
	at org.hibernate.persister.entity.mutation.InsertCoordinatorStandard.doStaticInserts(InsertCoordinatorStandard.java:183)
	at org.hibernate.persister.entity.mutation.InsertCoordinatorStandard.coordinateInsert(InsertCoordinatorStandard.java:123)
	at org.hibernate.persister.entity.mutation.InsertCoordinatorStandard.insert(InsertCoordinatorStandard.java:87)
	at org.hibernate.action.internal.EntityIdentityInsertAction.execute(EntityIdentityInsertAction.java:87)
	at org.hibernate.engine.spi.ActionQueue.execute(ActionQueue.java:667)
	at org.hibernate.engine.spi.ActionQueue.addResolvedEntityInsertAction(ActionQueue.java:291)
	at org.hibernate.engine.spi.ActionQueue.addInsertAction(ActionQueue.java:270)
	at org.hibernate.engine.spi.ActionQueue.addAction(ActionQueue.java:322)
	at org.hibernate.event.internal.AbstractSaveEventListener.addInsertAction(AbstractSaveEventListener.java:384)
	at org.hibernate.event.internal.AbstractSaveEventListener.performSaveOrReplicate(AbstractSaveEventListener.java:298)
	at org.hibernate.event.internal.AbstractSaveEventListener.performSave(AbstractSaveEventListener.java:228)
	at org.hibernate.event.internal.AbstractSaveEventListener.saveWithGeneratedId(AbstractSaveEventListener.java:144)
	at org.hibernate.event.internal.DefaultPersistEventListener.entityIsTransient(DefaultPersistEventListener.java:144)
	at org.hibernate.event.internal.DefaultPersistEventListener.persist(DefaultPersistEventListener.java:91)
	at org.hibernate.event.internal.DefaultPersistEventListener.onPersist(DefaultPersistEventListener.java:75)
	at org.hibernate.event.internal.DefaultPersistEventListener.onPersist(DefaultPersistEventListener.java:51)
	at org.hibernate.event.service.internal.EventListenerGroupImpl.fireEventOnEachListener(EventListenerGroupImpl.java:138)
	at org.hibernate.internal.SessionImpl.firePersist(SessionImpl.java:695)
	at org.hibernate.internal.SessionImpl.persist(SessionImpl.java:678)
	at java.base/jdk.internal.reflect.DirectMethodHandleAccessor.invoke(DirectMethodHandleAccessor.java:103)
	at java.base/java.lang.reflect.Method.invoke(Method.java:580)
	at org.springframework.orm.jpa.SharedEntityManagerCreator$SharedEntityHandlerInvocationHandler.invokeMethod(SharedEntityManagerCreator.java:239)
	at org.springframework.orm.jpa.SharedEntityManagerCreator$SharedEntityManagerInvocationHandler.invoke(SharedEntityManagerCreator.java:383)
	at jdk.proxy4/jdk.proxy4.$Proxy161.persist(Unknown Source)
	at org.springframework.data.jpa.repository.support.SimpleJpaRepository.save(SimpleJpaRepository.java:664)
	at java.base/jdk.internal.reflect.DirectMethodHandleAccessor.invoke(DirectMethodHandleAccessor.java:103)
	at java.base/java.lang.reflect.Method.invoke(Method.java:580)
	at org.springframework.aop.support.AopUtils.invokeJoinpointUsingReflection(AopUtils.java:359)
	at org.springframework.data.repository.core.support.RepositoryMethodInvoker$RepositoryFragmentMethodInvoker.lambda$new$0(RepositoryMethodInvoker.java:278)
	at org.springframework.data.repository.core.support.RepositoryMethodInvoker.doInvoke(RepositoryMethodInvoker.java:169)
	at org.springframework.data.repository.core.support.RepositoryMethodInvoker.invoke(RepositoryMethodInvoker.java:158)
	at org.springframework.data.repository.core.support.RepositoryComposition$RepositoryFragments.invoke(RepositoryComposition.java:545)
	at org.springframework.data.repository.core.support.RepositoryComposition.invoke(RepositoryComposition.java:290)
	at org.springframework.data.repository.core.support.RepositoryFactorySupport$ImplementationMethodExecutionInterceptor.invoke(RepositoryFactorySupport.java:690)
	at org.springframework.aop.framework.ReflectiveMethodInvocation.proceed(ReflectiveMethodInvocation.java:179)
	at org.springframework.data.repository.core.support.QueryExecutorMethodInterceptor.doInvoke(QueryExecutorMethodInterceptor.java:171)
	at org.springframework.data.repository.core.support.QueryExecutorMethodInterceptor.invoke(QueryExecutorMethodInterceptor.java:146)
	at org.springframework.aop.framework.ReflectiveMethodInvocation.proceed(ReflectiveMethodInvocation.java:179)
	at org.springframework.data.projection.DefaultMethodInvokingMethodInterceptor.invoke(DefaultMethodInvokingMethodInterceptor.java:69)
	at org.springframework.aop.framework.ReflectiveMethodInvocation.proceed(ReflectiveMethodInvocation.java:179)
	at org.springframework.transaction.interceptor.TransactionInterceptor$1.proceedWithInvocation(TransactionInterceptor.java:133)
	at org.springframework.transaction.interceptor.TransactionAspectSupport.invokeWithinTransaction(TransactionAspectSupport.java:371)
	at org.springframework.transaction.interceptor.TransactionInterceptor.invoke(TransactionInterceptor.java:130)
	at org.springframework.aop.framework.ReflectiveMethodInvocation.proceed(ReflectiveMethodInvocation.java:179)
	at org.springframework.dao.support.PersistenceExceptionTranslationInterceptor.invoke(PersistenceExceptionTranslationInterceptor.java:135)
	... 140 more
Caused by: com.mysql.cj.jdbc.exceptions.MySQLTransactionRollbackException: Lock wait timeout exceeded; try restarting transaction
	at com.mysql.cj.jdbc.exceptions.SQLError.createSQLException(SQLError.java:115)
	at com.mysql.cj.jdbc.exceptions.SQLExceptionsMapping.translateException(SQLExceptionsMapping.java:114)
	at com.mysql.cj.jdbc.ClientPreparedStatement.executeInternal(ClientPreparedStatement.java:988)
	at com.mysql.cj.jdbc.ClientPreparedStatement.executeUpdateInternal(ClientPreparedStatement.java:1166)
	at com.mysql.cj.jdbc.ClientPreparedStatement.executeUpdateInternal(ClientPreparedStatement.java:1101)
	at com.mysql.cj.jdbc.ClientPreparedStatement.executeLargeUpdate(ClientPreparedStatement.java:1448)
	at com.mysql.cj.jdbc.ClientPreparedStatement.executeUpdate(ClientPreparedStatement.java:1084)
	at com.zaxxer.hikari.pool.ProxyPreparedStatement.executeUpdate(ProxyPreparedStatement.java:61)
	at com.zaxxer.hikari.pool.HikariProxyPreparedStatement.executeUpdate(HikariProxyPreparedStatement.java)
	at org.hibernate.engine.jdbc.internal.ResultSetReturnImpl.executeUpdate(ResultSetReturnImpl.java:185)
	... 189 more
2026-09-22 17:31:18 INFO  [http-nio-0.0.0.0-8081-exec-1] AuditAspect - Audited successful method. class=ProfileServiceImpl, method=changePassword, action=CHANGE_PASSWORD, screen=PROFILE, screenId=2, userId=2, username=Manoj.dava
2026-09-22 17:31:28 INFO  [http-nio-0.0.0.0-8081-exec-2] AuditLogServiceImpl - Audit log stored. auditId=767, userId=2, username=Manoj.dava
2026-09-22 17:31:28 ERROR [http-nio-0.0.0.0-8081-exec-2] AuditAspect - Audited method failed. class=ProfileServiceImpl, method=changePassword, action=CHANGE_PASSWORD, screen=PROFILE, screenId=2, userId=2, username=Manoj.dava, error=Old password is incorrect
jakarta.validation.ValidationException: Old password is incorrect
	at com.induspathfinder.app.serviceimpl.ProfileServiceImpl.changePassword(ProfileServiceImpl.java:350)
	at java.base/jdk.internal.reflect.DirectMethodHandleAccessor.invoke(DirectMethodHandleAccessor.java:103)
	at java.base/java.lang.reflect.Method.invoke(Method.java:580)
	at org.springframework.aop.support.AopUtils.invokeJoinpointUsingReflection(AopUtils.java:359)
	at org.springframework.aop.framework.ReflectiveMethodInvocation.invokeJoinpoint(ReflectiveMethodInvocation.java:190)
	at org.springframework.aop.framework.ReflectiveMethodInvocation.proceed(ReflectiveMethodInvocation.java:158)
	at org.springframework.aop.aspectj.MethodInvocationProceedingJoinPoint.proceed(MethodInvocationProceedingJoinPoint.java:82)
	at com.induspathfinder.app.aop.AuditAspect.auditMethod(AuditAspect.java:67)
	at java.base/jdk.internal.reflect.DirectMethodHandleAccessor.invoke(DirectMethodHandleAccessor.java:103)
	at java.base/java.lang.reflect.Method.invoke(Method.java:580)
	at org.springframework.aop.aspectj.AbstractAspectJAdvice.invokeAdviceMethodWithGivenArgs(AbstractAspectJAdvice.java:648)
	at org.springframework.aop.aspectj.AbstractAspectJAdvice.invokeAdviceMethod(AbstractAspectJAdvice.java:630)
	at org.springframework.aop.aspectj.AspectJAroundAdvice.invoke(AspectJAroundAdvice.java:70)
	at org.springframework.aop.framework.ReflectiveMethodInvocation.proceed(ReflectiveMethodInvocation.java:168)
	at org.springframework.transaction.interceptor.TransactionInterceptor$1.proceedWithInvocation(TransactionInterceptor.java:133)
	at org.springframework.transaction.interceptor.TransactionAspectSupport.invokeWithinTransaction(TransactionAspectSupport.java:371)
	at org.springframework.transaction.interceptor.TransactionInterceptor.invoke(TransactionInterceptor.java:130)
	at org.springframework.aop.framework.ReflectiveMethodInvocation.proceed(ReflectiveMethodInvocation.java:179)
	at org.springframework.aop.interceptor.ExposeInvocationInterceptor.invoke(ExposeInvocationInterceptor.java:96)
	at org.springframework.aop.framework.ReflectiveMethodInvocation.proceed(ReflectiveMethodInvocation.java:179)
	at org.springframework.aop.framework.CglibAopProxy$DynamicAdvisedInterceptor.intercept(CglibAopProxy.java:719)
	at com.induspathfinder.app.serviceimpl.ProfileServiceImpl$$SpringCGLIB$$0.changePassword(<generated>)
	at com.induspathfinder.app.controller.ProfileController.changePassword(ProfileController.java:60)
	at java.base/jdk.internal.reflect.DirectMethodHandleAccessor.invoke(DirectMethodHandleAccessor.java:103)
	at java.base/java.lang.reflect.Method.invoke(Method.java:580)
	at org.springframework.aop.support.AopUtils.invokeJoinpointUsingReflection(AopUtils.java:359)
	at org.springframework.aop.framework.ReflectiveMethodInvocation.invokeJoinpoint(ReflectiveMethodInvocation.java:190)
	at org.springframework.aop.framework.ReflectiveMethodInvocation.proceed(ReflectiveMethodInvocation.java:158)
	at org.springframework.security.authorization.method.AuthorizationManagerBeforeMethodInterceptor.proceed(AuthorizationManagerBeforeMethodInterceptor.java:271)
	at org.springframework.security.authorization.method.AuthorizationManagerBeforeMethodInterceptor.attemptAuthorization(AuthorizationManagerBeforeMethodInterceptor.java:266)
	at org.springframework.security.authorization.method.AuthorizationManagerBeforeMethodInterceptor.invoke(AuthorizationManagerBeforeMethodInterceptor.java:197)
	at org.springframework.security.config.annotation.method.configuration.DeferringMethodInterceptor.invoke(DeferringMethodInterceptor.java:44)
	at org.springframework.aop.framework.ReflectiveMethodInvocation.proceed(ReflectiveMethodInvocation.java:179)
	at org.springframework.aop.framework.CglibAopProxy$DynamicAdvisedInterceptor.intercept(CglibAopProxy.java:719)
	at com.induspathfinder.app.controller.ProfileController$$SpringCGLIB$$0.changePassword(<generated>)
	at java.base/jdk.internal.reflect.DirectMethodHandleAccessor.invoke(DirectMethodHandleAccessor.java:103)
	at java.base/java.lang.reflect.Method.invoke(Method.java:580)
	at org.springframework.web.method.support.InvocableHandlerMethod.doInvoke(InvocableHandlerMethod.java:252)
	at org.springframework.web.method.support.InvocableHandlerMethod.invokeForRequest(InvocableHandlerMethod.java:184)
	at org.springframework.web.servlet.mvc.method.annotation.ServletInvocableHandlerMethod.invokeAndHandle(ServletInvocableHandlerMethod.java:117)
	at org.springframework.web.servlet.mvc.method.annotation.RequestMappingHandlerAdapter.invokeHandlerMethod(RequestMappingHandlerAdapter.java:934)
	at org.springframework.web.servlet.mvc.method.annotation.RequestMappingHandlerAdapter.handleInternal(RequestMappingHandlerAdapter.java:853)
	at org.springframework.web.servlet.mvc.method.AbstractHandlerMethodAdapter.handle(AbstractHandlerMethodAdapter.java:86)
	at org.springframework.web.servlet.DispatcherServlet.doDispatch(DispatcherServlet.java:963)
	at org.springframework.web.servlet.DispatcherServlet.doService(DispatcherServlet.java:866)
	at org.springframework.web.servlet.FrameworkServlet.processRequest(FrameworkServlet.java:1000)
	at org.springframework.web.servlet.FrameworkServlet.doPut(FrameworkServlet.java:914)
	at jakarta.servlet.http.HttpServlet.service(HttpServlet.java:650)
	at org.springframework.web.servlet.FrameworkServlet.service(FrameworkServlet.java:874)
	at jakarta.servlet.http.HttpServlet.service(HttpServlet.java:710)
	at org.apache.catalina.core.ApplicationFilterChain.doFilter(ApplicationFilterChain.java:128)
	at org.apache.tomcat.websocket.server.WsFilter.doFilter(WsFilter.java:53)
	at org.apache.catalina.core.ApplicationFilterChain.doFilter(ApplicationFilterChain.java:107)
	at org.springframework.web.filter.OncePerRequestFilter.doFilter(OncePerRequestFilter.java:110)
	at org.apache.catalina.core.ApplicationFilterChain.doFilter(ApplicationFilterChain.java:107)
	at org.springframework.web.filter.CompositeFilter$VirtualFilterChain.doFilter(CompositeFilter.java:108)
	at org.springframework.security.web.FilterChainProxy.lambda$doFilterInternal$2(FilterChainProxy.java:235)
	at org.springframework.security.web.FilterChainProxy$VirtualFilterChain.doFilter(FilterChainProxy.java:376)
	at org.springframework.security.web.access.intercept.AuthorizationFilter.doFilter(AuthorizationFilter.java:101)
	at org.springframework.security.web.FilterChainProxy$VirtualFilterChain.doFilter(FilterChainProxy.java:385)
	at org.springframework.security.web.access.ExceptionTranslationFilter.doFilter(ExceptionTranslationFilter.java:126)
	at org.springframework.security.web.access.ExceptionTranslationFilter.doFilter(ExceptionTranslationFilter.java:120)
	at org.springframework.security.web.FilterChainProxy$VirtualFilterChain.doFilter(FilterChainProxy.java:385)
	at org.springframework.security.web.session.SessionManagementFilter.doFilter(SessionManagementFilter.java:132)
	at org.springframework.security.web.session.SessionManagementFilter.doFilter(SessionManagementFilter.java:86)
	at org.springframework.security.web.FilterChainProxy$VirtualFilterChain.doFilter(FilterChainProxy.java:385)
	at org.springframework.security.web.authentication.AnonymousAuthenticationFilter.doFilter(AnonymousAuthenticationFilter.java:100)
	at org.springframework.security.web.FilterChainProxy$VirtualFilterChain.doFilter(FilterChainProxy.java:385)
	at org.springframework.security.web.servletapi.SecurityContextHolderAwareRequestFilter.doFilter(SecurityContextHolderAwareRequestFilter.java:181)
	at org.springframework.security.web.FilterChainProxy$VirtualFilterChain.doFilter(FilterChainProxy.java:385)
	at org.springframework.security.web.savedrequest.RequestCacheAwareFilter.doFilter(RequestCacheAwareFilter.java:63)
	at org.springframework.security.web.FilterChainProxy$VirtualFilterChain.doFilter(FilterChainProxy.java:385)
	at com.induspathfinder.app.security.JwtAuthenticationFilter.doFilterInternal(JwtAuthenticationFilter.java:77)
	at org.springframework.web.filter.OncePerRequestFilter.doFilter(OncePerRequestFilter.java:116)
	at org.springframework.security.web.FilterChainProxy$VirtualFilterChain.doFilter(FilterChainProxy.java:385)
	at org.springframework.security.web.authentication.logout.LogoutFilter.doFilter(LogoutFilter.java:110)
	at org.springframework.security.web.authentication.logout.LogoutFilter.doFilter(LogoutFilter.java:96)
	at org.springframework.security.web.FilterChainProxy$VirtualFilterChain.doFilter(FilterChainProxy.java:385)
	at org.springframework.web.filter.CorsFilter.doFilterInternal(CorsFilter.java:91)
	at org.springframework.web.filter.OncePerRequestFilter.doFilter(OncePerRequestFilter.java:116)
	at org.springframework.security.web.FilterChainProxy$VirtualFilterChain.doFilter(FilterChainProxy.java:385)
	at org.springframework.security.web.header.HeaderWriterFilter.doHeadersAfter(HeaderWriterFilter.java:90)
	at org.springframework.security.web.header.HeaderWriterFilter.doFilterInternal(HeaderWriterFilter.java:75)
	at org.springframework.web.filter.OncePerRequestFilter.doFilter(OncePerRequestFilter.java:116)
	at org.springframework.security.web.FilterChainProxy$VirtualFilterChain.doFilter(FilterChainProxy.java:385)
	at org.springframework.security.web.context.SecurityContextHolderFilter.doFilter(SecurityContextHolderFilter.java:82)
	at org.springframework.security.web.context.SecurityContextHolderFilter.doFilter(SecurityContextHolderFilter.java:69)
	at org.springframework.security.web.FilterChainProxy$VirtualFilterChain.doFilter(FilterChainProxy.java:385)
	at org.springframework.security.web.context.request.async.WebAsyncManagerIntegrationFilter.doFilterInternal(WebAsyncManagerIntegrationFilter.java:62)
	at org.springframework.web.filter.OncePerRequestFilter.doFilter(OncePerRequestFilter.java:116)
	at org.springframework.security.web.FilterChainProxy$VirtualFilterChain.doFilter(FilterChainProxy.java:385)
	at org.springframework.security.web.session.DisableEncodeUrlFilter.doFilterInternal(DisableEncodeUrlFilter.java:42)
	at org.springframework.web.filter.OncePerRequestFilter.doFilter(OncePerRequestFilter.java:116)
	at org.springframework.security.web.FilterChainProxy$VirtualFilterChain.doFilter(FilterChainProxy.java:385)
	at org.springframework.security.web.FilterChainProxy.doFilterInternal(FilterChainProxy.java:237)
	at org.springframework.security.web.FilterChainProxy.doFilter(FilterChainProxy.java:195)
	at org.springframework.web.filter.CompositeFilter$VirtualFilterChain.doFilter(CompositeFilter.java:113)
	at org.springframework.web.filter.ServletRequestPathFilter.doFilter(ServletRequestPathFilter.java:52)
	at org.springframework.web.filter.CompositeFilter$VirtualFilterChain.doFilter(CompositeFilter.java:113)
	at org.springframework.web.filter.CompositeFilter.doFilter(CompositeFilter.java:74)
	at org.springframework.security.config.annotation.web.configuration.WebSecurityConfiguration$CompositeFilterChainProxy.doFilter(WebSecurityConfiguration.java:317)
	at org.springframework.web.filter.DelegatingFilterProxy.invokeDelegate(DelegatingFilterProxy.java:355)
	at org.springframework.web.filter.DelegatingFilterProxy.doFilter(DelegatingFilterProxy.java:272)
	at org.apache.catalina.core.ApplicationFilterChain.doFilter(ApplicationFilterChain.java:107)
	at org.springframework.web.filter.RequestContextFilter.doFilterInternal(RequestContextFilter.java:100)
	at org.springframework.web.filter.OncePerRequestFilter.doFilter(OncePerRequestFilter.java:116)
	at org.apache.catalina.core.ApplicationFilterChain.doFilter(ApplicationFilterChain.java:107)
	at org.springframework.web.filter.FormContentFilter.doFilterInternal(FormContentFilter.java:93)
	at org.springframework.web.filter.OncePerRequestFilter.doFilter(OncePerRequestFilter.java:116)
	at org.apache.catalina.core.ApplicationFilterChain.doFilter(ApplicationFilterChain.java:107)
	at org.springframework.web.filter.CharacterEncodingFilter.doFilterInternal(CharacterEncodingFilter.java:199)
	at org.springframework.web.filter.OncePerRequestFilter.doFilter(OncePerRequestFilter.java:116)
	at org.apache.catalina.core.ApplicationFilterChain.doFilter(ApplicationFilterChain.java:107)
	at org.apache.catalina.core.StandardWrapperValve.invoke(StandardWrapperValve.java:165)
	at org.apache.catalina.core.StandardContextValve.invoke(StandardContextValve.java:77)
	at org.apache.catalina.authenticator.AuthenticatorBase.invoke(AuthenticatorBase.java:492)
	at org.apache.catalina.core.StandardHostValve.invoke(StandardHostValve.java:113)
	at org.apache.catalina.valves.ErrorReportValve.invoke(ErrorReportValve.java:83)
	at org.apache.catalina.core.StandardEngineValve.invoke(StandardEngineValve.java:72)
	at org.apache.catalina.connector.CoyoteAdapter.service(CoyoteAdapter.java:341)
	at org.apache.coyote.http11.Http11Processor.service(Http11Processor.java:397)
	at org.apache.coyote.AbstractProcessorLight.process(AbstractProcessorLight.java:63)
	at org.apache.coyote.AbstractProtocol$ConnectionHandler.process(AbstractProtocol.java:1272)
	at org.apache.tomcat.util.net.NioEndpoint$SocketProcessor.doRun(NioEndpoint.java:1801)
	at org.apache.tomcat.util.net.SocketProcessorBase.run(SocketProcessorBase.java:52)
	at org.apache.tomcat.util.threads.ThreadPoolExecutor.runWorker(ThreadPoolExecutor.java:946)
	at org.apache.tomcat.util.threads.ThreadPoolExecutor$Worker.run(ThreadPoolExecutor.java:480)
	at org.apache.tomcat.util.threads.TaskThread$WrappingRunnable.run(TaskThread.java:57)
	at java.base/java.lang.Thread.run(Thread.java:1583)
2026-09-22 17:31:28 WARN  [http-nio-0.0.0.0-8081-exec-2] ExceptionHandlerExceptionResolver - Resolved [jakarta.validation.ValidationException: Old password is incorrect]
2026-09-22 17:31:37 INFO  [http-nio-0.0.0.0-8081-exec-4] NotificationServiceImpl - Notifications fetched for userId=2. page=0, size=10, totalElements=3
2026-09-22 17:32:12 INFO  [http-nio-0.0.0.0-8081-exec-6] NotificationServiceImpl - Notifications fetched for userId=2. page=0, size=10, totalElements=3
2026-09-22 17:39:06 INFO  [File Watcher] LocalDevToolsAutoConfiguration$RestartingClassPathChangeChangedEventListener - Restarting due to 1 class path change (0 additions, 0 deletions, 1 modification)
2026-09-22 17:39:06 INFO  [Thread-1] GracefulShutdown - Commencing graceful shutdown. Waiting for active requests to complete
2026-09-22 17:39:06 INFO  [tomcat-shutdown] Http11NioProtocol - Pausing ProtocolHandler ["http-nio-0.0.0.0-8081"]
2026-09-22 17:39:06 INFO  [tomcat-shutdown] GracefulShutdown - Graceful shutdown complete
2026-09-22 17:39:06 INFO  [Thread-1] Http11NioProtocol - Stopping ProtocolHandler ["http-nio-0.0.0.0-8081"]
2026-09-22 17:39:06 INFO  [Thread-1] LocalContainerEntityManagerFactoryBean - Closing JPA EntityManagerFactory for persistence unit 'default'
2026-09-22 17:39:06 INFO  [Thread-1] HikariDataSource - HikariPool-1 - Shutdown initiated...
2026-09-22 17:39:06 INFO  [Thread-1] HikariDataSource - HikariPool-1 - Shutdown completed.
2026-09-22 17:39:08 INFO  [restartedMain] IndusPathFinderApplication - Starting IndusPathFinderApplication using Java 21.0.11 with PID 30164 (E:\Indus_Path_Finder(Git)\Induspathfinder\Development\BackEnd\IndusPathFinder\target\classes started by Bharath in E:\Indus_Path_Finder(Git)\Induspathfinder\Development\BackEnd\IndusPathFinder)
2026-09-22 17:39:08 INFO  [restartedMain] IndusPathFinderApplication - No active profile set, falling back to 1 default profile: "default"
2026-09-22 17:39:08 INFO  [restartedMain] RepositoryConfigurationDelegate - Bootstrapping Spring Data JPA repositories in DEFAULT mode.
2026-09-22 17:39:08 INFO  [restartedMain] RepositoryConfigurationDelegate - Finished Spring Data repository scanning in 65 ms. Found 8 JPA repository interfaces.
2026-09-22 17:39:09 INFO  [restartedMain] TomcatWebServer - Tomcat initialized with port 8081 (http)
2026-09-22 17:39:09 INFO  [restartedMain] Http11NioProtocol - Initializing ProtocolHandler ["http-nio-0.0.0.0-8081"]
2026-09-22 17:39:09 INFO  [restartedMain] StandardService - Starting service [Tomcat]
2026-09-22 17:39:09 INFO  [restartedMain] StandardEngine - Starting Servlet engine: [Apache Tomcat/11.0.22]
2026-09-22 17:39:09 INFO  [restartedMain] WebApplicationContextInitializer - Root WebApplicationContext: initialization completed in 1161 ms
2026-09-22 17:39:09 INFO  [restartedMain] jpa - HHH008540: Processing PersistenceUnitInfo [name: default]
2026-09-22 17:39:09 INFO  [restartedMain] SpringPersistenceUnitInfo - No LoadTimeWeaver setup: ignoring JPA class transformer
2026-09-22 17:39:09 INFO  [restartedMain] HikariDataSource - HikariPool-2 - Starting...
2026-09-22 17:39:09 INFO  [restartedMain] HikariPool - HikariPool-2 - Added connection com.mysql.cj.jdbc.ConnectionImpl@2c178134
2026-09-22 17:39:09 INFO  [restartedMain] HikariDataSource - HikariPool-2 - Start completed.
2026-09-22 17:39:09 WARN  [restartedMain] deprecation - HHH90000025: MySQLDialect does not need to be specified explicitly using 'hibernate.dialect' (remove the property setting and it will be selected by default)
2026-09-22 17:39:09 INFO  [restartedMain] pooling - HHH10001005: Database info:
	Database JDBC URL [jdbc:mysql://localhost:3306/indus_path_finder]
	Database driver: MySQL Connector/J
	Database dialect: MySQLDialect
	Database version: 8.0.45
	Default catalog/schema: indus_path_finder/undefined
	Autocommit mode: undefined/unknown
	Isolation level: REPEATABLE_READ [default REPEATABLE_READ]
	JDBC fetch size: none
	Pool: DataSourceConnectionProvider
	Minimum pool size: undefined/unknown
	Maximum pool size: undefined/unknown
2026-09-22 17:39:09 INFO  [restartedMain] core - HHH000489: No JTA platform available (set 'hibernate.transaction.jta.platform' to enable JTA platform integration)
2026-09-22 17:39:10 INFO  [restartedMain] LocalContainerEntityManagerFactoryBean - Initialized JPA EntityManagerFactory for persistence unit 'default'
2026-09-22 17:39:11 INFO  [restartedMain] InitializeUserDetailsBeanManagerConfigurer$InitializeUserDetailsManagerConfigurer - Global AuthenticationManager configured with UserDetailsService bean with name userDetailsServiceImpl
2026-09-22 17:39:11 INFO  [restartedMain] Http11NioProtocol - Starting ProtocolHandler ["http-nio-0.0.0.0-8081"]
2026-09-22 17:39:11 INFO  [restartedMain] TomcatWebServer - Tomcat started on port 8081 (http) with context path '/'
2026-09-22 17:39:11 INFO  [restartedMain] IndusPathFinderApplication - Started IndusPathFinderApplication in 3.736 seconds (process running for 21625.703)
2026-09-22 17:39:11 INFO  [restartedMain] ConditionEvaluationDeltaLoggingListener - Condition evaluation unchanged
2026-09-22 17:39:18 INFO  [http-nio-0.0.0.0-8081-exec-1] [/] - Initializing Spring DispatcherServlet 'dispatcherServlet'
2026-09-22 17:39:18 INFO  [http-nio-0.0.0.0-8081-exec-1] DispatcherServlet - Initializing Servlet 'dispatcherServlet'
2026-09-22 17:39:18 INFO  [http-nio-0.0.0.0-8081-exec-1] DispatcherServlet - Completed initialization in 2 ms
2026-09-22 17:39:18 INFO  [http-nio-0.0.0.0-8081-exec-5] NotificationServiceImpl - Notifications fetched for userId=2. page=0, size=10, totalElements=3
2026-09-22 17:39:19 INFO  [http-nio-0.0.0.0-8081-exec-4] AuditLogServiceImpl - Audit log stored. auditId=768, userId=2, username=Manoj.dava
2026-09-22 17:39:19 ERROR [http-nio-0.0.0.0-8081-exec-4] AuditAspect - Audited method failed. class=ProfileServiceImpl, method=changePassword, action=CHANGE_PASSWORD, screen=PROFILE, screenId=2, userId=2, username=Manoj.dava, error=Old password is incorrect
com.induspathfinder.app.exception.BadRequestException: Old password is incorrect
	at com.induspathfinder.app.serviceimpl.ProfileServiceImpl.changePassword(ProfileServiceImpl.java:350)
	at java.base/jdk.internal.reflect.DirectMethodHandleAccessor.invoke(DirectMethodHandleAccessor.java:103)
	at java.base/java.lang.reflect.Method.invoke(Method.java:580)
	at org.springframework.aop.support.AopUtils.invokeJoinpointUsingReflection(AopUtils.java:359)
	at org.springframework.aop.framework.ReflectiveMethodInvocation.invokeJoinpoint(ReflectiveMethodInvocation.java:190)
	at org.springframework.aop.framework.ReflectiveMethodInvocation.proceed(ReflectiveMethodInvocation.java:158)
	at org.springframework.aop.aspectj.MethodInvocationProceedingJoinPoint.proceed(MethodInvocationProceedingJoinPoint.java:82)
	at com.induspathfinder.app.aop.AuditAspect.auditMethod(AuditAspect.java:67)
	at java.base/jdk.internal.reflect.DirectMethodHandleAccessor.invoke(DirectMethodHandleAccessor.java:103)
	at java.base/java.lang.reflect.Method.invoke(Method.java:580)
	at org.springframework.aop.aspectj.AbstractAspectJAdvice.invokeAdviceMethodWithGivenArgs(AbstractAspectJAdvice.java:648)
	at org.springframework.aop.aspectj.AbstractAspectJAdvice.invokeAdviceMethod(AbstractAspectJAdvice.java:630)
	at org.springframework.aop.aspectj.AspectJAroundAdvice.invoke(AspectJAroundAdvice.java:70)
	at org.springframework.aop.framework.ReflectiveMethodInvocation.proceed(ReflectiveMethodInvocation.java:168)
	at org.springframework.transaction.interceptor.TransactionInterceptor$1.proceedWithInvocation(TransactionInterceptor.java:133)
	at org.springframework.transaction.interceptor.TransactionAspectSupport.invokeWithinTransaction(TransactionAspectSupport.java:371)
	at org.springframework.transaction.interceptor.TransactionInterceptor.invoke(TransactionInterceptor.java:130)
	at org.springframework.aop.framework.ReflectiveMethodInvocation.proceed(ReflectiveMethodInvocation.java:179)
	at org.springframework.aop.interceptor.ExposeInvocationInterceptor.invoke(ExposeInvocationInterceptor.java:96)
	at org.springframework.aop.framework.ReflectiveMethodInvocation.proceed(ReflectiveMethodInvocation.java:179)
	at org.springframework.aop.framework.CglibAopProxy$DynamicAdvisedInterceptor.intercept(CglibAopProxy.java:719)
	at com.induspathfinder.app.serviceimpl.ProfileServiceImpl$$SpringCGLIB$$0.changePassword(<generated>)
	at com.induspathfinder.app.controller.ProfileController.changePassword(ProfileController.java:60)
	at java.base/jdk.internal.reflect.DirectMethodHandleAccessor.invoke(DirectMethodHandleAccessor.java:103)
	at java.base/java.lang.reflect.Method.invoke(Method.java:580)
	at org.springframework.aop.support.AopUtils.invokeJoinpointUsingReflection(AopUtils.java:359)
	at org.springframework.aop.framework.ReflectiveMethodInvocation.invokeJoinpoint(ReflectiveMethodInvocation.java:190)
	at org.springframework.aop.framework.ReflectiveMethodInvocation.proceed(ReflectiveMethodInvocation.java:158)
	at org.springframework.security.authorization.method.AuthorizationManagerBeforeMethodInterceptor.proceed(AuthorizationManagerBeforeMethodInterceptor.java:271)
	at org.springframework.security.authorization.method.AuthorizationManagerBeforeMethodInterceptor.attemptAuthorization(AuthorizationManagerBeforeMethodInterceptor.java:266)
	at org.springframework.security.authorization.method.AuthorizationManagerBeforeMethodInterceptor.invoke(AuthorizationManagerBeforeMethodInterceptor.java:197)
	at org.springframework.security.config.annotation.method.configuration.DeferringMethodInterceptor.invoke(DeferringMethodInterceptor.java:44)
	at org.springframework.aop.framework.ReflectiveMethodInvocation.proceed(ReflectiveMethodInvocation.java:179)
	at org.springframework.aop.framework.CglibAopProxy$DynamicAdvisedInterceptor.intercept(CglibAopProxy.java:719)
	at com.induspathfinder.app.controller.ProfileController$$SpringCGLIB$$0.changePassword(<generated>)
	at java.base/jdk.internal.reflect.DirectMethodHandleAccessor.invoke(DirectMethodHandleAccessor.java:103)
	at java.base/java.lang.reflect.Method.invoke(Method.java:580)
	at org.springframework.web.method.support.InvocableHandlerMethod.doInvoke(InvocableHandlerMethod.java:252)
	at org.springframework.web.method.support.InvocableHandlerMethod.invokeForRequest(InvocableHandlerMethod.java:184)
	at org.springframework.web.servlet.mvc.method.annotation.ServletInvocableHandlerMethod.invokeAndHandle(ServletInvocableHandlerMethod.java:117)
	at org.springframework.web.servlet.mvc.method.annotation.RequestMappingHandlerAdapter.invokeHandlerMethod(RequestMappingHandlerAdapter.java:934)
	at org.springframework.web.servlet.mvc.method.annotation.RequestMappingHandlerAdapter.handleInternal(RequestMappingHandlerAdapter.java:853)
	at org.springframework.web.servlet.mvc.method.AbstractHandlerMethodAdapter.handle(AbstractHandlerMethodAdapter.java:86)
	at org.springframework.web.servlet.DispatcherServlet.doDispatch(DispatcherServlet.java:963)
	at org.springframework.web.servlet.DispatcherServlet.doService(DispatcherServlet.java:866)
	at org.springframework.web.servlet.FrameworkServlet.processRequest(FrameworkServlet.java:1000)
	at org.springframework.web.servlet.FrameworkServlet.doPut(FrameworkServlet.java:914)
	at jakarta.servlet.http.HttpServlet.service(HttpServlet.java:650)
	at org.springframework.web.servlet.FrameworkServlet.service(FrameworkServlet.java:874)
	at jakarta.servlet.http.HttpServlet.service(HttpServlet.java:710)
	at org.apache.catalina.core.ApplicationFilterChain.doFilter(ApplicationFilterChain.java:128)
	at org.apache.tomcat.websocket.server.WsFilter.doFilter(WsFilter.java:53)
	at org.apache.catalina.core.ApplicationFilterChain.doFilter(ApplicationFilterChain.java:107)
	at org.springframework.web.filter.OncePerRequestFilter.doFilter(OncePerRequestFilter.java:110)
	at org.apache.catalina.core.ApplicationFilterChain.doFilter(ApplicationFilterChain.java:107)
	at org.springframework.web.filter.CompositeFilter$VirtualFilterChain.doFilter(CompositeFilter.java:108)
	at org.springframework.security.web.FilterChainProxy.lambda$doFilterInternal$2(FilterChainProxy.java:235)
	at org.springframework.security.web.FilterChainProxy$VirtualFilterChain.doFilter(FilterChainProxy.java:376)
	at org.springframework.security.web.access.intercept.AuthorizationFilter.doFilter(AuthorizationFilter.java:101)
	at org.springframework.security.web.FilterChainProxy$VirtualFilterChain.doFilter(FilterChainProxy.java:385)
	at org.springframework.security.web.access.ExceptionTranslationFilter.doFilter(ExceptionTranslationFilter.java:126)
	at org.springframework.security.web.access.ExceptionTranslationFilter.doFilter(ExceptionTranslationFilter.java:120)
	at org.springframework.security.web.FilterChainProxy$VirtualFilterChain.doFilter(FilterChainProxy.java:385)
	at org.springframework.security.web.session.SessionManagementFilter.doFilter(SessionManagementFilter.java:132)
	at org.springframework.security.web.session.SessionManagementFilter.doFilter(SessionManagementFilter.java:86)
	at org.springframework.security.web.FilterChainProxy$VirtualFilterChain.doFilter(FilterChainProxy.java:385)
	at org.springframework.security.web.authentication.AnonymousAuthenticationFilter.doFilter(AnonymousAuthenticationFilter.java:100)
	at org.springframework.security.web.FilterChainProxy$VirtualFilterChain.doFilter(FilterChainProxy.java:385)
	at org.springframework.security.web.servletapi.SecurityContextHolderAwareRequestFilter.doFilter(SecurityContextHolderAwareRequestFilter.java:181)
	at org.springframework.security.web.FilterChainProxy$VirtualFilterChain.doFilter(FilterChainProxy.java:385)
	at org.springframework.security.web.savedrequest.RequestCacheAwareFilter.doFilter(RequestCacheAwareFilter.java:63)
	at org.springframework.security.web.FilterChainProxy$VirtualFilterChain.doFilter(FilterChainProxy.java:385)
	at com.induspathfinder.app.security.JwtAuthenticationFilter.doFilterInternal(JwtAuthenticationFilter.java:77)
	at org.springframework.web.filter.OncePerRequestFilter.doFilter(OncePerRequestFilter.java:116)
	at org.springframework.security.web.FilterChainProxy$VirtualFilterChain.doFilter(FilterChainProxy.java:385)
	at org.springframework.security.web.authentication.logout.LogoutFilter.doFilter(LogoutFilter.java:110)
	at org.springframework.security.web.authentication.logout.LogoutFilter.doFilter(LogoutFilter.java:96)
	at org.springframework.security.web.FilterChainProxy$VirtualFilterChain.doFilter(FilterChainProxy.java:385)
	at org.springframework.web.filter.CorsFilter.doFilterInternal(CorsFilter.java:91)
	at org.springframework.web.filter.OncePerRequestFilter.doFilter(OncePerRequestFilter.java:116)
	at org.springframework.security.web.FilterChainProxy$VirtualFilterChain.doFilter(FilterChainProxy.java:385)
	at org.springframework.security.web.header.HeaderWriterFilter.doHeadersAfter(HeaderWriterFilter.java:90)
	at org.springframework.security.web.header.HeaderWriterFilter.doFilterInternal(HeaderWriterFilter.java:75)
	at org.springframework.web.filter.OncePerRequestFilter.doFilter(OncePerRequestFilter.java:116)
	at org.springframework.security.web.FilterChainProxy$VirtualFilterChain.doFilter(FilterChainProxy.java:385)
	at org.springframework.security.web.context.SecurityContextHolderFilter.doFilter(SecurityContextHolderFilter.java:82)
	at org.springframework.security.web.context.SecurityContextHolderFilter.doFilter(SecurityContextHolderFilter.java:69)
	at org.springframework.security.web.FilterChainProxy$VirtualFilterChain.doFilter(FilterChainProxy.java:385)
	at org.springframework.security.web.context.request.async.WebAsyncManagerIntegrationFilter.doFilterInternal(WebAsyncManagerIntegrationFilter.java:62)
	at org.springframework.web.filter.OncePerRequestFilter.doFilter(OncePerRequestFilter.java:116)
	at org.springframework.security.web.FilterChainProxy$VirtualFilterChain.doFilter(FilterChainProxy.java:385)
	at org.springframework.security.web.session.DisableEncodeUrlFilter.doFilterInternal(DisableEncodeUrlFilter.java:42)
	at org.springframework.web.filter.OncePerRequestFilter.doFilter(OncePerRequestFilter.java:116)
	at org.springframework.security.web.FilterChainProxy$VirtualFilterChain.doFilter(FilterChainProxy.java:385)
	at org.springframework.security.web.FilterChainProxy.doFilterInternal(FilterChainProxy.java:237)
	at org.springframework.security.web.FilterChainProxy.doFilter(FilterChainProxy.java:195)
	at org.springframework.web.filter.CompositeFilter$VirtualFilterChain.doFilter(CompositeFilter.java:113)
	at org.springframework.web.filter.ServletRequestPathFilter.doFilter(ServletRequestPathFilter.java:52)
	at org.springframework.web.filter.CompositeFilter$VirtualFilterChain.doFilter(CompositeFilter.java:113)
	at org.springframework.web.filter.CompositeFilter.doFilter(CompositeFilter.java:74)
	at org.springframework.security.config.annotation.web.configuration.WebSecurityConfiguration$CompositeFilterChainProxy.doFilter(WebSecurityConfiguration.java:317)
	at org.springframework.web.filter.DelegatingFilterProxy.invokeDelegate(DelegatingFilterProxy.java:355)
	at org.springframework.web.filter.DelegatingFilterProxy.doFilter(DelegatingFilterProxy.java:272)
	at org.apache.catalina.core.ApplicationFilterChain.doFilter(ApplicationFilterChain.java:107)
	at org.springframework.web.filter.RequestContextFilter.doFilterInternal(RequestContextFilter.java:100)
	at org.springframework.web.filter.OncePerRequestFilter.doFilter(OncePerRequestFilter.java:116)
	at org.apache.catalina.core.ApplicationFilterChain.doFilter(ApplicationFilterChain.java:107)
	at org.springframework.web.filter.FormContentFilter.doFilterInternal(FormContentFilter.java:93)
	at org.springframework.web.filter.OncePerRequestFilter.doFilter(OncePerRequestFilter.java:116)
	at org.apache.catalina.core.ApplicationFilterChain.doFilter(ApplicationFilterChain.java:107)
	at org.springframework.web.filter.CharacterEncodingFilter.doFilterInternal(CharacterEncodingFilter.java:199)
	at org.springframework.web.filter.OncePerRequestFilter.doFilter(OncePerRequestFilter.java:116)
	at org.apache.catalina.core.ApplicationFilterChain.doFilter(ApplicationFilterChain.java:107)
	at org.apache.catalina.core.StandardWrapperValve.invoke(StandardWrapperValve.java:165)
	at org.apache.catalina.core.StandardContextValve.invoke(StandardContextValve.java:77)
	at org.apache.catalina.authenticator.AuthenticatorBase.invoke(AuthenticatorBase.java:492)
	at org.apache.catalina.core.StandardHostValve.invoke(StandardHostValve.java:113)
	at org.apache.catalina.valves.ErrorReportValve.invoke(ErrorReportValve.java:83)
	at org.apache.catalina.core.StandardEngineValve.invoke(StandardEngineValve.java:72)
	at org.apache.catalina.connector.CoyoteAdapter.service(CoyoteAdapter.java:341)
	at org.apache.coyote.http11.Http11Processor.service(Http11Processor.java:397)
	at org.apache.coyote.AbstractProcessorLight.process(AbstractProcessorLight.java:63)
	at org.apache.coyote.AbstractProtocol$ConnectionHandler.process(AbstractProtocol.java:1272)
	at org.apache.tomcat.util.net.NioEndpoint$SocketProcessor.doRun(NioEndpoint.java:1801)
	at org.apache.tomcat.util.net.SocketProcessorBase.run(SocketProcessorBase.java:52)
	at org.apache.tomcat.util.threads.ThreadPoolExecutor.runWorker(ThreadPoolExecutor.java:946)
	at org.apache.tomcat.util.threads.ThreadPoolExecutor$Worker.run(ThreadPoolExecutor.java:480)
	at org.apache.tomcat.util.threads.TaskThread$WrappingRunnable.run(TaskThread.java:57)
	at java.base/java.lang.Thread.run(Thread.java:1583)
2026-09-22 17:39:19 WARN  [http-nio-0.0.0.0-8081-exec-4] ExceptionHandlerExceptionResolver - Resolved [com.induspathfinder.app.exception.BadRequestException: Old password is incorrect]
2026-09-22 17:39:36 INFO  [http-nio-0.0.0.0-8081-exec-6] NotificationServiceImpl - Notifications fetched for userId=2. page=0, size=10, totalElements=3
2026-09-22 17:40:01 INFO  [http-nio-0.0.0.0-8081-exec-7] NotificationServiceImpl - Notifications fetched for userId=2. page=0, size=10, totalElements=3
2026-09-22 17:42:29 INFO  [http-nio-0.0.0.0-8081-exec-1] NotificationServiceImpl - Notifications fetched for userId=2. page=0, size=10, totalElements=3
2026-09-22 17:52:49 INFO  [http-nio-0.0.0.0-8081-exec-4] NotificationServiceImpl - Notifications fetched for userId=2. page=0, size=10, totalElements=3
2026-09-22 17:59:11 INFO  [http-nio-0.0.0.0-8081-exec-8] NotificationServiceImpl - Notifications fetched for userId=2. page=0, size=10, totalElements=3
2026-09-22 18:01:34 INFO  [http-nio-0.0.0.0-8081-exec-10] NotificationServiceImpl - Notifications fetched for userId=2. page=0, size=10, totalElements=3
2026-09-22 18:02:30 INFO  [http-nio-0.0.0.0-8081-exec-5] AuditLogServiceImpl - Audit log stored. auditId=769, userId=2, username=Manoj.dava
2026-09-22 18:02:30 ERROR [http-nio-0.0.0.0-8081-exec-5] AuditAspect - Audited method failed. class=ProfileServiceImpl, method=changePassword, action=CHANGE_PASSWORD, screen=PROFILE, screenId=2, userId=2, username=Manoj.dava, error=Old password is incorrect
com.induspathfinder.app.exception.BadRequestException: Old password is incorrect
	at com.induspathfinder.app.serviceimpl.ProfileServiceImpl.changePassword(ProfileServiceImpl.java:350)
	at java.base/jdk.internal.reflect.DirectMethodHandleAccessor.invoke(DirectMethodHandleAccessor.java:103)
	at java.base/java.lang.reflect.Method.invoke(Method.java:580)
	at org.springframework.aop.support.AopUtils.invokeJoinpointUsingReflection(AopUtils.java:359)
	at org.springframework.aop.framework.ReflectiveMethodInvocation.invokeJoinpoint(ReflectiveMethodInvocation.java:190)
	at org.springframework.aop.framework.ReflectiveMethodInvocation.proceed(ReflectiveMethodInvocation.java:158)
	at org.springframework.aop.aspectj.MethodInvocationProceedingJoinPoint.proceed(MethodInvocationProceedingJoinPoint.java:82)
	at com.induspathfinder.app.aop.AuditAspect.auditMethod(AuditAspect.java:67)
	at java.base/jdk.internal.reflect.DirectMethodHandleAccessor.invoke(DirectMethodHandleAccessor.java:103)
	at java.base/java.lang.reflect.Method.invoke(Method.java:580)
	at org.springframework.aop.aspectj.AbstractAspectJAdvice.invokeAdviceMethodWithGivenArgs(AbstractAspectJAdvice.java:648)
	at org.springframework.aop.aspectj.AbstractAspectJAdvice.invokeAdviceMethod(AbstractAspectJAdvice.java:630)
	at org.springframework.aop.aspectj.AspectJAroundAdvice.invoke(AspectJAroundAdvice.java:70)
	at org.springframework.aop.framework.ReflectiveMethodInvocation.proceed(ReflectiveMethodInvocation.java:168)
	at org.springframework.transaction.interceptor.TransactionInterceptor$1.proceedWithInvocation(TransactionInterceptor.java:133)
	at org.springframework.transaction.interceptor.TransactionAspectSupport.invokeWithinTransaction(TransactionAspectSupport.java:371)
	at org.springframework.transaction.interceptor.TransactionInterceptor.invoke(TransactionInterceptor.java:130)
	at org.springframework.aop.framework.ReflectiveMethodInvocation.proceed(ReflectiveMethodInvocation.java:179)
	at org.springframework.aop.interceptor.ExposeInvocationInterceptor.invoke(ExposeInvocationInterceptor.java:96)
	at org.springframework.aop.framework.ReflectiveMethodInvocation.proceed(ReflectiveMethodInvocation.java:179)
	at org.springframework.aop.framework.CglibAopProxy$DynamicAdvisedInterceptor.intercept(CglibAopProxy.java:719)
	at com.induspathfinder.app.serviceimpl.ProfileServiceImpl$$SpringCGLIB$$0.changePassword(<generated>)
	at com.induspathfinder.app.controller.ProfileController.changePassword(ProfileController.java:60)
	at java.base/jdk.internal.reflect.DirectMethodHandleAccessor.invoke(DirectMethodHandleAccessor.java:103)
	at java.base/java.lang.reflect.Method.invoke(Method.java:580)
	at org.springframework.aop.support.AopUtils.invokeJoinpointUsingReflection(AopUtils.java:359)
	at org.springframework.aop.framework.ReflectiveMethodInvocation.invokeJoinpoint(ReflectiveMethodInvocation.java:190)
	at org.springframework.aop.framework.ReflectiveMethodInvocation.proceed(ReflectiveMethodInvocation.java:158)
	at org.springframework.security.authorization.method.AuthorizationManagerBeforeMethodInterceptor.proceed(AuthorizationManagerBeforeMethodInterceptor.java:271)
	at org.springframework.security.authorization.method.AuthorizationManagerBeforeMethodInterceptor.attemptAuthorization(AuthorizationManagerBeforeMethodInterceptor.java:266)
	at org.springframework.security.authorization.method.AuthorizationManagerBeforeMethodInterceptor.invoke(AuthorizationManagerBeforeMethodInterceptor.java:197)
	at org.springframework.security.config.annotation.method.configuration.DeferringMethodInterceptor.invoke(DeferringMethodInterceptor.java:44)
	at org.springframework.aop.framework.ReflectiveMethodInvocation.proceed(ReflectiveMethodInvocation.java:179)
	at org.springframework.aop.framework.CglibAopProxy$DynamicAdvisedInterceptor.intercept(CglibAopProxy.java:719)
	at com.induspathfinder.app.controller.ProfileController$$SpringCGLIB$$0.changePassword(<generated>)
	at java.base/jdk.internal.reflect.DirectMethodHandleAccessor.invoke(DirectMethodHandleAccessor.java:103)
	at java.base/java.lang.reflect.Method.invoke(Method.java:580)
	at org.springframework.web.method.support.InvocableHandlerMethod.doInvoke(InvocableHandlerMethod.java:252)
	at org.springframework.web.method.support.InvocableHandlerMethod.invokeForRequest(InvocableHandlerMethod.java:184)
	at org.springframework.web.servlet.mvc.method.annotation.ServletInvocableHandlerMethod.invokeAndHandle(ServletInvocableHandlerMethod.java:117)
	at org.springframework.web.servlet.mvc.method.annotation.RequestMappingHandlerAdapter.invokeHandlerMethod(RequestMappingHandlerAdapter.java:934)
	at org.springframework.web.servlet.mvc.method.annotation.RequestMappingHandlerAdapter.handleInternal(RequestMappingHandlerAdapter.java:853)
	at org.springframework.web.servlet.mvc.method.AbstractHandlerMethodAdapter.handle(AbstractHandlerMethodAdapter.java:86)
	at org.springframework.web.servlet.DispatcherServlet.doDispatch(DispatcherServlet.java:963)
	at org.springframework.web.servlet.DispatcherServlet.doService(DispatcherServlet.java:866)
	at org.springframework.web.servlet.FrameworkServlet.processRequest(FrameworkServlet.java:1000)
	at org.springframework.web.servlet.FrameworkServlet.doPut(FrameworkServlet.java:914)
	at jakarta.servlet.http.HttpServlet.service(HttpServlet.java:650)
	at org.springframework.web.servlet.FrameworkServlet.service(FrameworkServlet.java:874)
	at jakarta.servlet.http.HttpServlet.service(HttpServlet.java:710)
	at org.apache.catalina.core.ApplicationFilterChain.doFilter(ApplicationFilterChain.java:128)
	at org.apache.tomcat.websocket.server.WsFilter.doFilter(WsFilter.java:53)
	at org.apache.catalina.core.ApplicationFilterChain.doFilter(ApplicationFilterChain.java:107)
	at org.springframework.web.filter.OncePerRequestFilter.doFilter(OncePerRequestFilter.java:110)
	at org.apache.catalina.core.ApplicationFilterChain.doFilter(ApplicationFilterChain.java:107)
	at org.springframework.web.filter.CompositeFilter$VirtualFilterChain.doFilter(CompositeFilter.java:108)
	at org.springframework.security.web.FilterChainProxy.lambda$doFilterInternal$2(FilterChainProxy.java:235)
	at org.springframework.security.web.FilterChainProxy$VirtualFilterChain.doFilter(FilterChainProxy.java:376)
	at org.springframework.security.web.access.intercept.AuthorizationFilter.doFilter(AuthorizationFilter.java:101)
	at org.springframework.security.web.FilterChainProxy$VirtualFilterChain.doFilter(FilterChainProxy.java:385)
	at org.springframework.security.web.access.ExceptionTranslationFilter.doFilter(ExceptionTranslationFilter.java:126)
	at org.springframework.security.web.access.ExceptionTranslationFilter.doFilter(ExceptionTranslationFilter.java:120)
	at org.springframework.security.web.FilterChainProxy$VirtualFilterChain.doFilter(FilterChainProxy.java:385)
	at org.springframework.security.web.session.SessionManagementFilter.doFilter(SessionManagementFilter.java:132)
	at org.springframework.security.web.session.SessionManagementFilter.doFilter(SessionManagementFilter.java:86)
	at org.springframework.security.web.FilterChainProxy$VirtualFilterChain.doFilter(FilterChainProxy.java:385)
	at org.springframework.security.web.authentication.AnonymousAuthenticationFilter.doFilter(AnonymousAuthenticationFilter.java:100)
	at org.springframework.security.web.FilterChainProxy$VirtualFilterChain.doFilter(FilterChainProxy.java:385)
	at org.springframework.security.web.servletapi.SecurityContextHolderAwareRequestFilter.doFilter(SecurityContextHolderAwareRequestFilter.java:181)
	at org.springframework.security.web.FilterChainProxy$VirtualFilterChain.doFilter(FilterChainProxy.java:385)
	at org.springframework.security.web.savedrequest.RequestCacheAwareFilter.doFilter(RequestCacheAwareFilter.java:63)
	at org.springframework.security.web.FilterChainProxy$VirtualFilterChain.doFilter(FilterChainProxy.java:385)
	at com.induspathfinder.app.security.JwtAuthenticationFilter.doFilterInternal(JwtAuthenticationFilter.java:77)
	at org.springframework.web.filter.OncePerRequestFilter.doFilter(OncePerRequestFilter.java:116)
	at org.springframework.security.web.FilterChainProxy$VirtualFilterChain.doFilter(FilterChainProxy.java:385)
	at org.springframework.security.web.authentication.logout.LogoutFilter.doFilter(LogoutFilter.java:110)
	at org.springframework.security.web.authentication.logout.LogoutFilter.doFilter(LogoutFilter.java:96)
	at org.springframework.security.web.FilterChainProxy$VirtualFilterChain.doFilter(FilterChainProxy.java:385)
	at org.springframework.web.filter.CorsFilter.doFilterInternal(CorsFilter.java:91)
	at org.springframework.web.filter.OncePerRequestFilter.doFilter(OncePerRequestFilter.java:116)
	at org.springframework.security.web.FilterChainProxy$VirtualFilterChain.doFilter(FilterChainProxy.java:385)
	at org.springframework.security.web.header.HeaderWriterFilter.doHeadersAfter(HeaderWriterFilter.java:90)
	at org.springframework.security.web.header.HeaderWriterFilter.doFilterInternal(HeaderWriterFilter.java:75)
	at org.springframework.web.filter.OncePerRequestFilter.doFilter(OncePerRequestFilter.java:116)
	at org.springframework.security.web.FilterChainProxy$VirtualFilterChain.doFilter(FilterChainProxy.java:385)
	at org.springframework.security.web.context.SecurityContextHolderFilter.doFilter(SecurityContextHolderFilter.java:82)
	at org.springframework.security.web.context.SecurityContextHolderFilter.doFilter(SecurityContextHolderFilter.java:69)
	at org.springframework.security.web.FilterChainProxy$VirtualFilterChain.doFilter(FilterChainProxy.java:385)
	at org.springframework.security.web.context.request.async.WebAsyncManagerIntegrationFilter.doFilterInternal(WebAsyncManagerIntegrationFilter.java:62)
	at org.springframework.web.filter.OncePerRequestFilter.doFilter(OncePerRequestFilter.java:116)
	at org.springframework.security.web.FilterChainProxy$VirtualFilterChain.doFilter(FilterChainProxy.java:385)
	at org.springframework.security.web.session.DisableEncodeUrlFilter.doFilterInternal(DisableEncodeUrlFilter.java:42)
	at org.springframework.web.filter.OncePerRequestFilter.doFilter(OncePerRequestFilter.java:116)
	at org.springframework.security.web.FilterChainProxy$VirtualFilterChain.doFilter(FilterChainProxy.java:385)
	at org.springframework.security.web.FilterChainProxy.doFilterInternal(FilterChainProxy.java:237)
	at org.springframework.security.web.FilterChainProxy.doFilter(FilterChainProxy.java:195)
	at org.springframework.web.filter.CompositeFilter$VirtualFilterChain.doFilter(CompositeFilter.java:113)
	at org.springframework.web.filter.ServletRequestPathFilter.doFilter(ServletRequestPathFilter.java:52)
	at org.springframework.web.filter.CompositeFilter$VirtualFilterChain.doFilter(CompositeFilter.java:113)
	at org.springframework.web.filter.CompositeFilter.doFilter(CompositeFilter.java:74)
	at org.springframework.security.config.annotation.web.configuration.WebSecurityConfiguration$CompositeFilterChainProxy.doFilter(WebSecurityConfiguration.java:317)
	at org.springframework.web.filter.DelegatingFilterProxy.invokeDelegate(DelegatingFilterProxy.java:355)
	at org.springframework.web.filter.DelegatingFilterProxy.doFilter(DelegatingFilterProxy.java:272)
	at org.apache.catalina.core.ApplicationFilterChain.doFilter(ApplicationFilterChain.java:107)
	at org.springframework.web.filter.RequestContextFilter.doFilterInternal(RequestContextFilter.java:100)
	at org.springframework.web.filter.OncePerRequestFilter.doFilter(OncePerRequestFilter.java:116)
	at org.apache.catalina.core.ApplicationFilterChain.doFilter(ApplicationFilterChain.java:107)
	at org.springframework.web.filter.FormContentFilter.doFilterInternal(FormContentFilter.java:93)
	at org.springframework.web.filter.OncePerRequestFilter.doFilter(OncePerRequestFilter.java:116)
	at org.apache.catalina.core.ApplicationFilterChain.doFilter(ApplicationFilterChain.java:107)
	at org.springframework.web.filter.CharacterEncodingFilter.doFilterInternal(CharacterEncodingFilter.java:199)
	at org.springframework.web.filter.OncePerRequestFilter.doFilter(OncePerRequestFilter.java:116)
	at org.apache.catalina.core.ApplicationFilterChain.doFilter(ApplicationFilterChain.java:107)
	at org.apache.catalina.core.StandardWrapperValve.invoke(StandardWrapperValve.java:165)
	at org.apache.catalina.core.StandardContextValve.invoke(StandardContextValve.java:77)
	at org.apache.catalina.authenticator.AuthenticatorBase.invoke(AuthenticatorBase.java:492)
	at org.apache.catalina.core.StandardHostValve.invoke(StandardHostValve.java:113)
	at org.apache.catalina.valves.ErrorReportValve.invoke(ErrorReportValve.java:83)
	at org.apache.catalina.core.StandardEngineValve.invoke(StandardEngineValve.java:72)
	at org.apache.catalina.connector.CoyoteAdapter.service(CoyoteAdapter.java:341)
	at org.apache.coyote.http11.Http11Processor.service(Http11Processor.java:397)
	at org.apache.coyote.AbstractProcessorLight.process(AbstractProcessorLight.java:63)
	at org.apache.coyote.AbstractProtocol$ConnectionHandler.process(AbstractProtocol.java:1272)
	at org.apache.tomcat.util.net.NioEndpoint$SocketProcessor.doRun(NioEndpoint.java:1801)
	at org.apache.tomcat.util.net.SocketProcessorBase.run(SocketProcessorBase.java:52)
	at org.apache.tomcat.util.threads.ThreadPoolExecutor.runWorker(ThreadPoolExecutor.java:946)
	at org.apache.tomcat.util.threads.ThreadPoolExecutor$Worker.run(ThreadPoolExecutor.java:480)
	at org.apache.tomcat.util.threads.TaskThread$WrappingRunnable.run(TaskThread.java:57)
	at java.base/java.lang.Thread.run(Thread.java:1583)
2026-09-22 18:02:30 WARN  [http-nio-0.0.0.0-8081-exec-5] ExceptionHandlerExceptionResolver - Resolved [com.induspathfinder.app.exception.BadRequestException: Old password is incorrect]
2026-09-22 18:02:34 INFO  [http-nio-0.0.0.0-8081-exec-4] NotificationServiceImpl - Notifications fetched for userId=2. page=0, size=10, totalElements=3
2026-09-22 18:02:40 INFO  [http-nio-0.0.0.0-8081-exec-6] AuditLogServiceImpl - Audit log stored. auditId=770, userId=2, username=Manoj.dava
2026-09-22 18:02:40 ERROR [http-nio-0.0.0.0-8081-exec-6] AuditAspect - Audited method failed. class=ProfileServiceImpl, method=changePassword, action=CHANGE_PASSWORD, screen=PROFILE, screenId=2, userId=2, username=Manoj.dava, error=Old password is incorrect
com.induspathfinder.app.exception.BadRequestException: Old password is incorrect
	at com.induspathfinder.app.serviceimpl.ProfileServiceImpl.changePassword(ProfileServiceImpl.java:350)
	at java.base/jdk.internal.reflect.DirectMethodHandleAccessor.invoke(DirectMethodHandleAccessor.java:103)
	at java.base/java.lang.reflect.Method.invoke(Method.java:580)
	at org.springframework.aop.support.AopUtils.invokeJoinpointUsingReflection(AopUtils.java:359)
	at org.springframework.aop.framework.ReflectiveMethodInvocation.invokeJoinpoint(ReflectiveMethodInvocation.java:190)
	at org.springframework.aop.framework.ReflectiveMethodInvocation.proceed(ReflectiveMethodInvocation.java:158)
	at org.springframework.aop.aspectj.MethodInvocationProceedingJoinPoint.proceed(MethodInvocationProceedingJoinPoint.java:82)
	at com.induspathfinder.app.aop.AuditAspect.auditMethod(AuditAspect.java:67)
	at java.base/jdk.internal.reflect.DirectMethodHandleAccessor.invoke(DirectMethodHandleAccessor.java:103)
	at java.base/java.lang.reflect.Method.invoke(Method.java:580)
	at org.springframework.aop.aspectj.AbstractAspectJAdvice.invokeAdviceMethodWithGivenArgs(AbstractAspectJAdvice.java:648)
	at org.springframework.aop.aspectj.AbstractAspectJAdvice.invokeAdviceMethod(AbstractAspectJAdvice.java:630)
	at org.springframework.aop.aspectj.AspectJAroundAdvice.invoke(AspectJAroundAdvice.java:70)
	at org.springframework.aop.framework.ReflectiveMethodInvocation.proceed(ReflectiveMethodInvocation.java:168)
	at org.springframework.transaction.interceptor.TransactionInterceptor$1.proceedWithInvocation(TransactionInterceptor.java:133)
	at org.springframework.transaction.interceptor.TransactionAspectSupport.invokeWithinTransaction(TransactionAspectSupport.java:371)
	at org.springframework.transaction.interceptor.TransactionInterceptor.invoke(TransactionInterceptor.java:130)
	at org.springframework.aop.framework.ReflectiveMethodInvocation.proceed(ReflectiveMethodInvocation.java:179)
	at org.springframework.aop.interceptor.ExposeInvocationInterceptor.invoke(ExposeInvocationInterceptor.java:96)
	at org.springframework.aop.framework.ReflectiveMethodInvocation.proceed(ReflectiveMethodInvocation.java:179)
	at org.springframework.aop.framework.CglibAopProxy$DynamicAdvisedInterceptor.intercept(CglibAopProxy.java:719)
	at com.induspathfinder.app.serviceimpl.ProfileServiceImpl$$SpringCGLIB$$0.changePassword(<generated>)
	at com.induspathfinder.app.controller.ProfileController.changePassword(ProfileController.java:60)
	at java.base/jdk.internal.reflect.DirectMethodHandleAccessor.invoke(DirectMethodHandleAccessor.java:103)
	at java.base/java.lang.reflect.Method.invoke(Method.java:580)
	at org.springframework.aop.support.AopUtils.invokeJoinpointUsingReflection(AopUtils.java:359)
	at org.springframework.aop.framework.ReflectiveMethodInvocation.invokeJoinpoint(ReflectiveMethodInvocation.java:190)
	at org.springframework.aop.framework.ReflectiveMethodInvocation.proceed(ReflectiveMethodInvocation.java:158)
	at org.springframework.security.authorization.method.AuthorizationManagerBeforeMethodInterceptor.proceed(AuthorizationManagerBeforeMethodInterceptor.java:271)
	at org.springframework.security.authorization.method.AuthorizationManagerBeforeMethodInterceptor.attemptAuthorization(AuthorizationManagerBeforeMethodInterceptor.java:266)
	at org.springframework.security.authorization.method.AuthorizationManagerBeforeMethodInterceptor.invoke(AuthorizationManagerBeforeMethodInterceptor.java:197)
	at org.springframework.security.config.annotation.method.configuration.DeferringMethodInterceptor.invoke(DeferringMethodInterceptor.java:44)
	at org.springframework.aop.framework.ReflectiveMethodInvocation.proceed(ReflectiveMethodInvocation.java:179)
	at org.springframework.aop.framework.CglibAopProxy$DynamicAdvisedInterceptor.intercept(CglibAopProxy.java:719)
	at com.induspathfinder.app.controller.ProfileController$$SpringCGLIB$$0.changePassword(<generated>)
	at java.base/jdk.internal.reflect.DirectMethodHandleAccessor.invoke(DirectMethodHandleAccessor.java:103)
	at java.base/java.lang.reflect.Method.invoke(Method.java:580)
	at org.springframework.web.method.support.InvocableHandlerMethod.doInvoke(InvocableHandlerMethod.java:252)
	at org.springframework.web.method.support.InvocableHandlerMethod.invokeForRequest(InvocableHandlerMethod.java:184)
	at org.springframework.web.servlet.mvc.method.annotation.ServletInvocableHandlerMethod.invokeAndHandle(ServletInvocableHandlerMethod.java:117)
	at org.springframework.web.servlet.mvc.method.annotation.RequestMappingHandlerAdapter.invokeHandlerMethod(RequestMappingHandlerAdapter.java:934)
	at org.springframework.web.servlet.mvc.method.annotation.RequestMappingHandlerAdapter.handleInternal(RequestMappingHandlerAdapter.java:853)
	at org.springframework.web.servlet.mvc.method.AbstractHandlerMethodAdapter.handle(AbstractHandlerMethodAdapter.java:86)
	at org.springframework.web.servlet.DispatcherServlet.doDispatch(DispatcherServlet.java:963)
	at org.springframework.web.servlet.DispatcherServlet.doService(DispatcherServlet.java:866)
	at org.springframework.web.servlet.FrameworkServlet.processRequest(FrameworkServlet.java:1000)
	at org.springframework.web.servlet.FrameworkServlet.doPut(FrameworkServlet.java:914)
	at jakarta.servlet.http.HttpServlet.service(HttpServlet.java:650)
	at org.springframework.web.servlet.FrameworkServlet.service(FrameworkServlet.java:874)
	at jakarta.servlet.http.HttpServlet.service(HttpServlet.java:710)
	at org.apache.catalina.core.ApplicationFilterChain.doFilter(ApplicationFilterChain.java:128)
	at org.apache.tomcat.websocket.server.WsFilter.doFilter(WsFilter.java:53)
	at org.apache.catalina.core.ApplicationFilterChain.doFilter(ApplicationFilterChain.java:107)
	at org.springframework.web.filter.OncePerRequestFilter.doFilter(OncePerRequestFilter.java:110)
	at org.apache.catalina.core.ApplicationFilterChain.doFilter(ApplicationFilterChain.java:107)
	at org.springframework.web.filter.CompositeFilter$VirtualFilterChain.doFilter(CompositeFilter.java:108)
	at org.springframework.security.web.FilterChainProxy.lambda$doFilterInternal$2(FilterChainProxy.java:235)
	at org.springframework.security.web.FilterChainProxy$VirtualFilterChain.doFilter(FilterChainProxy.java:376)
	at org.springframework.security.web.access.intercept.AuthorizationFilter.doFilter(AuthorizationFilter.java:101)
	at org.springframework.security.web.FilterChainProxy$VirtualFilterChain.doFilter(FilterChainProxy.java:385)
	at org.springframework.security.web.access.ExceptionTranslationFilter.doFilter(ExceptionTranslationFilter.java:126)
	at org.springframework.security.web.access.ExceptionTranslationFilter.doFilter(ExceptionTranslationFilter.java:120)
	at org.springframework.security.web.FilterChainProxy$VirtualFilterChain.doFilter(FilterChainProxy.java:385)
	at org.springframework.security.web.session.SessionManagementFilter.doFilter(SessionManagementFilter.java:132)
	at org.springframework.security.web.session.SessionManagementFilter.doFilter(SessionManagementFilter.java:86)
	at org.springframework.security.web.FilterChainProxy$VirtualFilterChain.doFilter(FilterChainProxy.java:385)
	at org.springframework.security.web.authentication.AnonymousAuthenticationFilter.doFilter(AnonymousAuthenticationFilter.java:100)
	at org.springframework.security.web.FilterChainProxy$VirtualFilterChain.doFilter(FilterChainProxy.java:385)
	at org.springframework.security.web.servletapi.SecurityContextHolderAwareRequestFilter.doFilter(SecurityContextHolderAwareRequestFilter.java:181)
	at org.springframework.security.web.FilterChainProxy$VirtualFilterChain.doFilter(FilterChainProxy.java:385)
	at org.springframework.security.web.savedrequest.RequestCacheAwareFilter.doFilter(RequestCacheAwareFilter.java:63)
	at org.springframework.security.web.FilterChainProxy$VirtualFilterChain.doFilter(FilterChainProxy.java:385)
	at com.induspathfinder.app.security.JwtAuthenticationFilter.doFilterInternal(JwtAuthenticationFilter.java:77)
	at org.springframework.web.filter.OncePerRequestFilter.doFilter(OncePerRequestFilter.java:116)
	at org.springframework.security.web.FilterChainProxy$VirtualFilterChain.doFilter(FilterChainProxy.java:385)
	at org.springframework.security.web.authentication.logout.LogoutFilter.doFilter(LogoutFilter.java:110)
	at org.springframework.security.web.authentication.logout.LogoutFilter.doFilter(LogoutFilter.java:96)
	at org.springframework.security.web.FilterChainProxy$VirtualFilterChain.doFilter(FilterChainProxy.java:385)
	at org.springframework.web.filter.CorsFilter.doFilterInternal(CorsFilter.java:91)
	at org.springframework.web.filter.OncePerRequestFilter.doFilter(OncePerRequestFilter.java:116)
	at org.springframework.security.web.FilterChainProxy$VirtualFilterChain.doFilter(FilterChainProxy.java:385)
	at org.springframework.security.web.header.HeaderWriterFilter.doHeadersAfter(HeaderWriterFilter.java:90)
	at org.springframework.security.web.header.HeaderWriterFilter.doFilterInternal(HeaderWriterFilter.java:75)
	at org.springframework.web.filter.OncePerRequestFilter.doFilter(OncePerRequestFilter.java:116)
	at org.springframework.security.web.FilterChainProxy$VirtualFilterChain.doFilter(FilterChainProxy.java:385)
	at org.springframework.security.web.context.SecurityContextHolderFilter.doFilter(SecurityContextHolderFilter.java:82)
	at org.springframework.security.web.context.SecurityContextHolderFilter.doFilter(SecurityContextHolderFilter.java:69)
	at org.springframework.security.web.FilterChainProxy$VirtualFilterChain.doFilter(FilterChainProxy.java:385)
	at org.springframework.security.web.context.request.async.WebAsyncManagerIntegrationFilter.doFilterInternal(WebAsyncManagerIntegrationFilter.java:62)
	at org.springframework.web.filter.OncePerRequestFilter.doFilter(OncePerRequestFilter.java:116)
	at org.springframework.security.web.FilterChainProxy$VirtualFilterChain.doFilter(FilterChainProxy.java:385)
	at org.springframework.security.web.session.DisableEncodeUrlFilter.doFilterInternal(DisableEncodeUrlFilter.java:42)
	at org.springframework.web.filter.OncePerRequestFilter.doFilter(OncePerRequestFilter.java:116)
	at org.springframework.security.web.FilterChainProxy$VirtualFilterChain.doFilter(FilterChainProxy.java:385)
	at org.springframework.security.web.FilterChainProxy.doFilterInternal(FilterChainProxy.java:237)
	at org.springframework.security.web.FilterChainProxy.doFilter(FilterChainProxy.java:195)
	at org.springframework.web.filter.CompositeFilter$VirtualFilterChain.doFilter(CompositeFilter.java:113)
	at org.springframework.web.filter.ServletRequestPathFilter.doFilter(ServletRequestPathFilter.java:52)
	at org.springframework.web.filter.CompositeFilter$VirtualFilterChain.doFilter(CompositeFilter.java:113)
	at org.springframework.web.filter.CompositeFilter.doFilter(CompositeFilter.java:74)
	at org.springframework.security.config.annotation.web.configuration.WebSecurityConfiguration$CompositeFilterChainProxy.doFilter(WebSecurityConfiguration.java:317)
	at org.springframework.web.filter.DelegatingFilterProxy.invokeDelegate(DelegatingFilterProxy.java:355)
	at org.springframework.web.filter.DelegatingFilterProxy.doFilter(DelegatingFilterProxy.java:272)
	at org.apache.catalina.core.ApplicationFilterChain.doFilter(ApplicationFilterChain.java:107)
	at org.springframework.web.filter.RequestContextFilter.doFilterInternal(RequestContextFilter.java:100)
	at org.springframework.web.filter.OncePerRequestFilter.doFilter(OncePerRequestFilter.java:116)
	at org.apache.catalina.core.ApplicationFilterChain.doFilter(ApplicationFilterChain.java:107)
	at org.springframework.web.filter.FormContentFilter.doFilterInternal(FormContentFilter.java:93)
	at org.springframework.web.filter.OncePerRequestFilter.doFilter(OncePerRequestFilter.java:116)
	at org.apache.catalina.core.ApplicationFilterChain.doFilter(ApplicationFilterChain.java:107)
	at org.springframework.web.filter.CharacterEncodingFilter.doFilterInternal(CharacterEncodingFilter.java:199)
	at org.springframework.web.filter.OncePerRequestFilter.doFilter(OncePerRequestFilter.java:116)
	at org.apache.catalina.core.ApplicationFilterChain.doFilter(ApplicationFilterChain.java:107)
	at org.apache.catalina.core.StandardWrapperValve.invoke(StandardWrapperValve.java:165)
	at org.apache.catalina.core.StandardContextValve.invoke(StandardContextValve.java:77)
	at org.apache.catalina.authenticator.AuthenticatorBase.invoke(AuthenticatorBase.java:492)
	at org.apache.catalina.core.StandardHostValve.invoke(StandardHostValve.java:113)
	at org.apache.catalina.valves.ErrorReportValve.invoke(ErrorReportValve.java:83)
	at org.apache.catalina.core.StandardEngineValve.invoke(StandardEngineValve.java:72)
	at org.apache.catalina.connector.CoyoteAdapter.service(CoyoteAdapter.java:341)
	at org.apache.coyote.http11.Http11Processor.service(Http11Processor.java:397)
	at org.apache.coyote.AbstractProcessorLight.process(AbstractProcessorLight.java:63)
	at org.apache.coyote.AbstractProtocol$ConnectionHandler.process(AbstractProtocol.java:1272)
	at org.apache.tomcat.util.net.NioEndpoint$SocketProcessor.doRun(NioEndpoint.java:1801)
	at org.apache.tomcat.util.net.SocketProcessorBase.run(SocketProcessorBase.java:52)
	at org.apache.tomcat.util.threads.ThreadPoolExecutor.runWorker(ThreadPoolExecutor.java:946)
	at org.apache.tomcat.util.threads.ThreadPoolExecutor$Worker.run(ThreadPoolExecutor.java:480)
	at org.apache.tomcat.util.threads.TaskThread$WrappingRunnable.run(TaskThread.java:57)
	at java.base/java.lang.Thread.run(Thread.java:1583)
2026-09-22 18:02:40 WARN  [http-nio-0.0.0.0-8081-exec-6] ExceptionHandlerExceptionResolver - Resolved [com.induspathfinder.app.exception.BadRequestException: Old password is incorrect]
2026-09-22 18:03:01 INFO  [http-nio-0.0.0.0-8081-exec-7] NotificationServiceImpl - Notifications fetched for userId=2. page=0, size=10, totalElements=3
2026-09-22 18:03:26 INFO  [http-nio-0.0.0.0-8081-exec-10] AuditLogServiceImpl - Audit log stored. auditId=771, userId=1, username=Ranju Bhai
2026-09-22 18:03:26 INFO  [http-nio-0.0.0.0-8081-exec-10] AuditAspect - Audited successful method. class=AuthServiceImpl, method=login, action=LOGIN, screen=AUTHENTICATION, screenId=1, userId=1, username=Ranju Bhai
2026-09-22 18:03:27 INFO  [http-nio-0.0.0.0-8081-exec-3] NotificationServiceImpl - Notifications fetched for userId=1. page=0, size=10, totalElements=5
2026-09-22 18:03:27 INFO  [http-nio-0.0.0.0-8081-exec-4] DashboardServiceImpl - Project Manager dashboard fetched. userId=1, totalProjects=4, totalActivities=25, totalDependencies=18
2026-09-22 18:33:24 INFO  [RMI TCP Connection(437)-127.0.0.1] SpringApplicationAdminMXBeanRegistrar$SpringApplicationAdmin - Application shutdown requested.
2026-09-22 18:33:25 INFO  [RMI TCP Connection(437)-127.0.0.1] GracefulShutdown - Commencing graceful shutdown. Waiting for active requests to complete
2026-09-22 18:33:25 INFO  [tomcat-shutdown] Http11NioProtocol - Pausing ProtocolHandler ["http-nio-0.0.0.0-8081"]
2026-09-22 18:33:25 INFO  [tomcat-shutdown] GracefulShutdown - Graceful shutdown complete
2026-09-22 18:33:25 INFO  [RMI TCP Connection(437)-127.0.0.1] Http11NioProtocol - Stopping ProtocolHandler ["http-nio-0.0.0.0-8081"]
2026-09-22 18:33:25 INFO  [RMI TCP Connection(437)-127.0.0.1] LocalContainerEntityManagerFactoryBean - Closing JPA EntityManagerFactory for persistence unit 'default'
2026-09-22 18:33:25 INFO  [RMI TCP Connection(437)-127.0.0.1] HikariDataSource - HikariPool-2 - Shutdown initiated...
2026-09-22 18:33:25 INFO  [RMI TCP Connection(437)-127.0.0.1] HikariDataSource - HikariPool-2 - Shutdown completed.
